date,Open,High,Low,Close,Volume,time,date_only,day_of_week,ret,mock_volume,vwap,vwap_bias,macd,signal,macd_hist,atr,rsi,rsi_fast,body_length,upper_shadow,lower_shadow,body_avg_5,momentum_explosion,daily_open,yesterday_close,gap_amplitude,intraday_trend,dist_from_ma20,recent_high_20,recent_low_20,pullback_from_high,bounce_from_low,gap_filled,spot_futures_proxy,bb_upper,bb_lower,bb_width,is_squeeze,vwap_5,slope_vwap,ma_20,slope_ma20,vol_surge_ratio,price_roc,pv_divergence,pc_ratio,foreign_net_oi,dealer_net_oi,foreign_net_oi_zscore,foreign_net_oi_momentum,dealer_net_oi_zscore,dealer_net_oi_momentum,dealer_relative_momentum,dealer_extreme_score
2026-06-12 00:00:00,43649.0,43653.0,43620.0,43645.0,78,00:00:00,2026-06-12,4,-6.873167155430071e-05,78,43639.333333333336,0.00012985227394240925,10.403441076472518,9.016479006643817,1.3869620698287015,43.642857142857146,60.18518518258459,95.99999999616,4.0,4.0,25.0,21.8,0,43649.0,43648.0,2.291055718475021e-05,-9.16401292125801e-05,0.0007004559268774962,43695.0,43551.0,-0.0011442956860052377,0.0021583890151775586,1,0.0001299263585042139,43680.37651409541,43548.52348590458,0.0030231500842227413,1,6891.315789473684,-3470.1521031654624,43614.45,-0.24074010386282638,0.8346709470215657,-6.873167155430071e-05,0,0.9595999999999999,32711.0,3843.0,0.0,923.0,0.0,379.0,-544.0,0.0
2026-06-12 00:01:00,43648.0,43724.0,43644.0,43724.0,314,00:01:00,2026-06-12,4,0.0018100584259366226,314,43685.792517006805,0.0008745974558735616,18.394493954496284,10.89208199621431,7.502411958281973,42.714285714285715,60.550458713003955,96.90721649184823,76.0,0.0,4.0,32.2,1,43649.0,43648.0,2.291055718475021e-05,0.0017182524227358769,0.002460066900980598,43724.0,43551.0,0.0,0.003972354251337421,0,0.0008759828917179527,43693.993970608026,43539.40602939197,0.003544237441531661,1,20645.61804511278,13108.068884675424,43616.7,0.5388134868451656,3.2008154943608482,0.0018100584259366226,0,0.9595999999999999,32711.0,3843.0,0.0,923.0,0.0,379.0,-544.0,0.0
2026-06-12 00:02:00,43720.0,43728.0,43667.0,43671.0,158,00:02:00,2026-06-12,4,-0.0012121489342237224,158,43686.61818181818,-0.0003575049401438716,20.217746278241975,12.757214852619844,7.460531425622131,44.57142857142857,51.72413792911369,58.5185185172181,49.0,8.0,4.0,38.4,1,43649.0,43648.0,2.291055718475021e-05,0.0005040207106691906,0.0012082084813024782,43728.0,43551.0,-0.00130351262349064,0.002755390232141564,0,-0.0003580648906119468,43698.79609338503,43537.80390661497,0.003690932172277638,1,9452.079452054795,182.57061766915737,43618.3,1.0203180870306945,1.5815815815657497,-0.0012121489342237224,0,0.9595999999999999,32711.0,3843.0,0.0,923.0,0.0,379.0,-544.0,0.0
2026-06-12 00:03:00,43678.0,43685.0,43627.0,43634.0,130,00:03:00,2026-06-12,4,-0.0008472441666094177,130,43679.36274509804,-0.001038539535541459,18.464251702520414,13.89862222259996,4.565629479920455,44.785714285714285,51.861702125728556,46.74556212934771,44.0,7.0,7.0,37.6,1,43649.0,43648.0,2.291055718475021e-05,-0.00034365048454717536,0.00037140800315460016,43728.0,43551.0,-0.002149652396633687,0.0019058115772312484,1,-0.0010400053441035778,43697.746297750025,43537.85370224998,0.0036657647909807767,1,7328.708010335918,634.7005916204556,43617.8,0.7680940605707102,1.2871287128585431,-0.0008472441666094177,0,0.9595999999999999,32711.0,3843.0,0.0,923.0,0.0,379.0,-544.0,0.0
2026-06-12 00:04:00,43639.0,43654.0,43608.0,43613.0,99,00:04:00,2026-06-12,4,-0.00048127606912040655,99,43672.454000855796,-0.0013613615771311965,15.20479866793903,14.159857511667775,1.0449411562712552,46.07142857142857,51.72413792911369,0.0,26.0,15.0,5.0,39.8,0,43649.0,43648.0,2.291055718475021e-05,-0.0008247611629132209,-0.00014099311884805904,43728.0,43551.0,-0.0026298938894986595,0.0014236182866064746,1,-0.0013630252046588408,43697.73558859271,43540.56441140729,0.0036032608885183098,1,5542.602053915276,-7315.361525237886,43619.15,0.5617114545585443,1.0030395136676489,-0.00048127606912040655,0,0.9595999999999999,32711.0,3843.0,0.0,923.0,0.0,379.0,-544.0,0.0
2026-06-12 00:05:00,43613.0,43632.0,43587.0,43628.0,94,00:05:00,2026-06-12,4,0.0003439341480750979,94,43666.33944253532,-0.000878009080329981,13.674403285658627,14.062766666465947,-0.3883633808073199,46.785714285714285,54.68749999800619,20.547945204635013,15.0,4.0,26.0,42.0,0,43649.0,43648.0,2.291055718475021e-05,-0.0004811106783660455,0.00016391244095429806,43728.0,43551.0,-0.0022868642517379647,0.0017680420656241702,1,-0.0008789247008097552,43698.61151123275,43543.088488767244,0.0035653368163505793,1,5158.5308176100625,-4542.438154718806,43620.85,0.584617007080889,0.9461499748269134,0.0003439341480750979,0,0.9595999999999999,32711.0,3843.0,0.0,923.0,0.0,379.0,-544.0,0.0
2026-06-12 00:06:00,43632.0,43664.0,43610.0,43662.0,69,00:06:00,2026-06-12,4,0.000779316035573574,69,43664.80077848549,-6.414270615137131e-05,15.03179262107733,14.256571857388225,0.775220763689104,48.357142857142854,57.24815724618802,69.999999997,30.0,2.0,22.0,32.8,0,43649.0,43648.0,2.291055718475021e-05,0.0002978304199408853,0.0008481375358165995,43728.0,43555.0,-0.0015093304061470567,0.002456663988061016,0,-6.420122602848285e-05,43702.21466998431,43547.78533001569,0.003539927563750382,1,5477.596363636364,-2525.8362648489615,43625.0,1.6507022362423343,0.7095115681160975,0.000779316035573574,-1,0.9595999999999999,32711.0,3843.0,0.0,923.0,0.0,379.0,-544.0,0.0
2026-06-12 00:07:00,43657.0,43693.0,43656.0,43681.0,90,00:07:00,2026-06-12,4,0.0004351610095736369,90,43665.83559431525,0.0003472830756209023,17.439641329779988,14.893185751866579,2.5464555779134095,48.07142857142857,60.72289156421658,99.99999999558824,24.0,12.0,1.0,27.8,0,43649.0,43648.0,2.291055718475021e-05,0.0007331210337006408,0.0012538308314020633,43728.0,43555.0,-0.0010748261983168435,0.002892894042015776,0,0.0003475977950170074,43706.4606282,43546.1393718,0.003674876310849075,0,8156.203319502075,4715.477027149296,43626.3,1.639188292298556,0.9394572024954128,0.0004351610095736369,0,0.9595999999999999,32711.0,3843.0,0.0,923.0,0.0,379.0,-544.0,0.0
2026-06-12 00:08:00,43680.0,43702.0,43670.0,43701.0,85,00:08:00,2026-06-12,4,0.00045786497561861594,85,43667.75052223217,0.0007614195228788029,20.722831727427547,16.059114946978774,4.663716780448773,47.214285714285715,66.830466828168,99.9999999958904,21.0,1.0,10.0,23.2,0,43649.0,43648.0,2.291055718475021e-05,0.0011913216797635412,0.0016629057415516997,43728.0,43555.0,-0.0006174533479692504,0.0033520835724944703,0,0.0007621054098375858,43714.29557737895,43542.60442262104,0.003935302646734037,0,8500.194508009154,6477.936855570202,43628.45,1.7422860856674147,0.8817427385800648,0.00045786497561861594,0,0.9595999999999999,32711.0,3843.0,0.0,923.0,0.0,379.0,-544.0,0.0
2026-06-12 00:09:00,43694.0,43711.0,43672.0,43707.0,72,00:09:00,2026-06-12,4,0.00013729662936778908,72,43669.50154191197,0.0008586875683029319,23.537606748628605,17.55481330730874,5.982793441319863,48.0,65.56122448745444,99.99999999333333,13.0,4.0,22.0,20.6,0,43649.0,43648.0,2.291055718475021e-05,0.0013287818735824115,0.0017005555453694329,43728.0,43555.0,-0.0004802414928649726,0.0034898404316380787,0,0.0008594098496549734,43725.3944183708,43540.205581629205,0.004244257456353744,0,7675.375609756097,4012.305946290487,43632.8,1.7879656160465125,0.7445708376344925,0.00013729662936778908,-1,0.9595999999999999,32711.0,3843.0,0.0,923.0,0.0,379.0,-544.0,0.0
2026-06-12 00:10:00,43705.0,43706.0,43675.0,43679.0,42,00:10:00,2026-06-12,4,-0.0006406296474249507,42,43670.087191984836,0.0002040941199860872,23.24106174532062,18.69206299491112,4.548998750409503,47.142857142857146,60.04901960578263,48.14814814547325,26.0,1.0,4.0,22.8,1,43649.0,43648.0,2.291055718475021e-05,0.0006873009690943507,0.0009682205938801363,43728.0,43555.0,-0.0011205634833516027,0.0028469750889679062,0,0.00020425004188359222,43730.18925692386,43543.31074307614,0.004282594690203117,0,5124.351955307263,-3717.2336753124273,43636.75,2.395344092897424,0.4365904365858982,-0.0006406296474249507,1,0.9595999999999999,32711.0,3843.0,0.0,923.0,0.0,379.0,-544.0,0.0
2026-06-12 00:11:00,43680.0,43712.0,43673.0,43711.0,100,00:11:00,2026-06-12,4,0.0007326175049795491,100,43672.23441021788,0.0008876484179395709,25.296577064720623,20.01296580887302,5.283611255847603,47.57142857142857,66.10978520065504,57.57575757314049,31.0,1.0,7.0,23.0,1,43649.0,43648.0,2.291055718475021e-05,0.0014204220027949914,0.0015649810850383078,43728.0,43555.0,-0.000388766922795454,0.0035816783377338175,0,0.0008882491179994821,43739.24472646486,43546.155273535136,0.004424324180898928,0,11236.760925449871,3219.416232019441,43642.7,3.266217342124233,1.028277634950866,0.0007326175049795491,0,0.9595999999999999,32711.0,3843.0,0.0,923.0,0.0,379.0,-544.0,0.0
2026-06-12 00:12:00,43704.0,43733.0,43700.0,43729.0,98,00:12:00,2026-06-12,4,0.00041179565784355,98,43675.55586657336,0.0012236623522298262,28.054640895417833,21.621300826181987,6.433340069235847,45.0,62.631578945060944,64.10256410009862,25.0,4.0,4.0,23.2,1,43649.0,43648.0,2.291055718475021e-05,0.0018328025842516019,0.0018328025842516019,43733.0,43555.0,-9.14641117691425e-05,0.003994948915164643,0,0.0012244068232178593,43750.93083309037,43547.06916690963,0.004670477357573867,0,10794.564231738035,4063.8905254580204,43649.0,3.7128032122616674,0.9834420471552087,0.00041179565784355,0,0.9595999999999999,32711.0,3843.0,0.0,923.0,0.0,379.0,-544.0,0.0
2026-06-12 00:13:00,43729.0,43747.0,43712.0,43747.0,52,00:13:00,2026-06-12,4,0.00041162615198153674,52,43677.65473778978,0.0015876599287786533,31.331703544594347,23.56338136986446,7.768322174729889,44.57142857142857,62.9242819820341,99.99999999558824,18.0,0.0,17.0,22.6,0,43649.0,43648.0,2.291055718475021e-05,0.0022451831657082123,0.00206726336706232,43747.0,43555.0,0.0,0.004408219492595468,0,0.001588420168936486,43763.87093508977,43549.62906491023,0.004907416841142198,0,6249.571428571428,2195.8278492147324,43656.75,4.583292752095424,0.5213032581401373,0.00041162615198153674,-1,0.9595999999999999,32711.0,3843.0,0.0,923.0,0.0,379.0,-544.0,0.0
2026-06-12 00:14:00,43745.0,43765.0,43731.0,43764.0,199,00:14:00,2026-06-12,4,0.00038859807529667556,199,43686.619047619046,0.001771273540225349,34.89827167663316,25.8303594312182,9.06791224541496,44.642857142857146,64.98740553926996,99.99999999433962,19.0,1.0,14.0,23.8,0,43649.0,43648.0,2.291055718475021e-05,0.002634653714861678,0.002227094986459899,43765.0,43555.0,-2.2849308808408025e-05,0.004798530593502358,0,0.0017720794971220059,43774.7517056288,43558.7482943712,0.004946633565758637,0,17737.34419551935,5785.104189007405,43666.75,5.5106581398499435,1.8755890669003243,0.00038859807529667556,0,0.9595999999999999,32711.0,3843.0,0.0,923.0,0.0,379.0,-544.0,0.0
2026-06-12 00:15:00,43755.0,43761.0,43724.0,43740.0,79,00:15:00,2026-06-12,4,-0.0005483959418700612,79,43689.091339776394,0.0011652487763519847,35.38036042193562,27.740359629361684,7.640000792573936,41.785714285714285,52.33918128440716,59.322033895288705,15.0,6.0,16.0,21.6,0,43649.0,43648.0,2.291055718475021e-05,0.002084812939586197,0.0014997309642926309,43765.0,43555.0,-0.0005712327202102006,0.004247503156927925,0,0.0011656380776792986,43780.01826979649,43568.98173020351,0.004832031038546041,0,6544.431818181818,-3937.2894748822137,43674.5,5.842058237302115,0.7264367816025155,-0.0005483959418700612,1,0.9595999999999999,32711.0,3843.0,0.0,923.0,0.0,379.0,-544.0,0.0
2026-06-12 00:16:00,43753.0,43772.0,43713.0,43724.0,145,00:16:00,2026-06-12,4,-0.00036579789666213447,145,43692.68907563025,0.000716617013788018,34.07851701245818,29.007991105980985,5.070525906477194,41.642857142857146,58.68852458747003,29.82456140193905,29.0,19.0,11.0,21.2,1,43649.0,43648.0,2.291055718475021e-05,0.0017182524227358769,0.0009878470771516688,43772.0,43564.0,-0.0010965914283103105,0.003672757322559828,0,0.0007168112426783479,43781.922720031354,43579.77727996864,0.0046277817410308435,0,11064.53752181501,7704.47405598214,43680.85,5.520337633927983,1.3321084060511519,-0.00036579789666213447,0,0.9595999999999999,32711.0,3843.0,0.0,923.0,0.0,379.0,-544.0,0.0
2026-06-12 00:17:00,43733.0,43738.0,43718.0,43738.0,31,00:17:00,2026-06-12,4,0.000320190284512023,31,43693.308182601206,0.001022852680598573,33.78700417582877,29.963793719950544,3.8232104558782254,38.92857142857143,68.43971630865903,25.925925924485597,5.0,0.0,15.0,17.2,0,43649.0,43648.0,2.291055718475021e-05,0.002038992874979907,0.0011227095180818443,43772.0,43585.0,-0.0007767522617198032,0.0035103820121600666,0,0.0010229547150662401,43780.12357649196,43597.77642350803,0.004173759108056515,0,2679.600790513834,-8489.288609965222,43688.95,5.083959763434899,0.293144208035053,0.000320190284512023,-1,0.9595999999999999,32711.0,3843.0,0.0,923.0,0.0,379.0,-544.0,0.0
2026-06-12 00:18:00,43730.0,43737.0,43698.0,43737.0,94,00:18:00,2026-06-12,4,-2.2863413964957502e-05,94,43694.73008049942,0.0009673917065673973,33.09380176335981,30.5897953286324,2.5040064347274082,38.5,73.66412213346833,45.1612903182102,7.0,0.0,32.0,15.0,0,43649.0,43648.0,2.291055718475021e-05,0.0020160828426767623,0.000980680480109982,43772.0,43587.0,-0.000799597916476268,0.0034413930759170526,0,0.0009674045495924768,43783.73682937637,43604.56317062363,0.004100632664847287,0,7502.332116788321,1463.687490708137,43694.15,4.4991928928783285,0.8855393311268437,-2.2863413964957502e-05,0,0.9595999999999999,32711.0,3843.0,0.0,923.0,0.0,379.0,-544.0,0.0
2026-06-12 00:19:00,43732.0,43738.0,43713.0,43720.0,40,00:19:00,2026-06-12,4,-0.0003886869241146451,40,43695.28951184147,0.0005655183529985697,30.817431761977787,30.63532261530148,0.18210914667630718,37.07142857142857,67.4242424206669,43.749999995898435,12.0,6.0,7.0,13.6,0,43649.0,43648.0,2.291055718475021e-05,0.0016266122935232968,0.0005091795344153759,43772.0,43587.0,-0.0011879740473361696,0.00305136852731312,0,0.0005654865103702653,43785.29156906011,43610.20843093989,0.004006685427057712,1,4495.629820051414,-5936.902187562958,43697.75,3.8689723299801755,0.38666022232589015,-0.0003886869241146451,1,0.9595999999999999,32711.0,3843.0,0.0,923.0,0.0,379.0,-544.0,0.0
2026-06-12 00:20:00,43727.0,43727.0,43710.0,43711.0,7,00:20:00,2026-06-12,4,-0.0002058554437328608,7,43695.35934489403,0.0003579477395417562,27.964806470168696,30.101219386274924,-2.1364129161062273,34.42857142857143,60.251046021575256,0.0,16.0,0.0,1.0,13.8,1,43649.0,43648.0,2.291055718475021e-05,0.0014204220027949914,0.00022768331653351263,43772.0,43587.0,-0.0013935849401443528,0.0028448849427580966,0,0.0003579011283703611,43785.12634373989,43616.97365626012,0.0038477951326059013,1,965.2271293375394,-6397.869664934494,43701.05,2.7695790354324883,0.07007007006936866,-0.0002058554437328608,1,0.9595999999999999,32711.0,3843.0,0.0,923.0,0.0,379.0,-544.0,0.0
2026-06-12 00:21:00,43725.0,43740.0,43722.0,43726.0,54,00:21:00,2026-06-12,4,0.0003431630482029213,54,43696.220657276994,0.000681508429678031,26.607737578066008,29.40252302463314,-2.7947854465671327,33.857142857142854,59.574468081557264,36.58536585098157,1.0,14.0,3.0,8.2,0,43649.0,43648.0,2.291055718475021e-05,0.0017640724873421668,0.000568634921506596,43772.0,43587.0,-0.0010509001187973808,0.003189024250349802,0,0.0006814315578195445,43785.34594938272,43616.954050617285,0.0038532601262307414,1,10447.805309734513,3926.076781318395,43701.15,1.6020451250339005,0.6214039125360022,0.0003431630482029213,-1,0.9595999999999999,32711.0,3843.0,0.0,923.0,0.0,379.0,-544.0,0.0
2026-06-12 00:22:00,43726.0,43726.0,43667.0,43702.0,197,00:22:00,2026-06-12,4,-0.0005488725243562032,197,43696.39951296376,0.00012816815798692843,23.326754969406466,28.187369413587806,-4.860614444181341,35.785714285714285,50.20920501797937,31.249999998046874,24.0,0.0,35.0,12.0,1,43649.0,43648.0,2.291055718475021e-05,0.0012142317120666863,-1.6017317007806696e-05,43772.0,43587.0,-0.001599195832952536,0.002638401358203074,0,0.0001281496803684322,43785.691692658685,43619.70830734131,0.003798012143812008,1,21962.48469387755,38852.96515278115,43702.7,1.132781436114466,2.2172200337398174,-0.0005488725243562032,0,0.9595999999999999,32711.0,3843.0,0.0,923.0,0.0,379.0,-544.0,0.0
2026-06-12 00:23:00,43704.0,43713.0,43657.0,43657.0,106,00:23:00,2026-06-12,4,-0.0010297011578417337,106,43695.496232360594,-0.0008810114469436605,16.900608994299546,25.930017329730155,-9.02940833543061,37.0,41.00719424253921,17.857142856505092,47.0,9.0,0.0,20.0,1,43649.0,43648.0,2.291055718475021e-05,0.0001832802584251602,-0.0010719879369894753,43772.0,43587.0,-0.002627250296993452,0.0016059834354279579,0,-0.000880843046106768,43783.39945497738,43624.30054502262,0.0036403866010604347,1,11454.559405940594,108672.16593675892,43703.85,0.6407168706462738,1.2093553907449017,-0.0010297011578417337,0,0.9595999999999999,32711.0,3843.0,0.0,923.0,0.0,379.0,-544.0,0.0
2026-06-12 00:24:00,43672.0,43709.0,43672.0,43677.0,46,00:24:00,2026-06-12,4,0.0004581166823189875,46,43695.320021514046,-0.0004192673610131564,13.268721304462815,23.397758124676688,-10.129036820213873,38.42857142857143,49.62962962705625,22.47191011160207,5.0,32.0,0.0,18.6,0,43649.0,43648.0,2.291055718475021e-05,0.0006414809044880607,-0.0006875321029445415,43772.0,43587.0,-0.002170337201864156,0.0020648358455502315,0,-0.0004191548391860244,43775.60032725049,43638.499672749516,0.003136808695644525,1,4900.346341463414,-5309.688306598109,43707.05,1.3500788880845138,0.5411764705818685,0.0004581166823189875,-1,0.9595999999999999,32711.0,3843.0,0.0,923.0,0.0,379.0,-544.0,0.0
2026-06-12 00:25:00,43687.0,43688.0,43656.0,43663.0,74,00:25:00,2026-06-12,4,-0.00032053483526794935,74,43694.55712233973,-0.0007222208993072142,9.155205635172024,20.549247626775756,-11.394041991603732,37.92857142857143,40.4761904739418,25.316455695241146,24.0,1.0,7.0,20.2,1,43649.0,43648.0,2.291055718475021e-05,0.00032074045224403033,-0.0010478439124387278,43772.0,43610.0,-0.0024901763684546632,0.0012153175877092132,0,-0.0007219855575931308,43770.27519823254,43647.32480176746,0.0028129437656736534,1,6773.714884696017,-6915.779348688942,43708.8,1.395794767830322,0.8809523809418934,-0.00032053483526794935,0,0.9595999999999999,32711.0,3843.0,0.0,923.0,0.0,379.0,-544.0,0.0
2026-06-12 00:26:00,43667.0,43675.0,43639.0,43650.0,76,00:26:00,2026-06-12,4,-0.0002977349243066252,76,43693.40395587676,-0.0009933754742613259,4.790995858544193,17.397597273129442,-12.60660141458525,38.142857142857146,34.00809716406431,42.55319148664554,17.0,8.0,11.0,23.4,0,43649.0,43648.0,2.291055718475021e-05,2.2910032303145025e-05,-0.0013315579227695436,43772.0,43639.0,-0.0027871698802887056,0.0002520681042186977,0,-0.0009930391980626236,43771.7960938708,43644.603906129196,0.002910030331644855,1,6648.09619238477,-4196.113567723158,43708.2,0.9953356512065974,0.9010077059762773,-0.0002977349243066252,0,0.9595999999999999,32711.0,3843.0,0.0,923.0,0.0,379.0,-544.0,0.0
2026-06-12 00:27:00,43654.0,43685.0,43635.0,43646.0,86,00:27:00,2026-06-12,4,-9.163802978240376e-05,86,43692.19803560467,-0.001057352060132612,0.9980566220619949,14.117689142915953,-13.119632520853958,39.214285714285715,28.326180255808737,0.0,8.0,31.0,11.0,20.2,0,43649.0,43648.0,2.291055718475021e-05,-6.873009690943507e-05,-0.0013830910540662926,43772.0,43635.0,-0.002878552499314565,0.00025209121118367707,1,-0.0010570072747768044,43774.93580335285,43637.964196647146,0.0031338991546030035,1,9674.113402061856,9741.693194634132,43706.45,-0.13727762454931658,1.0219845513841712,-9.163802978240376e-05,0,0.9595999999999999,32711.0,3843.0,0.0,923.0,0.0,379.0,-544.0,0.0
2026-06-12 00:28:00,43638.0,43659.0,43623.0,43659.0,69,00:28:00,2026-06-12,4,0.00029785089126144193,69,43691.0778256705,-0.0007341962539466972,-0.9479562455162522,11.104560065229514,-12.052516310745766,39.357142857142854,27.074235806205067,43.333333329,21.0,0.0,15.0,15.0,1,43649.0,43648.0,2.291055718475021e-05,0.00022910032303145023,-0.0010376541465551487,43772.0,43623.0,-0.0025815589874805226,0.0008252527336496614,0,-0.000733973292601329,43776.040196039976,43632.65980396002,0.0032806892696024847,1,8582.538461538461,2670.356824331584,43704.35,-1.0181016179818172,0.8278344331034453,0.00029785089126144193,0,0.9595999999999999,32711.0,3843.0,0.0,923.0,0.0,379.0,-544.0,0.0
2026-06-12 00:29:00,43659.0,43686.0,43651.0,43663.0,65,00:29:00,2026-06-12,4,9.161913923816378e-05,65,43690.52088452088,-0.0006299051593736733,-2.1427189623354934,8.455104259716512,-10.597823222052005,39.0,31.578947366305727,80.95238094081633,4.0,23.0,8.0,14.8,0,43649.0,43648.0,2.291055718475021e-05,0.00032074045224403033,-0.0008958369325079101,43772.0,43623.0,-0.0024901763684546632,0.0009169474818329571,0,-0.0006297375419946828,43776.160738892446,43628.13926110756,0.0033870525313945726,1,7670.527027027027,1537.9302661315671,43702.15,-1.384179627620363,0.7831325301110466,9.161913923816378e-05,-1,0.9595999999999999,32711.0,3843.0,0.0,923.0,0.0,379.0,-544.0,0.0
2026-06-12 00:30:00,43661.0,43669.0,43631.0,43633.0,87,00:30:00,2026-06-12,4,-0.0006870805945536906,87,43689.1522479564,-0.0012852675107475051,-5.447530561410531,5.674577295491104,-11.122107856901636,37.5,29.596412554195737,36.170212763648706,28.0,8.0,2.0,15.6,1,43649.0,43648.0,2.291055718475021e-05,-0.0003665605168503204,-0.0015297535346230483,43772.0,43623.0,-0.0031755460111486072,0.00022923687045823927,1,-0.0012849528764149005,43779.531669277014,43620.16833072298,0.003646770836834154,1,9911.412532637076,245.29289735702747,43699.85,-1.5100745999728975,1.0205278592255655,-0.0006870805945536906,0,0.9595999999999999,32711.0,3843.0,0.0,923.0,0.0,379.0,-544.0,0.0
2026-06-12 00:31:00,43632.0,43643.0,43600.0,43607.0,103,00:31:00,2026-06-12,4,-0.0005958792656933776,103,43686.69551387518,-0.0018242513638933027,-10.048764371946163,2.529908962003651,-12.578673333949814,39.142857142857146,22.12765957314984,6.666666666333327,25.0,11.0,7.0,17.2,1,43649.0,43648.0,2.291055718475021e-05,-0.000962221356732091,-0.0020059664054981434,43772.0,43600.0,-0.003769533034816692,0.00016055045871559266,1,-0.0018239192641474006,43784.22742900522,43605.07257099478,0.004100155465496087,0,10954.929268292683,2764.206437740751,43694.65,-2.219458703766808,1.206088992960116,-0.0005958792656933776,0,0.9595999999999999,32711.0,3843.0,0.0,923.0,0.0,379.0,-544.0,0.0
2026-06-12 00:32:00,43602.0,43646.0,43600.0,43630.0,79,00:32:00,2026-06-12,4,0.0005274382553259738,79,43685.14079538165,-0.0012622322917517205,-11.704445968556684,-0.31696202410841634,-11.387483944448267,39.57142857142857,29.182879375842177,29.113924049527327,28.0,16.0,2.0,21.2,1,43649.0,43648.0,2.291055718475021e-05,-0.00043529061375975544,-0.001366454793692695,43772.0,43600.0,-0.0032440829754180017,0.0006880733944953972,1,-0.0012621005724839302,43782.17952830546,43597.220471694534,0.004233470511606197,0,8552.779156327544,1150.1844999592736,43689.7,-2.84883009188435,0.9354647720433928,0.0005274382553259738,0,0.9595999999999999,32711.0,3843.0,0.0,923.0,0.0,379.0,-544.0,0.0
2026-06-12 00:33:00,43622.0,43631.0,43606.0,43616.0,56,00:33:00,2026-06-12,4,-0.0003208801283520746,56,43683.95032556186,-0.0015554986455082332,-13.985057521822455,-3.050581123651224,-10.934476398171231,39.57142857142857,29.527559053490606,36.50793650619804,6.0,9.0,10.0,18.2,0,43649.0,43648.0,2.291055718475021e-05,-0.0007560310660037858,-0.0015372059936153853,43772.0,43600.0,-0.003563922142008509,0.0003669724770642118,1,-0.0015555271440328919,43777.08676483237,43589.213235167634,0.004300823765335862,0,6262.810256410256,-3681.213211752024,43683.15,-3.821523414839431,0.6615475487222499,-0.0003208801283520746,1,0.9595999999999999,32711.0,3843.0,0.0,923.0,0.0,379.0,-544.0,0.0
2026-06-12 00:34:00,43615.0,43679.0,43611.0,43679.0,142,00:34:00,2026-06-12,4,0.0014444240645634654,142,43682.767691998386,-8.625121981627693e-05,-10.586846544785658,-4.557834207878111,-6.029012336907547,43.214285714285715,44.80519480315821,85.99999999741999,64.0,0.0,4.0,30.2,1,43649.0,43648.0,2.291055718475021e-05,0.0006873009690943507,2.2894349445279647e-06,43772.0,43600.0,-0.0021246458923512264,0.0018119266055045458,0,-8.625885721448829e-05,43764.78094573186,43593.019054268145,0.00393237676460967,0,13281.408993576017,2123.6830182162503,43678.9,-3.604560283696059,1.7359413202721767,0.0014444240645634654,0,0.9595999999999999,32711.0,3843.0,0.0,923.0,0.0,379.0,-544.0,0.0
2026-06-12 00:35:00,43674.0,43732.0,43674.0,43710.0,170,00:35:00,2026-06-12,4,0.0007097232079489313,170,43683.86813922357,0.0005982039111817808,-5.330848240337218,-4.712437014369932,-0.6184112259672858,45.285714285714285,47.530864195477065,87.03703703461935,36.0,22.0,0.0,31.8,1,43649.0,43648.0,2.291055718475021e-05,0.0013975119704918465,0.0007463814238026485,43772.0,43600.0,-0.0014164305949008176,0.0025229357798164562,0,0.000598292498556066,43759.763507490345,43595.03649250966,0.0037714473613512387,0,13510.363636363636,5796.460296029456,43677.4,-2.8153088714263625,1.9687319050148382,0.0007097232079489313,0,0.9595999999999999,32711.0,3843.0,0.0,923.0,0.0,379.0,-544.0,0.0
2026-06-12 00:36:00,43708.0,43715.0,43678.0,43694.0,107,00:36:00,2026-06-12,4,-0.0003660489590482374,107,43684.21950088134,0.0002238908976835259,-2.4285037198642385,-4.255650355468793,1.8271466356045547,43.714285714285715,48.73417721303077,85.45454545221487,14.0,7.0,16.0,29.6,0,43649.0,43648.0,2.291055718475021e-05,0.001030951453641526,0.00041441618833265326,43740.0,43600.0,-0.0010516689529034967,0.002155963302752244,0,0.00022393354501353175,43755.7443221974,43596.0556778026,0.0036562187475197706,1,8439.093862815884,3474.931408273318,43675.9,-1.659678846420187,1.2670219064385195,-0.0003660489590482374,0,0.9595999999999999,32711.0,3843.0,0.0,923.0,0.0,379.0,-544.0,0.0
2026-06-12 00:37:00,43701.0,43726.0,43685.0,43726.0,113,00:37:00,2026-06-12,4,0.0007323659999085574,113,43685.076722432095,0.0009367793452195055,2.42579473600199,-2.919361337174637,5.345156073176627,42.642857142857146,61.38613861102506,79.74683544000962,25.0,0.0,16.0,29.0,0,43649.0,43648.0,2.291055718475021e-05,0.0017640724873421668,0.0011608391928617761,43740.0,43600.0,-0.0003200731595793251,0.002889908256880668,0,0.0009369890434159306,43753.33939624388,43597.26060375613,0.003573616952550933,1,8403.125850340137,-3673.016278314612,43675.3,-0.8241965800417467,1.2761151891442561,0.0007323659999085574,0,0.9595999999999999,32711.0,3843.0,0.0,923.0,0.0,379.0,-544.0,0.0
2026-06-12 00:38:00,43728.0,43735.0,43698.0,43698.0,93,00:38:00,2026-06-12,4,-0.0006403512784155518,93,43685.695007458104,0.000281670980392903,3.9677574038723833,-1.541937588965233,5.509694992837616,41.57142857142857,53.376205785378566,42.10526315623269,30.0,7.0,0.0,33.8,0,43649.0,43648.0,2.291055718475021e-05,0.0011225915828541062,0.0005644174307672962,43740.0,43600.0,-0.0009602194787379754,0.0022477064220182974,0,0.00028175059943640854,43746.706447697106,43599.99355230289,0.0033593231431573774,1,6502.2624,-5187.204005006259,43673.35,-0.9272529958291726,1.0508474576152447,-0.0006403512784155518,0,0.9595999999999999,32711.0,3843.0,0.0,923.0,0.0,379.0,-544.0,0.0
2026-06-12 00:39:00,43697.0,43710.0,43670.0,43676.0,102,00:39:00,2026-06-12,4,-0.0005034555357225079,102,43685.6855507135,-0.00022170993979831255,3.3756454495887738,-0.5584209812544317,3.9340664308432056,42.142857142857146,52.03761755257515,39.024390242474716,21.0,13.0,6.0,25.2,0,43649.0,43648.0,2.291055718475021e-05,0.0006185708721849157,0.00011105729984207958,43740.0,43600.0,-0.0014631915866483434,0.001743119266055006,0,-0.00022178373396388007,43741.17939230892,43601.12060769108,0.0032071238018196334,1,7615.302564102564,-976.1608439302795,43671.15,-1.0875562953482354,1.1135371178917737,-0.0005034555357225079,0,0.9595999999999999,32711.0,3843.0,0.0,923.0,0.0,379.0,-544.0,0.0
2026-06-12 00:40:00,43674.0,43678.0,43643.0,43643.0,123,00:40:00,2026-06-12,4,-0.0007555636963091361,123,43684.73740888006,-0.0009554231375915718,0.240792545810109,-0.3985782758415236,0.6393708216516326,42.07142857142857,48.96755162039662,0.0,31.0,4.0,0.0,24.2,1,43649.0,43648.0,2.291055718475021e-05,-0.00013746019381887013,-0.0005667798317980532,43740.0,43600.0,-0.0022176497485138953,0.0009862385321100693,1,-0.0009557948115040526,43736.218586710245,43599.281413289755,0.0031358880047744034,1,9977.860594795538,1873.9868621528028,43667.75,-1.7286658591933908,1.2628336755517162,-0.0007555636963091361,0,0.9595999999999999,32711.0,3843.0,0.0,923.0,0.0,379.0,-544.0,0.0
2026-06-12 00:41:00,43665.0,43671.0,43644.0,43647.0,53,00:41:00,2026-06-12,4,9.165272781430644e-05,53,43684.33783010384,-0.0008547189212081419,-1.898944544569531,-0.6986515295871252,-1.2002930149824058,40.5,50.147492623297744,6.779661016604422,18.0,6.0,3.0,25.0,0,43649.0,43648.0,2.291055718475021e-05,-4.582006460629005e-05,-0.0003847580833551483,43735.0,43600.0,-0.0020121184406081626,0.001077981651376122,1,-0.0008551209492494553,43727.034234546845,43600.56576545316,0.0028964146293653276,1,4779.5268595041325,-2649.4402017609555,43663.8,-2.186688220618669,0.5444273240827485,9.165272781430644e-05,-1,0.9595999999999999,32711.0,3843.0,0.0,923.0,0.0,379.0,-544.0,0.0
2026-06-12 00:42:00,43646.0,43652.0,43618.0,43626.0,56,00:42:00,2026-06-12,4,-0.00048113272389860295,56,43683.62867973224,-0.0013192283121611552,-5.228950019431068,-1.6047112275559137,-3.624238791875154,40.357142857142854,45.24495677050885,6.896551723781215,20.0,6.0,8.0,24.0,0,43649.0,43648.0,2.291055718475021e-05,-0.0005269307429723356,-0.0007787448465414389,43735.0,43600.0,-0.002492283068480565,0.0005963302752293441,1,-0.0013199422751314198,43722.70062534552,43597.29937465448,0.0028722228742792907,1,5721.44262295082,-2486.9135864399223,43660.0,-2.553172975752059,0.6201550387528222,-0.00048113272389860295,1,0.9595999999999999,32711.0,3843.0,0.0,923.0,0.0,379.0,-544.0,0.0
2026-06-12 00:43:00,43620.0,43653.0,43617.0,43643.0,47,00:43:00,2026-06-12,4,0.00038967588135507825,47,43683.11188197767,-0.0009182468979325519,-6.42221413768857,-2.5682118095824453,-3.854002328106125,40.42857142857143,47.2222222203858,49.99999999642857,23.0,10.0,3.0,22.6,1,43649.0,43648.0,2.291055718475021e-05,-0.00013746019381887013,-0.0003733454269766702,43735.0,43600.0,-0.0021035783697267154,0.0009862385321100693,1,-0.0009187477118887978,43722.452613795824,43596.14738620418,0.002892974179421995,1,5383.782152230971,-4604.272026972238,43659.3,-1.9350664964412156,0.5380652547162214,0.00038967588135507825,-1,0.9595999999999999,32711.0,3843.0,0.0,923.0,0.0,379.0,-544.0,0.0
2026-06-12 00:44:00,43640.0,43654.0,43631.0,43647.0,32,00:44:00,2026-06-12,4,9.165272781430644e-05,32,43682.81473567584,-0.0008198815917095887,-6.964831733042956,-3.4475357942745477,-3.5172959387684086,39.357142857142854,52.09580838104987,49.99999999642857,7.0,7.0,9.0,19.8,0,43649.0,43648.0,2.291055718475021e-05,-4.582006460629005e-05,-0.0002473784753240581,43735.0,43600.0,-0.0020121184406081626,0.001077981651376122,1,-0.000820351361631621,43720.6066372438,43594.993362756206,0.0028772241039995406,1,4491.009646302251,-603.6522477704303,43657.8,-1.374136011982466,0.3693017888012775,9.165272781430644e-05,-1,0.9595999999999999,32711.0,3843.0,0.0,923.0,0.0,379.0,-544.0,0.0
2026-06-12 00:45:00,43650.0,43658.0,43624.0,43639.0,54,00:45:00,2026-06-12,4,-0.00018328865672323502,54,43682.276996405686,-0.000990722081846742,-7.948764815067989,-4.347781598433236,-3.600983216634753,38.714285714285715,55.06329113680099,72.4137930959572,11.0,8.0,15.0,15.8,0,43649.0,43648.0,2.291055718475021e-05,-0.00022910032303145023,-0.0004031463742022545,43735.0,43600.0,-0.0021950382988452683,0.0008944954128440163,1,-0.0009913047833703286,43719.903446299955,43593.29655370004,0.002900063051174634,1,9737.628099173553,7019.532906110654,43656.6,-0.7787448465417901,0.6304728546336197,-0.00018328865672323502,1,0.9595999999999999,32711.0,3843.0,0.0,923.0,0.0,379.0,-544.0,0.0
2026-06-12 00:46:00,43638.0,43663.0,43604.0,43604.0,106,00:46:00,2026-06-12,4,-0.0008020348770595431,106,43680.85597743215,-0.00175948881294482,-11.421091135001916,-5.7624435057469725,-5.6586476292549435,39.642857142857146,46.03658536388868,8.510638297329109,34.0,25.0,0.0,19.0,1,43649.0,43648.0,2.291055718475021e-05,-0.001030951453641526,-0.0011522347168549665,43735.0,43600.0,-0.002995312678632606,9.174311926605294e-05,1,-0.0017605591529848313,43721.81561221225,43586.78438778775,0.0030931941280583257,1,15667.877966101694,19101.990985294833,43654.3,-1.1452313710939022,1.2162937464002719,-0.0008020348770595431,0,0.9595999999999999,32711.0,3843.0,0.0,923.0,0.0,379.0,-544.0,0.0
2026-06-12 00:47:00,43607.0,43621.0,43590.0,43608.0,89,00:47:00,2026-06-12,4,9.17347032383109e-05,89,43679.369199731,-0.0016339338465409768,-13.69233151517983,-7.348421107633545,-6.343910407546286,40.07142857142857,48.742138362633995,8.510638297329109,1.0,13.0,17.0,15.2,0,43649.0,43648.0,2.291055718475021e-05,-0.000939311324428946,-0.0010171262061192613,43735.0,43590.0,-0.002903852749514053,0.0004129387474191234,1,-0.001634943318832411,43722.968816713845,43581.83118328616,0.003233215892543899,1,11832.658536585366,16347.43513928541,43652.4,-1.2368923766203186,1.0194730813170736,9.17347032383109e-05,0,0.9595999999999999,32711.0,3843.0,0.0,923.0,0.0,379.0,-544.0,0.0
2026-06-12 00:48:00,43608.0,43644.0,43598.0,43632.0,45,00:48:00,2026-06-12,4,0.0005503577325260967,45,43678.82290279627,-0.0010719817908205302,-13.40122547098872,-8.55898198030458,-4.84224349068414,38.5,41.57706092981334,44.44444444232805,24.0,12.0,10.0,15.4,1,43649.0,43648.0,2.291055718475021e-05,-0.00038947054915346543,-0.0004364156188683313,43735.0,43590.0,-0.002355093174802736,0.0009635237439779545,1,-0.001072663837325158,43722.11846215758,43579.981537842425,0.003256208597849385,1,6022.82208588957,-3814.8982231096547,43651.05,-1.2712854413755617,0.5226480836176232,0.0005503577325260967,-1,0.9595999999999999,32711.0,3843.0,0.0,923.0,0.0,379.0,-544.0,0.0
2026-06-12 00:49:00,43636.0,43652.0,43634.0,43642.0,22,00:49:00,2026-06-12,4,0.0002291895856252335,22,43678.64723203769,-0.0008390193918554182,-12.222709619025409,-9.291727508048746,-2.9309821109766627,35.785714285714285,36.821705424358505,99.99999999210526,6.0,10.0,2.0,15.2,0,43649.0,43648.0,2.291055718475021e-05,-0.00016037022612201517,-0.00018327605956471518,43735.0,43590.0,-0.0021264433520063537,0.0011929341592108009,1,-0.0008395700352277574,43720.945494258245,43579.054505741755,0.003250652657880575,1,3038.3670886075947,-8060.76668762594,43650.0,-0.9850117857812197,0.2620607504435728,0.0002291895856252335,-1,0.9595999999999999,32711.0,3843.0,0.0,923.0,0.0,379.0,-544.0,0.0
2026-06-12 00:50:00,43634.0,43634.0,43604.0,43614.0,23,00:50:00,2026-06-12,4,-0.0006415837954264481,23,43678.337361752,-0.0014729810161760986,-13.393699084081163,-10.11212182325523,-3.2815772608259337,35.857142857142854,35.18518518336077,54.838709674765866,20.0,0.0,10.0,17.0,1,43649.0,43648.0,2.291055718475021e-05,-0.0008018511306100758,-0.0008029957123924142,43735.0,43590.0,-0.0027666628558362235,0.0005505849965588311,1,-0.0014739693476031187,43721.447949940215,43576.65205005979,0.0033172749436796664,1,3519.7263157894736,-7025.413769097755,43649.05,-0.7674263041662188,0.28482972135870177,-0.0006415837954264481,1,0.9595999999999999,32711.0,3843.0,0.0,923.0,0.0,379.0,-544.0,0.0
2026-06-12 00:51:00,43624.0,43624.0,43572.0,43590.0,108,00:51:00,2026-06-12,4,-0.0005502820195349978,108,43676.41325033984,-0.00197848779029878,-16.073036139794567,-11.304304686563096,-4.768731453231471,36.642857142857146,24.045801525432665,16.12903225728408,34.0,0.0,18.0,17.0,1,43649.0,43648.0,2.291055718475021e-05,-0.0013516919058855564,-0.001333388318418532,43735.0,43572.0,-0.003315422430547541,0.00041310933627099027,1,-0.0019797666419197413,43723.03483566647,43573.365164333525,0.0034289998518367408,0,16403.205574912892,17235.08239325675,43648.2,-0.6529052565759176,1.3333333333168724,-0.0005502820195349978,0,0.9595999999999999,32711.0,3843.0,0.0,923.0,0.0,379.0,-544.0,0.0
2026-06-12 00:52:00,43587.0,43595.0,43540.0,43540.0,94,00:52:00,2026-06-12,4,-0.0011470520761642788,94,43674.07798583351,-0.003069967175426021,-21.977667324295908,-13.43897721410966,-8.538690110186248,37.92857142857143,22.18309859045577,0.0,47.0,8.0,0.0,26.2,1,43649.0,43648.0,2.291055718475021e-05,-0.002497193521042808,-0.0023760588584376377,43735.0,43540.0,-0.004458671544529451,0.0,1,-0.003072104011197609,43732.63782569721,43554.762174302785,0.004075631795526512,0,14016.301369863013,36131.033417316015,43643.7,-1.4432989690728317,1.1498470947871577,-0.0011470520761642788,0,0.9595999999999999,32711.0,3843.0,0.0,923.0,0.0,379.0,-544.0,0.0
2026-06-12 00:53:00,43549.0,43565.0,43522.0,43529.0,118,00:53:00,2026-06-12,4,-0.00025264124942581123,118,43670.79764593171,-0.003246967162847627,-27.230837997914932,-16.197349370870715,-11.033488627044218,38.142857142857146,23.076923075739643,0.0,20.0,16.0,7.0,25.4,0,43649.0,43648.0,2.291055718475021e-05,-0.002749203876377403,-0.0025286811100531065,43735.0,43522.0,-0.004710186349605472,0.00016083819677404162,1,-0.003249307011486278,43741.51864282442,43537.18135717558,0.00468240901041921,0,14072.38904109589,29981.486566064035,43639.35,-2.2222705877915705,1.390689451957682,-0.00025264124942581123,0,0.9595999999999999,32711.0,3843.0,0.0,923.0,0.0,379.0,-544.0,0.0
2026-06-12 00:54:00,43526.0,43575.0,43526.0,43555.0,84,00:54:00,2026-06-12,4,0.0005973029474604097,84,43668.783720148,-0.002605607723750257,-28.962172992942214,-18.750314095285013,-10.211858897657201,39.142857142857146,33.45864661478036,29.885057470233846,29.0,20.0,0.0,30.0,0,43649.0,43648.0,2.291055718475021e-05,-0.0021535430364956324,-0.0017910694047988667,43735.0,43522.0,-0.0041156968103348785,0.0007582372133633391,1,-0.0026077356355889295,43740.124222166625,43526.17577783338,0.0049033462936607305,0,8568.196721311475,-4776.510797123888,43633.15,-3.4480230570781005,1.0250152531906647,0.0005973029474604097,0,0.9595999999999999,32711.0,3843.0,0.0,923.0,0.0,379.0,-544.0,0.0
2026-06-12 00:55:00,43561.0,43571.0,43530.0,43536.0,54,00:55:00,2026-06-12,4,-0.000436230053954767,54,43667.45644506555,-0.003010398492775143,-31.504248296827427,-21.301100935593496,-10.203147361233931,40.07142857142857,30.249110318777625,46.42857142608418,25.0,10.0,6.0,31.0,0,43649.0,43648.0,2.291055718475021e-05,-0.0025888336502553877,-0.002027532725340837,43735.0,43522.0,-0.004550131473648004,0.00032167639354808324,1,-0.003013366244515393,43733.39223480327,43515.50776519672,0.004994549377849918,0,5133.065502183406,-6337.788859748544,43624.45,-4.410716781574432,0.7091267235625852,-0.000436230053954767,1,0.9595999999999999,32711.0,3843.0,0.0,923.0,0.0,379.0,-544.0,0.0
2026-06-12 00:56:00,43539.0,43552.0,43511.0,43514.0,114,00:56:00,2026-06-12,4,-0.000505328923189996,114,43664.30125577461,-0.003442199954012334,-34.89186571956088,-24.019253892386974,-10.872611827173909,40.57142857142857,30.1418439701348,38.80597014751615,25.0,13.0,3.0,29.2,0,43649.0,43648.0,2.291055718475021e-05,-0.0030928543609245783,-0.002326010622382545,43735.0,43511.0,-0.005053161083800045,6.89480820941815e-05,1,-0.003446055371997952,43729.80581589574,43501.09418410425,0.005243821439225924,0,10690.939655172413,-2402.896463456603,43615.45,-5.476708521094254,1.4901960784118928,-0.000505328923189996,0,0.9595999999999999,32711.0,3843.0,0.0,923.0,0.0,379.0,-544.0,0.0
2026-06-12 00:57:00,43517.0,43556.0,43515.0,43538.0,74,00:57:00,2026-06-12,4,0.0005515466286711845,74,43662.479122570716,-0.002850940328451603,-35.233823920061695,-26.26216789792192,-8.971656022139776,41.0,31.83391003305995,36.92307692137278,21.0,18.0,2.0,24.0,0,43649.0,43648.0,2.291055718475021e-05,-0.0025430135856490976,-0.0015605632704636478,43735.0,43511.0,-0.004504401509088728,0.0006205327388476335,1,-0.002854629634436345,43712.7980555608,43499.301944439205,0.004896020417386837,0,7256.333333333333,-1531.0845801604612,43606.05,-6.21087407166307,0.9926224010597904,0.0005515466286711845,0,0.9595999999999999,32711.0,3843.0,0.0,923.0,0.0,379.0,-544.0,0.0
2026-06-12 00:58:00,43541.0,43548.0,43517.0,43529.0,28,00:58:00,2026-06-12,4,-0.000206715972254079,28,43661.77633173844,-0.0030410199239172416,-35.81816354813782,-28.1733670279651,-7.644796520172719,41.57142857142857,29.931972787690313,43.636363633983464,12.0,7.0,12.0,22.4,0,43649.0,43648.0,2.291055718475021e-05,-0.002749203876377403,-0.0015734811090518052,43710.0,43511.0,-0.00414092884923349,0.000413688492565089,1,-0.0030454963515981347,43700.383164696104,43494.81683530389,0.004715083614515637,0,3442.9717514124295,-3292.5622126818303,43597.6,-6.154805390096276,0.39270687236475865,-0.000206715972254079,1,0.9595999999999999,32711.0,3843.0,0.0,923.0,0.0,379.0,-544.0,0.0
2026-06-12 00:59:00,43529.0,43540.0,43518.0,43535.0,24,00:59:00,2026-06-12,4,0.0001378391417217184,24,43661.1783831841,-0.002889944519516135,-35.389162817453325,-29.616526185862746,-5.772636631590579,40.714285714285715,32.19178082037436,76.92307691715976,6.0,5.0,11.0,17.8,0,43649.0,43648.0,2.291055718475021e-05,-0.002611743682558533,-0.0012743587773038339,43678.0,43511.0,-0.003273959430376774,0.000551584656753452,1,-0.002894627004800335,43689.978842567994,43491.12115743201,0.004561944851257405,0,3553.877551020408,-6675.804311269312,43590.55,-5.708986150548529,0.35608308604812927,0.0001378391417217184,-1,0.9595999999999999,32711.0,3843.0,0.0,923.0,0.0,379.0,-544.0,0.0
2026-06-12 01:00:00,43526.0,43531.0,43495.0,43497.0,73,01:00:00,2026-06-12,4,-0.0008728609165039591,73,43659.07271702368,-0.003712234523947622,-37.68109486244066,-31.22943992117833,-6.45165494126233,39.357142857142854,31.864406778148805,11.320754716340346,29.0,5.0,2.0,18.6,1,43649.0,43648.0,2.291055718475021e-05,-0.0034823249100780435,-0.0019789712791037388,43671.0,43495.0,-0.003984337432163129,4.598229681572489e-05,1,-0.003718692778158467,43687.77272479016,43478.72727520984,0.004796463081121956,0,10144.667731629394,3980.43235559198,43583.25,-5.228632265477591,1.124807395976505,-0.0008728609165039591,0,0.9595999999999999,32711.0,3843.0,0.0,923.0,0.0,379.0,-544.0,0.0
2026-06-12 01:01:00,43495.0,43526.0,43490.0,43515.0,114,01:01:00,2026-06-12,4,0.00041382164287195877,114,43655.95345842531,-0.003228733935671404,-37.611456494705635,-32.50584323588379,-5.1056132588218475,39.714285714285715,34.951456309096045,38.70967741748179,20.0,11.0,5.0,17.6,1,43649.0,43648.0,2.291055718475021e-05,-0.0030699443286214332,-0.0014147484948934818,43663.0,43490.0,-0.0033895975997983788,0.0005748447919061722,1,-0.003234609783572376,43680.89318732087,43472.40681267913,0.00478435984963816,0,15848.91373801917,36032.65690901292,43576.65,-4.8053103840571705,1.6777041942357953,0.00041382164287195877,0,0.9595999999999999,32711.0,3843.0,0.0,923.0,0.0,379.0,-544.0,0.0
2026-06-12 01:02:00,43523.0,43584.0,43523.0,43550.0,187,01:02:00,2026-06-12,4,0.0008043203493048878,187,43652.50743968226,-0.002348260058689631,-34.336253141118505,-32.871925216930734,-1.4643279241877707,41.357142857142854,37.18749999837305,58.24175823983819,27.0,34.0,0.0,18.8,1,43649.0,43648.0,2.291055718475021e-05,-0.0022680931980113574,-0.0005244091217351636,43663.0,43490.0,-0.0025880035728190324,0.0013796275005748132,1,-0.0023525530159780187,43675.03924651258,43470.66075348742,0.004690500920301337,0,19117.01877934272,43792.00184838597,43572.85,-4.060513115802476,2.5100671140602673,0.0008043203493048878,0,0.9595999999999999,32711.0,3843.0,0.0,923.0,0.0,379.0,-544.0,0.0
2026-06-12 01:03:00,43546.0,43547.0,43505.0,43531.0,60,01:03:00,2026-06-12,4,-0.00043628013777263774,60,43651.18939527245,-0.0027534048198343845,-32.89458381120494,-32.876456935785576,-0.01812687541936242,43.142857142857146,33.13069908673609,73.61111110804399,15.0,1.0,26.0,19.4,0,43649.0,43648.0,2.291055718475021e-05,-0.0027033838117711127,-0.0008320470077867933,43663.0,43490.0,-0.003023154616036392,0.0009427454587261223,1,-0.002758709702183331,43665.45038588016,43469.04961411984,0.004507991019867425,0,5702.751091703057,-4378.572820159675,43567.25,-3.6711351264533967,0.7984031936021502,-0.00043628013777263774,1,0.9595999999999999,32711.0,3843.0,0.0,923.0,0.0,379.0,-544.0,0.0
2026-06-12 01:04:00,43521.0,43522.0,43432.0,43436.0,270,01:04:00,2026-06-12,4,-0.002182352806046284,270,43642.66913041044,-0.00473548329028359,-38.96855132980272,-34.094875814589,-4.873675515213719,47.5,27.52525252427941,23.48993288543309,85.0,1.0,4.0,35.2,1,43649.0,43648.0,2.291055718475021e-05,-0.00487983688056989,-0.0027711006573040275,43663.0,43432.0,-0.00519890983212319,9.209799226376654e-05,1,-0.004744829851904164,43663.762401861066,43449.63759813893,0.004916001527253733,0,16658.69318181818,510.93687377228315,43556.7,-4.5781398983181045,3.1016657093268045,-0.002182352806046284,0,0.9595999999999999,32711.0,3843.0,0.0,923.0,0.0,379.0,-544.0,0.0
2026-06-12 01:05:00,43443.0,43466.0,43432.0,43455.0,117,01:05:00,2026-06-12,4,0.00043742517727229924,117,43638.97468423943,-0.004215834252995646,-41.767602219537366,-35.62942109557868,-6.138181123958688,46.214285714285715,32.736572888853416,14.285714285392046,12.0,11.0,11.0,31.8,0,43649.0,43648.0,2.291055718475021e-05,-0.0044445462668101345,-0.0021241173431310154,43663.0,43432.0,-0.00476375878890583,0.0005295634555166576,1,-0.004224689918811101,43656.392027631606,43438.607972368394,0.005001069068562064,0,6797.105614973262,-6444.4740608206075,43547.5,-5.817842991679118,1.2971175166153313,0.00043742517727229924,0,0.9595999999999999,32711.0,3843.0,0.0,923.0,0.0,379.0,-544.0,0.0
2026-06-12 01:06:00,43451.0,43511.0,43450.0,43503.0,69,01:06:00,2026-06-12,4,0.0011045909561615552,69,43637.27778682739,-0.0030771348176975963,-39.65554690841964,-36.43464625814687,-3.2209006502727675,46.642857142857146,45.24421593667502,41.35802469059213,52.0,8.0,1.0,38.2,1,43649.0,43648.0,2.291055718475021e-05,-0.0033448647162591734,-0.0009060124085805045,43652.0,43432.0,-0.0034133602125904104,0.001634739362681856,1,-0.0030838362753448294,43649.66444324162,43435.23555675837,0.004924593964814656,0,4269.853485064012,-2512.6427290922284,43542.45,-5.692349184307687,0.7809847198553369,0.0011045909561615552,-1,0.9595999999999999,32711.0,3843.0,0.0,923.0,0.0,379.0,-544.0,0.0
2026-06-12 01:07:00,43500.0,43525.0,43491.0,43501.0,89,01:07:00,2026-06-12,4,-4.5973840884561135e-05,89,43635.39702419183,-0.003080000031105819,-37.708431813858624,-36.689403369289224,-1.0190284445694004,46.0,46.31578947197784,97.10144927114051,1.0,24.0,9.0,33.0,0,43649.0,43648.0,2.291055718475021e-05,-0.0033906847808654636,-0.0008291778735836268,43652.0,43432.0,-0.003459177128195651,0.0015886903665499727,1,-0.0030869539815887048,43641.17466953876,43433.025330461234,0.004780964719228516,0,6399.320661157025,-6158.569828189498,43537.1,-4.499881763310477,1.0073571024221013,-4.5973840884561135e-05,0,0.9595999999999999,32711.0,3843.0,0.0,923.0,0.0,379.0,-544.0,0.0
2026-06-12 01:08:00,43498.0,43542.0,43481.0,43542.0,57,01:08:00,2026-06-12,4,0.0009425070688029447,57,43634.36557942191,-0.0021168081211994576,-32.48253330029547,-35.848029355490475,3.3654960551950026,46.857142857142854,48.35443037803301,97.80219779897355,44.0,0.0,17.0,38.8,1,43649.0,43648.0,2.291055718475021e-05,-0.0024513734564365177,0.000215930130522901,43652.0,43432.0,-0.0025199303582882225,0.00253269478725358,1,-0.0021217565553609563,43626.702743388705,43438.49725661129,0.0043233229069113465,1,4122.747508305648,-3934.5542914270786,43532.6,-3.4215511797465883,0.6408094435003844,0.0009425070688029447,-1,0.9595999999999999,32711.0,3843.0,0.0,923.0,0.0,379.0,-544.0,0.0
2026-06-12 01:09:00,43538.0,43541.0,43510.0,43521.0,39,01:09:00,2026-06-12,4,-0.00048229295852275644,39,43633.684956778416,-0.0025825221245932765,-29.693210723577067,-34.6170656291078,4.923854905530732,46.214285714285715,48.11083123256032,64.06249999699708,17.0,3.0,11.0,25.2,0,43649.0,43648.0,2.291055718475021e-05,-0.002932484134802563,-0.00012750838281469086,43634.0,43432.0,-0.0025897236100288173,0.0020491803278688053,1,-0.002588878667811096,43605.352818528336,43447.74718147167,0.0036209080907322567,1,4574.983827493262,714.6154862142199,43526.55,-3.6516089471295667,0.43429844097511916,-0.00048229295852275644,1,0.9595999999999999,32711.0,3843.0,0.0,923.0,0.0,379.0,-544.0,0.0
2026-06-12 01:10:00,43513.0,43544.0,43511.0,43536.0,56,01:10:00,2026-06-12,4,0.0003446611980422176,56,43632.77779519331,-0.002218006739052229,-25.972878668035264,-32.8882282368933,6.9153495688580335,45.642857142857146,52.8205128186167,72.7272727244392,23.0,8.0,2.0,27.4,0,43649.0,43648.0,2.291055718475021e-05,-0.0025888336502553877,0.0003067368370261976,43624.0,43432.0,-0.0020172382174949107,0.00239454779885793,1,-0.002223619085540683,43590.13808859896,43455.16191140105,0.0031012858177961833,1,7864.567741935484,2289.6916069111876,43522.65,-3.3190083859506236,0.6123564789435499,0.0003446611980422176,-1,0.9595999999999999,32711.0,3843.0,0.0,923.0,0.0,379.0,-544.0,0.0
2026-06-12 01:11:00,43539.0,43559.0,43518.0,43538.0,91,01:11:00,2026-06-12,4,4.593899301719162e-05,91,43631.44964714367,-0.0021417956061376905,-22.602557215206616,-30.83109403255596,8.228536817349344,45.57142857142857,49.99999999809783,44.7368421017313,1.0,20.0,20.0,17.2,0,43649.0,43648.0,2.291055718475021e-05,-0.0025430135856490976,0.00041245357025087697,43595.0,43432.0,-0.0013074893909851748,0.0024405967949898133,1,-0.0021472780280277753,43580.22334606303,43459.876653936975,0.0027653160353917875,1,11933.60843373494,18945.765923558516,43520.05,-2.8828969553841572,1.0044150110264414,4.593899301719162e-05,0,0.9595999999999999,32711.0,3843.0,0.0,923.0,0.0,379.0,-544.0,0.0
2026-06-12 01:12:00,43524.0,43553.0,43524.0,43535.0,46,01:12:00,2026-06-12,4,-6.8905324084656e-05,46,43630.78533067362,-0.0021953611411683585,-19.94372921410104,-28.65362106886498,8.709891854763939,45.42857142857143,50.8287292798022,84.99999998724999,11.0,18.0,0.0,19.2,0,43649.0,43648.0,2.291055718475021e-05,-0.002611743682558533,0.0003492663109664277,43584.0,43432.0,-0.0011242657856093722,0.0023715233007919885,1,-0.0022009598084922104,43579.665111512644,43459.93488848736,0.002751166664949744,1,6929.446366782007,5146.384398431435,43519.8,-1.5507776288265436,0.5215419501074655,-6.8905324084656e-05,1,0.9595999999999999,32711.0,3843.0,0.0,923.0,0.0,379.0,-544.0,0.0
2026-06-12 01:13:00,43551.0,43551.0,43505.0,43507.0,48,01:13:00,2026-06-12,4,-0.0006431606753186658,48,43629.98263518659,-0.002818764247854793,-19.866941131018393,-26.896285081295662,7.029343950277269,47.142857142857146,46.354166664976674,6.060606060055093,44.0,0.0,2.0,19.2,1,43649.0,43648.0,2.291055718475021e-05,-0.0032532245870465935,-0.00026884994266825117,43584.0,43432.0,-0.0017667033773861563,0.0017268373549456225,1,-0.002825972172573846,43578.661742167715,43458.73825783228,0.0027556770844586916,1,7458.342857142857,-516.5253808248779,43518.7,-0.9075734129250782,0.566706021244785,-0.0006431606753186658,1,0.9595999999999999,32711.0,3843.0,0.0,923.0,0.0,379.0,-544.0,0.0
2026-06-12 01:14:00,43500.0,43508.0,43467.0,43467.0,119,01:14:00,2026-06-12,4,-0.0009193922817017919,119,43627.32425693198,-0.003674858810679859,-22.77125883080589,-26.07127983119771,3.300021000391819,47.214285714285715,46.11398963563317,0.0,33.0,8.0,0.0,22.4,1,43649.0,43648.0,2.291055718475021e-05,-0.004169625879172394,-0.0010869989865400988,43584.0,43432.0,-0.002684471365638705,0.0008058574323079572,1,-0.00368440390703685,43575.93765081073,43452.662349189275,0.0028329836771234457,1,14368.258333333333,2040.1623809910818,43514.3,-1.3212300996896833,1.376518218607559,-0.0009193922817017919,0,0.9595999999999999,32711.0,3843.0,0.0,923.0,0.0,379.0,-544.0,0.0
2026-06-12 01:15:00,43479.0,43495.0,43477.0,43482.0,22,01:15:00,2026-06-12,4,0.0003450893781489217,22,43626.856248136,-0.0033203457822424333,-23.590638694397057,-25.575151603837583,1.9845129094405252,46.642857142857146,45.691906003551736,18.07228915597328,3.0,13.0,2.0,18.4,0,43649.0,43648.0,2.291055718475021e-05,-0.003825975394625219,-0.0006802783625515464,43584.0,43432.0,-0.0023403083700439995,0.0011512249032970816,1,-0.0033291409218690025,43573.96193168734,43449.238068312654,0.002866450863095965,1,2934.3680981595094,-5765.364297750944,43511.6,-1.8841998354781881,0.25928108426329666,0.0003450893781489217,-1,0.9595999999999999,32711.0,3843.0,0.0,923.0,0.0,379.0,-544.0,0.0
2026-06-12 01:16:00,43489.0,43505.0,43452.0,43457.0,50,01:16:00,2026-06-12,4,-0.0005749505542523847,50,43625.70524965463,-0.0038671065301795417,-25.958065781887854,-25.651734439447637,-0.30633134244021676,45.5,37.533512062934406,18.749999999296875,32.0,16.0,5.0,24.6,1,43649.0,43648.0,2.291055718475021e-05,-0.004398726202203844,-0.0011894159220846108,43584.0,43432.0,-0.0029139133627018423,0.0005756124516485408,1,-0.0038775016440285534,43575.69184434099,43441.80815565901,0.0030771669763432446,1,7624.035087719299,222.15689698115506,43508.75,-2.2863734440590116,0.612369871394827,-0.0005749505542523847,1,0.9595999999999999,32711.0,3843.0,0.0,923.0,0.0,379.0,-544.0,0.0
2026-06-12 01:17:00,43471.0,43518.0,43471.0,43488.0,39,01:17:00,2026-06-12,4,0.0007133488275767874,39,43624.93975962718,-0.00313902461256598,-25.044134687675978,-25.530214489093307,0.4860798014173291,46.642857142857146,44.4155844139693,64.78873239162864,17.0,30.0,0.0,25.8,0,43649.0,43648.0,2.291055718475021e-05,-0.003688515200806349,-0.00041947995977588464,43584.0,43432.0,-0.002202643171806117,0.0012893718916927315,1,-0.00314758821151393,43572.321333043044,43440.178666956956,0.003037326041340861,1,6100.8345323741005,-5753.94985889097,43506.25,-1.8499665627168334,0.48811013766598105,0.0007133488275767874,-1,0.9595999999999999,32711.0,3843.0,0.0,923.0,0.0,379.0,-544.0,0.0
2026-06-12 01:18:00,43490.0,43490.0,43450.0,43450.0,60,01:18:00,2026-06-12,4,-0.0008738042678440028,60,43623.525261366405,-0.003977790889817829,-27.0740275946373,-25.83897711020211,-1.2350504844351917,42.42857142857143,52.13414633923818,32.97872340320281,40.0,0.0,0.0,25.0,1,43649.0,43648.0,2.291055718475021e-05,-0.0045590964283258595,-0.001202235284111454,43584.0,43432.0,-0.0030745227606460384,0.00041444096518694943,1,-0.003988875562128926,43571.99134959214,43432.60865040786,0.003204030572734696,1,8989.655172413793,20635.744636306103,43502.3,-2.137361071529347,0.7361963190093718,-0.0008738042678440028,1,0.9595999999999999,32711.0,3843.0,0.0,923.0,0.0,379.0,-544.0,0.0
2026-06-12 01:19:00,43450.0,43453.0,43391.0,43408.0,154,01:19:00,2026-06-12,4,-0.0009666283084004412,154,43618.994863746615,-0.004837224342415463,-31.706290953712596,-27.012439878904207,-4.693851074808389,44.42857142857143,43.30484330311605,27.927927927173116,42.0,3.0,17.0,26.8,1,43649.0,43648.0,2.291055718475021e-05,-0.0055213177850579505,-0.0020220273381773494,43584.0,43391.0,-0.004038179148311214,0.00039178631513446586,1,-0.0048509082741407,43575.53702616809,43416.36297383191,0.0036595143303267737,1,20568.713846153845,16978.77647400348,43495.95,-2.941936966702769,1.7499999999801135,-0.0009666283084004412,0,0.9595999999999999,32711.0,3843.0,0.0,923.0,0.0,379.0,-544.0,0.0
2026-06-12 01:20:00,43410.0,43438.0,43400.0,43418.0,94,01:20:00,2026-06-12,4,0.0002303722816070497,94,43616.34375146652,-0.004547463964350444,-34.176511067475076,-28.445254116618383,-5.731256950856693,42.785714285714285,36.42172523798753,11.111111110740737,8.0,20.0,10.0,27.8,0,43649.0,43648.0,2.291055718475021e-05,-0.0052922174620265005,-0.0017014623379011842,43584.0,43391.0,-0.0038087371512480774,0.0006222488534488576,1,-0.004560465176734012,43578.875591615164,43405.124408384836,0.003995014789623932,0,10280.33249370277,6850.698767767179,43492.0,-3.275391466743284,1.0555867490055522,0.0002303722816070497,0,0.9595999999999999,32711.0,3843.0,0.0,923.0,0.0,379.0,-544.0,0.0
2026-06-12 01:21:00,43420.0,43444.0,43398.0,43437.0,126,01:21:00,2026-06-12,4,0.0004376065226403547,126,43613.03190851663,-0.004036222679630937,-34.206723281189625,-29.597547949532633,-4.609175331656992,43.642857142857146,40.303030301320476,40.84507042080936,17.0,7.0,22.0,24.8,0,43649.0,43648.0,2.291055718475021e-05,-0.004856926848266745,-0.0011750340897854212,43584.0,43391.0,-0.003372797356828117,0.0010601276762462017,1,-0.004047817874697274,43577.59189906034,43398.60810093966,0.004115695974776457,0,11570.955602536998,2871.4120626610256,43488.1,-3.264195226460294,1.4054656999285502,0.0004376065226403547,0,0.9595999999999999,32711.0,3843.0,0.0,923.0,0.0,379.0,-544.0,0.0
2026-06-12 01:22:00,43426.0,43445.0,43420.0,43432.0,33,01:22:00,2026-06-12,4,-0.00011510923866753231,33,43612.210777563574,-0.004132117458633395,-34.23943400952703,-30.525925161531514,-3.7135088479955165,41.07142857142857,31.292517005312604,85.29411763953287,6.0,13.0,6.0,22.6,0,43649.0,43648.0,2.291055718475021e-05,-0.00497147700978247,-0.0011544954027164205,43559.0,43391.0,-0.002915585757248722,0.0009448964070890059,1,-0.004144472394763144,43570.05298723344,43394.34701276656,0.00404087130979749,0,3069.070663811563,-8507.89374252224,43482.2,-3.1612138601410016,0.40268456375347544,-0.00011510923866753231,1,0.9595999999999999,32711.0,3843.0,0.0,923.0,0.0,379.0,-544.0,0.0
2026-06-12 01:23:00,43444.0,43450.0,43416.0,43422.0,79,01:23:00,2026-06-12,4,-0.0002302449806593776,79,43610.24274621986,-0.004316480128654494,-34.67258989059337,-31.355258107343886,-3.317331783249486,41.214285714285715,32.508833920653274,55.882352936245674,22.0,6.0,6.0,19.0,1,43649.0,43648.0,2.291055718475021e-05,-0.00520057733281392,-0.001259293760458147,43559.0,43391.0,-0.00314515943892185,0.0007144338687746143,1,-0.0043297336213000475,43565.376656305736,43388.123343694264,0.004076967864697066,0,7058.308641975309,-3134.163076633091,43476.75,-3.506391980134277,0.952955367901653,-0.0002302449806593776,0,0.9595999999999999,32711.0,3843.0,0.0,923.0,0.0,379.0,-544.0,0.0
2026-06-12 01:24:00,43421.0,43474.0,43419.0,43467.0,57,01:24:00,2026-06-12,4,0.0010363410252867133,57,43609.033792917005,-0.003256980963886235,-31.02708421461284,-31.28962332879768,0.26253911418483966,42.785714285714285,38.977635781004196,74.99999999625,46.0,7.0,2.0,19.8,1,43649.0,43648.0,2.291055718475021e-05,-0.004169625879172394,-0.0002598997660902715,43559.0,43391.0,-0.002112077871392775,0.001751515291189377,1,-0.0032667742969941837,43564.98903893282,43391.610961067185,0.003987692201986565,0,6369.200514138817,-4495.527653098648,43478.3,-2.2534900352040292,0.7889273356292189,0.0010363410252867133,-1,0.9595999999999999,32711.0,3843.0,0.0,923.0,0.0,379.0,-544.0,0.0
2026-06-12 01:25:00,43466.0,43474.0,43446.0,43466.0,57,01:25:00,2026-06-12,4,-2.3005958543209637e-05,57,43607.909590878604,-0.0032542167742038173,-27.897105873438704,-30.611119837725887,2.714013964287183,41.857142857142854,38.46153845981262,80.35714285283801,0.0,8.0,20.0,18.2,0,43649.0,43648.0,2.291055718475021e-05,-0.00419253591147554,-0.00029554599535172273,43559.0,43391.0,-0.002135035239560088,0.0017284690373579378,1,-0.003263876364683074,43565.054835604635,43392.64516439536,0.0039653687070671925,0,7038.528409090909,12933.745032607258,43478.85,-0.7704301990236339,0.8231046931289082,-2.3005958543209637e-05,0,0.9595999999999999,32711.0,3843.0,0.0,923.0,0.0,379.0,-544.0,0.0
2026-06-12 01:26:00,43462.0,43504.0,43462.0,43504.0,56,01:26:00,2026-06-12,4,0.0008742465375235486,56,43607.03048861669,-0.0023627036159590215,-22.09558887253661,-28.908013644688033,6.812424772151424,42.785714285714285,45.533141208537565,98.8095238059949,42.0,0.0,0.0,23.2,1,43649.0,43648.0,2.291055718475021e-05,-0.0033219546839560283,0.0005772915138147002,43559.0,43391.0,-0.0012626552492022026,0.002604226682952626,1,-0.0023696664040877284,43565.164952922234,43392.63504707777,0.0039681295029189165,0,8639.09219858156,2239.6067341196062,43478.9,0.4945171844724951,0.8163265306003451,0.0008742465375235486,0,0.9595999999999999,32711.0,3843.0,0.0,923.0,0.0,379.0,-544.0,0.0
2026-06-12 01:27:00,43506.0,43534.0,43506.0,43512.0,78,01:27:00,2026-06-12,4,0.00018389113644712296,78,43606.1085782053,-0.002158151260769275,-16.66026257413614,-26.458463430577655,9.798200856441515,41.642857142857146,50.76452599171039,97.87234041928474,6.0,22.0,0.0,23.2,0,43649.0,43648.0,2.291055718475021e-05,-0.0031386744255308685,0.0007486295249825416,43559.0,43391.0,-0.0010789963038637003,0.0027885967136041397,1,-0.0021644381013397286,43566.445402162484,43392.45459783751,0.004001679053552203,0,10379.009174311926,6295.623212476736,43479.45,0.2644997619488755,1.146216017617249,0.00018389113644712296,0,0.9595999999999999,32711.0,3843.0,0.0,923.0,0.0,379.0,-544.0,0.0
2026-06-12 01:28:00,43513.0,43543.0,43509.0,43542.0,76,01:28:00,2026-06-12,4,0.0006894649751791881,76,43605.36716677538,-0.0014531964960419154,-9.81879310873046,-23.13052936620822,13.311736257477758,41.142857142857146,61.829652994114774,99.99999999605264,29.0,1.0,4.0,24.6,1,43649.0,43648.0,2.291055718475021e-05,-0.0024513734564365177,0.0014386106539986472,43559.0,43391.0,-0.00039027525884431717,0.0034799843285473146,1,-0.0014574049758076324,43566.445402162484,43392.45459783751,0.004001679053552203,0,10213.555555555555,4510.924673350477,43479.45,0.13799813012500212,1.1014492753463558,0.0006894649751791881,0,0.9595999999999999,32711.0,3843.0,0.0,923.0,0.0,379.0,-544.0,0.0
2026-06-12 01:29:00,43537.0,43735.0,43537.0,43697.0,492,01:29:00,2026-06-12,4,0.0035597813605254824,492,43608.44125699808,0.0020307706592862626,8.017899983628013,-16.900843496240974,24.918743479868986,53.285714285714285,73.52297592772578,99.9999999984456,160.0,38.0,0.0,47.4,1,43649.0,43648.0,2.291055718475021e-05,0.001099681550550961,0.004800147166188458,43735.0,43391.0,-0.0008688693266262521,0.007052153672420386,0,0.0020363832299970736,43618.02855632437,43358.47144367563,0.005968442341292831,0,28325.328063241108,22787.389475819928,43488.25,2.15046838811436,5.368248772445518,0.0035597813605254824,0,0.9595999999999999,32711.0,3843.0,0.0,923.0,0.0,379.0,-544.0,0.0
2026-06-12 01:30:00,43691.0,43995.0,43672.0,43989.0,1618,01:30:00,2026-06-12,4,0.0066823809414833235,1618,43654.273623188405,0.007667665706703841,45.19459229264612,-4.481756338463555,49.676348631109676,72.57142857142857,86.7403314900354,99.99999999937107,298.0,6.0,19.0,107.0,1,43649.0,43648.0,2.291055718475021e-05,0.007789410983069308,0.010988051269911392,43995.0,43391.0,-0.00013637913399249606,0.013781659791200624,0,0.007692931582927214,43769.728046958204,43252.0719530418,0.011897158962843627,0,30678.535344827586,19558.25053200361,43510.9,7.233302169186677,9.531664212020432,0.0066823809414833235,0,0.9595999999999999,32711.0,3843.0,0.0,923.0,0.0,379.0,-544.0,0.0
2026-06-12 01:31:00,43987.0,44150.0,43985.0,44123.0,1549,01:31:00,2026-06-12,4,0.003046216099479526,1549,43713.329094548455,0.009371761747211018,84.4960510271485,13.313805134658857,71.18224589248965,80.0,88.39177750757257,99.99999999948365,136.0,27.0,2.0,125.8,1,43649.0,43648.0,2.291055718475021e-05,0.010859355311690742,0.013386494993700876,44150.0,43391.0,-0.0006115515288788084,0.01686985780461347,0,0.009409037530911941,43917.12760647945,43163.17239352055,0.017316320980953946,0,17924.60713349069,7549.820957052306,43540.15,13.960618177093862,6.383680197789476,0.003046216099479526,0,0.9595999999999999,32711.0,3843.0,0.0,923.0,0.0,379.0,-544.0,0.0
2026-06-12 01:32:00,44126.0,44170.0,44040.0,44142.0,662,01:32:00,2026-06-12,4,0.00043061441878378126,662,43735.642694254406,0.009291216058863782,115.84054375614505,33.8191528589561,82.02139089718895,86.42857142857143,92.82178217660952,99.99999999932584,16.0,28.0,86.0,127.8,0,43649.0,43648.0,2.291055718475021e-05,0.011294645925450496,0.013116672978276286,44170.0,43391.0,-0.000633914421553076,0.01730773662741082,0,0.009326432006646353,44033.62599172155,43107.37400827845,0.021258695297117988,0,6645.895838071412,-7653.726790654173,43570.5,18.913154702707054,2.420917900887106,0.00043061441878378126,0,0.9595999999999999,32711.0,3843.0,0.0,923.0,0.0,379.0,-544.0,0.0
2026-06-12 01:33:00,44147.0,44218.0,44083.0,44213.0,489,01:33:00,2026-06-12,4,0.0016084454714331287,489,43752.721068804276,0.010520006983608906,144.74189226169983,56.00370073950485,88.73819152219498,91.64285714285714,98.08841098999613,99.99999999866071,66.0,5.0,64.0,135.2,0,43649.0,43648.0,2.291055718475021e-05,0.012921258218973794,0.013924753129170504,44218.0,43391.0,-0.00011307612284589731,0.018944020649443,0,0.0105554520544449,44149.212066190856,43062.38793380915,0.024923843442424647,0,4494.835135135135,-8534.85993232302,43605.8,21.810626762489733,1.6548223350197806,0.0016084454714331287,0,0.9595999999999999,32711.0,3843.0,0.0,923.0,0.0,379.0,-544.0,0.0
2026-06-12 01:34:00,44210.0,44258.0,44126.0,44219.0,347,01:34:00,2026-06-12,4,0.00013570669260176693,347,43764.85277907763,0.010376985002437228,166.21455115053686,78.04587082171126,88.1686803288256,98.35714285714286,98.07923169102868,99.999999996875,9.0,39.0,84.0,105.0,0,43649.0,43648.0,2.291055718475021e-05,0.013058718412792663,0.013188706654384978,44258.0,43391.0,-0.0008811966198201257,0.019082298172431632,0,0.010405862534137158,44247.096124324125,43039.70387567588,0.027664944725851338,0,3289.17320471597,-8164.995650827731,43643.4,23.713744670149275,1.1306614532384145,0.00013570669260176693,0,0.9595999999999999,32711.0,3843.0,0.0,923.0,0.0,379.0,-544.0,0.0
2026-06-12 01:35:00,44222.0,44270.0,44164.0,44218.0,327,01:35:00,2026-06-12,4,-2.261471313236285e-05,327,43776.10543260578,0.010094423956341147,181.06390439790994,98.649477536951,82.41442686095894,102.64285714285714,97.91411042776589,98.71794871415187,4.0,48.0,54.0,46.2,0,43649.0,43648.0,2.291055718475021e-05,0.01303580838048952,0.012312214687661473,44270.0,43391.0,-0.0011746103456064792,0.019059251918600195,0,0.010116587547543547,44330.40858191638,43029.99141808361,0.02977131890038824,0,4285.5026674570245,-3551.6553796897238,43680.2,25.17758575182683,1.0150550985534224,-2.261471313236285e-05,0,0.9595999999999999,32711.0,3843.0,0.0,923.0,0.0,379.0,-544.0,0.0
2026-06-12 01:36:00,44219.0,44228.0,44142.0,44188.0,185,01:36:00,2026-06-12,4,-0.0006784567370754502,185,43781.79243537824,0.009278002156291687,188.24144435641938,116.56787090084467,71.67357345557471,107.0,94.99999999841667,16.21621621490138,31.0,9.0,46.0,25.2,1,43649.0,43648.0,2.291055718475021e-05,0.012348507411395168,0.010779621083451749,44270.0,43391.0,-0.0018522701603794478,0.018367864303657017,0,0.009291806106852736,44395.67914908071,43037.82085091929,0.031060366979736263,0,4067.054726368159,-951.7154598688403,43716.75,25.44386297235622,0.5624809972618958,-0.0006784567370754502,1,0.9595999999999999,32711.0,3843.0,0.0,923.0,0.0,379.0,-544.0,0.0
2026-06-12 01:37:00,44198.0,44217.0,44137.0,44137.0,174,01:37:00,2026-06-12,4,-0.0011541595003168315,174,43786.71145494028,0.007999882462517911,187.65129538538167,130.7845557977521,56.86673958762958,110.28571428571429,90.5788876262564,0.0,61.0,19.0,0.0,34.2,1,43649.0,43648.0,2.291055718475021e-05,0.011180095763934772,0.00886416208753518,44270.0,43391.0,-0.0030042918454934947,0.01719250535825362,0,0.008006741724642025,44443.9489057948,43054.45109420519,0.03176053074318106,0,5045.88567674113,5340.893782992062,43749.2,24.241924323035242,0.5183971398763045,-0.0011541595003168315,1,0.9595999999999999,32711.0,3843.0,0.0,923.0,0.0,379.0,-544.0,0.0
2026-06-12 01:38:00,44141.0,44180.0,44111.0,44172.0,217,01:38:00,2026-06-12,4,0.0007929854770374334,217,43792.523764420155,0.008665320081144692,187.8424744492586,142.19613952805338,45.64633492120521,111.28571428571429,90.47072330509002,30.172413792323127,31.0,8.0,30.0,27.2,1,43649.0,43648.0,2.291055718475021e-05,0.011981946894544848,0.008831731197456413,44270.0,43391.0,-0.0022136887282583643,0.017999124242353993,0,0.00866674969863941,44489.55566529716,43081.04433470285,0.03216858924329116,0,7668.2592,7893.488337390933,43785.3,24.061245140820287,0.6317321688482337,0.0007929854770374334,-1,0.9595999999999999,32711.0,3843.0,0.0,923.0,0.0,379.0,-544.0,0.0
2026-06-12 01:39:00,44172.0,44205.0,44134.0,44205.0,171,01:39:00,2026-06-12,4,0.0007470795979354072,171,43797.308338130875,0.00930860085559574,188.48408226911852,151.45372807626643,37.03035419285209,114.35714285714286,90.91915835960923,57.14285714141657,33.0,0.0,38.0,32.0,1,43649.0,43648.0,2.291055718475021e-05,0.012737977960548633,0.00866739760160524,44270.0,43398.0,-0.0014682629320080989,0.018595326973592827,0,0.009302687198312282,44529.709369578675,43120.59063042133,0.032153198315517814,0,7038.22625698324,7305.462381295047,43825.15,24.795987807877175,0.4965877740656408,0.0007470795979354072,-1,0.9595999999999999,32711.0,3843.0,0.0,923.0,0.0,379.0,-544.0,0.0
2026-06-12 01:40:00,44203.0,44224.0,44167.0,44188.0,140,01:40:00,2026-06-12,4,-0.0003845718810089327,140,43801.25510591811,0.008829539088472917,185.48267435283196,158.25951733157953,27.223157021252433,115.42857142857143,88.77551020267249,79.99999999717647,15.0,21.0,21.0,34.2,0,43649.0,43648.0,2.291055718475021e-05,0.012348507411395168,0.007394505473210532,44270.0,43398.0,-0.0018522701603794478,0.018203603852711688,0,0.008816979300215052,44558.61876870237,43168.68123129763,0.031687685302174036,0,6974.430665163472,3822.0148294518785,43863.65,26.160478363033924,0.40386557045895327,-0.0003845718810089327,1,0.9595999999999999,32711.0,3843.0,0.0,923.0,0.0,379.0,-544.0,0.0
2026-06-12 01:41:00,44202.0,44241.0,44175.0,44235.0,250,01:41:00,2026-06-12,4,0.0010636371865664351,250,43808.530496056745,0.009734850704057118,184.76666901269346,163.56094766780234,21.205721344891117,118.0,89.25081433089088,82.47422680157297,33.0,6.0,27.0,34.6,0,43649.0,43648.0,2.291055718475021e-05,0.013425278929642985,0.007549503400066499,44270.0,43416.0,-0.0007906031172351302,0.01886401326699791,0,0.009713781777173957,44586.91519480564,43220.18480519437,0.031130293327333223,0,11616.334033613446,5148.593351687232,43903.55,27.006780814565616,0.7085163667260634,0.0010636371865664351,-1,0.9595999999999999,32711.0,3843.0,0.0,923.0,0.0,379.0,-544.0,0.0
2026-06-12 01:42:00,44235.0,44240.0,44198.0,44240.0,155,01:42:00,2026-06-12,4,0.00011303266644069332,155,43813.011333471826,0.009745704609944433,182.49895350103907,167.3485488344497,15.150404666589367,118.57142857142857,88.950892855753,75.36231883730309,5.0,0.0,37.0,23.4,0,43649.0,43648.0,2.291055718475021e-05,0.013539829091158709,0.006736991098888384,44270.0,43416.0,-0.0006776598147729687,0.018979178183157846,0,0.009716665582592465,44605.111489945986,43282.78851005401,0.030091126989994037,0,7349.62486602358,442.43904312023756,43943.95,27.107722392278323,0.4318150160177412,0.00011303266644069332,-1,0.9595999999999999,32711.0,3843.0,0.0,923.0,0.0,379.0,-544.0,0.0
2026-06-12 01:43:00,44239.0,44250.0,44197.0,44250.0,176,01:43:00,2026-06-12,4,0.00022603978300184124,176,43818.060295090196,0.009857572471280596,179.44021395770687,169.76688185910115,9.673332098605727,108.21428571428571,86.81757656296212,99.99999999516129,11.0,0.0,42.0,19.4,0,43649.0,43648.0,2.291055718475021e-05,0.013768929414190159,0.006016776040204192,44270.0,43419.0,-0.0004517732098486458,0.01913908657500129,0,0.009820081115866863,44611.6750459275,43359.0249540725,0.02847880241614475,0,8730.941704035875,2518.5009690410793,43985.35,27.74506909479651,0.48378229796458555,0.00022603978300184124,-1,0.9595999999999999,32711.0,3843.0,0.0,923.0,0.0,379.0,-544.0,0.0
2026-06-12 01:44:00,44247.0,44297.0,44227.0,44293.0,230,01:44:00,2026-06-12,4,0.0009717514124294446,230,43825.09759547383,0.010676585568504973,178.42906230458902,171.49931794819875,6.929744356390273,90.14285714285714,80.27888445991255,99.99999999482759,46.0,4.0,20.0,22.0,1,43649.0,43648.0,2.291055718475021e-05,0.014754060803225395,0.006049744870436259,44297.0,43446.0,-9.029956881955686e-05,0.019495465635501096,0,0.010627708547576477,44616.95635222056,43436.343647779446,0.026815865037223698,0,10712.292323869611,-778.250442116994,44026.65,28.038734908680173,0.6175325547036716,0.0009717514124294446,-1,0.9595999999999999,32711.0,3843.0,0.0,923.0,0.0,379.0,-544.0,0.0
2026-06-12 01:45:00,44283.0,44350.0,44275.0,44340.0,334,01:45:00,2026-06-12,4,0.0010611157519246905,334,43836.022703818366,0.011496875516895915,179.35275759283104,173.0700058771252,6.282751715705842,83.71428571428571,76.14457831068428,99.999999997,57.0,10.0,8.0,30.4,1,43649.0,43648.0,2.291055718475021e-05,0.015830832321473212,0.006118626241906302,44350.0,43462.0,-0.00022547914317925085,0.020201555381712297,0,0.011435745261420046,44613.41315422057,43527.286845779425,0.02464528437920559,0,12934.113537117904,7598.331578677894,44070.35,28.763914031397146,0.8646129950793047,0.0010611157519246905,0,0.9595999999999999,32711.0,3843.0,0.0,923.0,0.0,379.0,-544.0,0.0
2026-06-12 01:46:00,44339.0,44384.0,44283.0,44318.0,337,01:46:00,2026-06-12,4,-0.0004961659900767357,337,43846.714073978605,0.010748489048146835,176.27755865805375,173.71151643331092,2.56604222474283,81.64285714285714,71.05263157656762,80.35714285499043,21.0,45.0,35.0,28.0,0,43649.0,43648.0,2.291055718475021e-05,0.015326811610804021,0.00469156821249987,44384.0,43506.0,-0.0014870223503965058,0.018664092309106362,0,0.010684078615707056,44594.090142168076,43628.00985783193,0.02190109472198289,1,12122.699675324675,3884.756176668733,44111.05,28.577696892261713,0.8417634569730441,-0.0004961659900767357,0,0.9595999999999999,32711.0,3843.0,0.0,923.0,0.0,379.0,-544.0,0.0
2026-06-12 01:47:00,44325.0,44342.0,44274.0,44283.0,130,01:47:00,2026-06-12,4,-0.0007897468297305421,130,43850.47710037491,0.009863584805132717,169.06733090394118,172.782679327437,-3.7153484234958114,76.85714285714286,59.16230366275322,45.19230769100407,42.0,17.0,9.0,35.4,1,43649.0,43648.0,2.291055718475021e-05,0.014524960480193945,0.003021544929059345,44384.0,43509.0,-0.0022755948089401073,0.01778942287802483,0,0.0097967569270181,44546.771791014144,43752.42820898585,0.01799209012150217,1,4769.50289975145,-5547.63559884953,44149.6,27.92626738577591,0.3226206725392167,-0.0007897468297305421,1,0.9595999999999999,32711.0,3843.0,0.0,923.0,0.0,379.0,-544.0,0.0
2026-06-12 01:48:00,44305.0,44329.0,44270.0,44270.0,92,01:48:00,2026-06-12,4,-0.00029356637987487666,92,43853.04415501906,0.00950802511011565,160.45456179854227,170.31705582165804,-9.862494023115772,71.64285714285714,56.55526992084376,0.0,35.0,24.0,0.0,40.2,0,43649.0,43648.0,2.291055718475021e-05,0.01422713006025306,0.001901054632689044,44384.0,43537.0,-0.0025684931506848737,0.016836254220547655,0,0.009436379056283249,44464.382546334644,43907.617453665356,0.012600486413553505,1,3626.7497773820123,-7195.981180330541,44186.0,26.242133316391058,0.22786377708921893,-0.00029356637987487666,1,0.9595999999999999,32711.0,3843.0,0.0,923.0,0.0,379.0,-544.0,0.0
2026-06-12 01:49:00,44278.0,44310.0,44271.0,44275.0,63,01:49:00,2026-06-12,4,0.00011294330246225393,63,43854.76751249763,0.009582367239379462,152.27698415984923,166.70904148929628,-14.432057329447048,66.92857142857143,57.25190839490706,9.433962263616934,3.0,32.0,4.0,31.6,0,43649.0,43648.0,2.291055718475021e-05,0.014341680221768785,0.001359270291236601,44384.0,43672.0,-0.002455839942321502,0.013807473896317693,0,0.009504318397245276,44373.9801188366,44055.81988116341,0.007195769699200556,1,2917.7039748953976,-7593.189592220716,44214.9,23.542853774734116,0.16479204812930998,0.00011294330246225393,-1,0.9595999999999999,32711.0,3843.0,0.0,923.0,0.0,379.0,-544.0,0.0
2026-06-12 01:50:00,44276.0,44286.0,44241.0,44261.0,111,01:50:00,2026-06-12,4,-0.0003162055335967917,111,43857.612605253235,0.009197659671480587,143.0178907488007,161.9708113411972,-18.95292059239648,64.0,59.6816976105158,15.62499999853516,15.0,10.0,20.0,23.2,0,43649.0,43648.0,2.291055718475021e-05,0.014020939769524754,0.0007348203081723158,44384.0,43985.0,-0.002771268925738943,0.0062748664317379505,0,0.009120530760635256,44347.7970639716,44109.2029360284,0.005394578788410086,1,6702.5525238744885,4052.937307625443,44228.5,17.871056589414504,0.36162241407277534,-0.0003162055335967917,1,0.9595999999999999,32711.0,3843.0,0.0,923.0,0.0,379.0,-544.0,0.0
2026-06-12 01:51:00,44270.0,44275.0,44136.0,44151.0,382,01:51:00,2026-06-12,4,-0.002485257901990501,382,43865.341699394536,0.006512164035174966,125.35885299656366,154.6484196722705,-29.28956667570685,68.21428571428571,51.60550458549891,3.8759689921579366,119.0,5.0,15.0,42.8,1,43649.0,43648.0,2.291055718475021e-05,0.011500836216178803,-0.0017838611437059472,44384.0,44040.0,-0.005249639509733119,0.0025204359673023954,0,0.006458488502245265,44344.550774086194,44115.24922591381,0.005184310798179058,1,21678.254498714654,49773.229004961046,44229.9,9.93527361607782,1.5366049879262407,-0.002485257901990501,0,0.9595999999999999,32711.0,3843.0,0.0,923.0,0.0,379.0,-544.0,0.0
2026-06-12 01:52:00,44154.0,44228.0,44137.0,44223.0,147,01:52:00,2026-06-12,4,0.0016307671400421775,147,43868.29777615602,0.008085616306652487,115.8384233844481,146.88642041470604,-31.047997030257932,69.78571428571429,55.39112050576009,36.73469387698875,69.0,5.0,17.0,48.2,1,43649.0,43648.0,2.291055718475021e-05,0.013150358542005244,-0.000247547415503179,44384.0,44083.0,-0.0036274333093005676,0.003175827416464325,0,0.008018777971308785,44340.99740710073,44126.90259289926,0.0048400564318009775,1,8177.083018867925,18025.745892062547,44233.95,4.308502337446344,0.6596365268087968,0.0016307671400421775,-1,0.9595999999999999,32711.0,3843.0,0.0,923.0,0.0,379.0,-544.0,0.0
2026-06-12 01:53:00,44217.0,44252.0,44212.0,44225.0,98,01:53:00,2026-06-12,4,4.522533523276806e-05,98,43870.43876831308,0.008082007876862375,107.2188455016294,138.95290543209072,-31.734059930461314,67.57142857142857,52.26244343725865,40.21739130369211,8.0,27.0,5.0,42.8,0,43649.0,43648.0,2.291055718475021e-05,0.013196178606611535,-0.00021589458918430717,44384.0,44111.0,-0.0035823720259552188,0.0025843893813333957,0,0.008015481827822704,44341.23690048648,44127.863099513525,0.0048236910056268685,1,5410.79900124844,-1927.2560983667395,44234.55,1.3678962659829998,0.4820462370856761,4.522533523276806e-05,-1,0.9595999999999999,32711.0,3843.0,0.0,923.0,0.0,379.0,-544.0,0.0
2026-06-12 01:54:00,44219.0,44239.0,44201.0,44201.0,20,01:54:00,2026-06-12,4,-0.0005426794799321399,20,43870.85326973009,0.007525423046596992,97.32921786692896,130.62816791905837,-33.29895005212941,66.21428571428571,51.44766146832903,75.51020407932111,18.0,20.0,0.0,45.8,0,43649.0,43648.0,2.291055718475021e-05,0.012646337831336053,-0.0007381258385867031,44384.0,44111.0,-0.004123107426099403,0.002040307406315839,0,0.007463700831152343,44341.189515374535,44126.11048462547,0.0048623396610739346,1,1166.2532981530344,-9462.016972712363,44233.65,0.8478427489096741,0.10698047606254625,-0.0005426794799321399,1,0.9595999999999999,32711.0,3843.0,0.0,923.0,0.0,379.0,-544.0,0.0
2026-06-12 01:55:00,44217.0,44222.0,44187.0,44221.0,64,01:55:00,2026-06-12,4,0.0004524784507138335,64,43872.15885714286,0.007951310169007984,90.06721082701551,122.51597650064981,-32.4487656736343,64.0,48.34123222588441,47.826086953402644,4.0,1.0,30.0,43.6,0,43649.0,43648.0,2.291055718475021e-05,0.013104538477398954,-0.0002893714761110875,44384.0,44111.0,-0.003672494592645916,0.002493709052163803,0,0.0078863028466271,44341.255939556344,44126.34406044366,0.004858544350986739,1,3980.5119549929677,-5132.112581212305,44233.8,-0.03391060486214305,0.368239355579009,0.0004524784507138335,-1,0.9595999999999999,32711.0,3843.0,0.0,923.0,0.0,379.0,-544.0,0.0
2026-06-12 01:56:00,44208.0,44230.0,44200.0,44218.0,48,01:56:00,2026-06-12,4,-6.784107098434244e-05,48,43873.148743477475,0.007860189350411852,83.11188097150443,114.63515739482074,-31.523276423316304,63.142857142857146,47.38095237937301,42.55319148664554,10.0,12.0,8.0,21.8,0,43649.0,43648.0,2.291055718475021e-05,0.01303580838048952,-0.00039109037352527324,44384.0,44111.0,-0.003740086517663939,0.0024256988052866082,0,0.007795838538961346,44340.88528604948,44129.714713950525,0.0047738021918908875,1,5629.877984084881,404.8921107324316,44235.3,0.16955072449024572,0.2875112309057352,-6.784107098434244e-05,1,0.9595999999999999,32711.0,3843.0,0.0,923.0,0.0,379.0,-544.0,0.0
2026-06-12 01:57:00,44200.0,44218.0,44150.0,44160.0,108,01:57:00,2026-06-12,4,-0.001311683025012389,108,43875.09784875753,0.006493481843039009,72.08862389415299,106.1258506946872,-34.037226800534214,64.21428571428571,40.3846153834073,24.691358023776857,40.0,18.0,10.0,16.0,1,43649.0,43648.0,2.291055718475021e-05,0.011707026506907107,-0.0017282128199707565,44384.0,44111.0,-0.005046863734679051,0.0011108340323275122,0,0.0064404388517267305,44337.94923514694,44134.950764853056,0.004588941253058898,1,14110.295857988165,110988.26112932997,44236.45,0.633002250548086,0.6599450045789188,-0.001311683025012389,1,0.9595999999999999,32711.0,3843.0,0.0,923.0,0.0,379.0,-544.0,0.0
2026-06-12 01:58:00,44165.0,44227.0,44160.0,44216.0,90,01:58:00,2026-06-12,4,0.0012681159420289134,90,43876.83640566653,0.007729900834182751,67.09788260683126,98.32025707711603,-31.222374470284763,64.0,41.99584199461966,47.8632478620206,51.0,11.0,5.0,24.6,1,43649.0,43648.0,2.291055718475021e-05,0.012989988315883228,-0.0005119957322386859,44384.0,44134.0,-0.0037851478010092875,0.0018579779761634602,0,0.007666680478121775,44336.09369493603,44141.20630506397,0.00440536476298573,1,12058.90909090909,20294.869673191057,44238.65,1.0964466087016138,0.5721551176060257,0.0012681159420289134,-1,0.9595999999999999,32711.0,3843.0,0.0,923.0,0.0,379.0,-544.0,0.0
2026-06-12 01:59:00,44228.0,44254.0,44212.0,44212.0,72,01:59:00,2026-06-12,4,-9.046499004883302e-05,72,43878.32019122942,0.00760466233247627,62.1040211126965,91.07700988423213,-28.972988771535626,61.642857142857146,35.388127852750145,47.45762711743752,16.0,26.0,0.0,24.2,0,43649.0,43648.0,2.291055718475021e-05,0.012898348186670648,-0.000610321209792251,44384.0,44136.0,-0.003875270367699985,0.0017219503353271316,0,0.007542661650818856,44335.983992160654,44142.016007839346,0.004384547216738727,1,8333.151832460733,4801.656192226093,44239.0,0.8364360589839086,0.47259599605859803,-9.046499004883302e-05,1,0.9595999999999999,32711.0,3843.0,0.0,923.0,0.0,379.0,-544.0,0.0
2026-06-12 02:00:00,44221.0,44253.0,44200.0,44253.0,93,02:00:00,2026-06-12,4,0.000927350040712982,93,43880.269135947405,0.008494270235622594,60.75436870432168,85.01248164825004,-24.258112943928367,58.214285714285715,42.8884026245067,96.03960395754338,32.0,0.0,21.0,29.8,1,43649.0,43648.0,2.291055718475021e-05,0.013837659511099595,0.00024298040899818065,44384.0,44136.0,-0.0029515140591203377,0.0026508972267536104,0,0.00842477188779022,44336.35156885907,44148.14843114093,0.004253923290929752,1,10013.452554744526,-2903.4425248598322,44242.25,1.3111359523657324,0.6199999999958667,0.000927350040712982,-1,0.9595999999999999,32711.0,3843.0,0.0,923.0,0.0,379.0,-544.0,0.0
2026-06-12 02:01:00,44252.0,44277.0,44228.0,44270.0,204,02:01:00,2026-06-12,4,0.0003841547465708306,204,43884.74274941995,0.00877884263284493,60.36071660427115,80.08212863945428,-19.721412035183135,56.857142857142854,48.51936218524084,93.54838709224765,18.0,7.0,24.0,31.4,0,43649.0,43648.0,2.291055718475021e-05,0.01422713006025306,0.000587650302865912,44384.0,44136.0,-0.0025684931506848737,0.0030360703280767846,0,0.008707559230179015,44338.83281687516,44149.16718312484,0.004286810273716628,1,15927.830687830688,3208.3512428485606,44244.0,1.20934974281506,1.3811780636331676,0.0003841547465708306,0,0.9595999999999999,32711.0,3843.0,0.0,923.0,0.0,379.0,-544.0,0.0
2026-06-12 02:02:00,44271.0,44286.0,44210.0,44210.0,92,02:02:00,2026-06-12,4,-0.0013553196295459369,92,43886.60371951688,0.007368906524413775,54.57810351614171,74.98132361479178,-20.403220098650067,58.07142857142857,43.82716049256465,49.15254237163171,61.0,15.0,0.0,35.6,1,43649.0,43648.0,2.291055718475021e-05,0.012852528122064359,-0.0007345877832400806,44384.0,44136.0,-0.003920331651045334,0.001676635852818523,0,0.007309629439636319,44338.540561599075,44146.459438400925,0.004341552199765958,1,7381.705989110707,-1141.7598796697662,44242.5,0.7911571238047876,0.6364579730153134,-0.0013553196295459369,1,0.9595999999999999,32711.0,3843.0,0.0,923.0,0.0,379.0,-544.0,0.0
2026-06-12 02:03:00,44211.0,44222.0,44117.0,44130.0,202,02:03:00,2026-06-12,4,-0.0018095453517303905,202,43889.71113265655,0.005474833648760457,43.04382712497318,68.59382431682806,-25.549997191854885,62.714285714285715,37.076648840429456,10.828025477500105,81.0,11.0,13.0,41.6,1,43649.0,43648.0,2.291055718475021e-05,0.011019725537812757,-0.002407514156861361,44384.0,44117.0,-0.00572278298485928,0.00029467098850782477,0,0.005431914083244483,44344.78131003934,44128.21868996066,0.00489556407217285,1,13445.339366515836,3427.2762496340283,44236.5,-1.2996626527809956,1.3849845731821395,-0.0018095453517303905,0,0.9595999999999999,32711.0,3843.0,0.0,923.0,0.0,379.0,-544.0,0.0
2026-06-12 02:04:00,44129.0,44145.0,44003.0,44018.0,335,02:04:00,2026-06-12,4,-0.002537956038975775,335,43892.81614341411,0.002852035198125989,24.582000013666402,59.79145945619574,-35.20945944252934,69.64285714285714,31.56297420266786,0.0,111.0,16.0,15.0,60.6,1,43649.0,43648.0,2.291055718475021e-05,0.008453801919860515,-0.004629969868449958,44384.0,44003.0,-0.008246214852198806,0.0003408858486921269,0,0.0028307569426571093,44365.255216889265,44080.244783110735,0.006444882640236623,1,15924.438444924406,-2.12975826574678,44222.75,-4.802911129192659,2.2170747848959826,-0.002537956038975775,0,0.9595999999999999,32711.0,3843.0,0.0,923.0,0.0,379.0,-544.0,0.0
2026-06-12 02:05:00,44013.0,44021.0,43963.0,44000.0,445,02:05:00,2026-06-12,4,-0.0004089236221546111,445,43895.29094317644,0.0023854280168481897,8.40157136504422,49.51348183796544,-41.111910472921224,63.857142857142854,36.68430335006423,0.0,13.0,8.0,37.0,56.8,0,43649.0,43648.0,2.291055718475021e-05,0.008041421338403904,-0.004654371886010199,44384.0,43963.0,-0.008651766402306943,0.0008416168141391434,0,0.002368675043937852,44368.97522379441,44042.52477620559,0.007384796040986002,0,15320.813771517996,10755.1124281011,44205.75,-8.306492625868792,2.840727736975163,-0.0004089236221546111,0,0.9595999999999999,32711.0,3843.0,0.0,923.0,0.0,379.0,-544.0,0.0
2026-06-12 02:06:00,43991.0,44000.0,43901.0,43905.0,379,02:06:00,2026-06-12,4,-0.002159090909090944,379,43896.102801405155,0.00020268766535145935,-11.949494628774119,37.220886544617535,-49.170381173391654,64.42857142857143,23.050847457080152,0.0,86.0,9.0,4.0,70.4,1,43649.0,43648.0,2.291055718475021e-05,0.005864968269605126,-0.006339241056374032,44342.0,43901.0,-0.00985521627351022,9.111409762875355e-05,0,0.00020136196579490523,44388.16794299489,43982.032057005104,0.009191693262882264,0,11452.164487267723,-1482.4280926756676,44185.1,-11.619364099782183,2.387401574788111,-0.002159090909090944,0,0.9595999999999999,32711.0,3843.0,0.0,923.0,0.0,379.0,-544.0,0.0
2026-06-12 02:07:00,43915.0,44006.0,43912.0,44006.0,135,02:07:00,2026-06-12,4,0.002300421364309413,135,43896.66611783868,0.002490710384880187,-19.700905368903477,25.836528161913332,-45.53743353081681,68.78571428571429,34.1074020312373,47.19626168158136,91.0,0.0,3.0,76.4,1,43649.0,43648.0,2.291055718475021e-05,0.008178881532222773,-0.0037411212044032322,44329.0,43901.0,-0.007286426492814923,0.0023917450627547803,0,0.002475227261200873,44383.768605993,43958.731394007,0.009622485485151249,0,3971.129679144385,-7506.267054327368,44171.25,-11.645589656907362,0.849056603768245,0.002300421364309413,0,0.9595999999999999,32711.0,3843.0,0.0,923.0,0.0,379.0,-544.0,0.0
2026-06-12 02:08:00,44002.0,44087.0,43977.0,44084.0,215,02:08:00,2026-06-12,4,0.001772485570149529,215,43898.3897670185,0.00422817861809009,-19.327214007251314,16.803779728080404,-36.130993735331714,73.92857142857143,42.12651413110394,65.3284671525694,82.0,3.0,25.0,76.6,1,43649.0,43648.0,2.291055718475021e-05,0.009965864051868086,-0.0017650941591119808,44310.0,43901.0,-0.005100428797111147,0.004168469966515475,0,0.004202944683862295,44372.543622131976,43951.35637786802,0.009537333479702512,0,6281.020543406229,-5900.334905784903,44161.95,-9.908213298044465,1.3018468059261166,0.001772485570149529,0,0.9595999999999999,32711.0,3843.0,0.0,923.0,0.0,379.0,-544.0,0.0
2026-06-12 02:09:00,44077.0,44116.0,44051.0,44055.0,123,02:09:00,2026-06-12,4,-0.0006578350421921897,123,43899.51676580055,0.0035417983079160434,-21.12757303721446,9.21750917502143,-30.34508221223589,76.07142857142857,38.96276595672144,86.05769230645109,22.0,39.0,4.0,58.8,0,43649.0,43648.0,2.291055718475021e-05,0.00930147311507688,-0.0021732261706711845,44286.0,43901.0,-0.005216095380029689,0.003507892758707011,0,0.003521628282051562,44359.65475241989,43942.245247580104,0.009454145490409092,0,4177.922127987664,-6351.849353340506,44150.95,-7.728849770624363,0.7314897412980583,-0.0006578350421921897,1,0.9595999999999999,32711.0,3843.0,0.0,923.0,0.0,379.0,-544.0,0.0
2026-06-12 02:10:00,44053.0,44059.0,44015.0,44059.0,50,02:10:00,2026-06-12,4,9.079559641356205e-05,50,43899.89357826811,0.0036243008527622475,-21.978252356559096,2.9783568687053243,-24.956609225264422,77.07142857142857,39.44223107496389,73.87387387187728,6.0,0.0,38.0,57.4,0,43649.0,43648.0,2.291055718475021e-05,0.00939311324428946,-0.0018542914329922667,44286.0,43901.0,-0.005125773382107097,0.003599006856335765,0,0.0036045164905498884,44346.661641015206,43935.03835898479,0.009325223280258641,0,2442.2949002217297,-3849.8737196919146,44140.85,-6.882304666497203,0.30284675953783863,9.079559641356205e-05,-1,0.9595999999999999,32711.0,3843.0,0.0,923.0,0.0,379.0,-544.0,0.0
2026-06-12 02:11:00,44065.0,44077.0,44046.0,44072.0,40,02:11:00,2026-06-12,4,0.00029505889829550824,40,43900.23654964686,0.00391258598706833,-21.357237551412254,-1.8887620153181914,-19.46847553609406,74.42857142857143,43.78531073359747,36.95652173672023,7.0,5.0,19.0,41.6,0,43649.0,43648.0,2.291055718475021e-05,0.009690943664230345,-0.0014704249732083582,44286.0,43901.0,-0.004832226888858673,0.003895127673629214,0,0.0038916065775605733,44344.9120441819,43928.8879558181,0.009425765931993277,0,3131.2255772646536,-5014.782143083751,44136.9,-5.672303872450296,0.27027027026844413,0.00029505889829550824,-1,0.9595999999999999,32711.0,3843.0,0.0,923.0,0.0,379.0,-544.0,0.0
2026-06-12 02:12:00,44063.0,44120.0,44059.0,44117.0,62,02:12:00,2026-06-12,4,0.0010210564530768185,62,43900.87339959278,0.004923059239391274,-17.037556578143267,-4.918520927883207,-12.11903565026006,74.0,42.898134862839925,99.99999999516129,54.0,3.0,4.0,34.2,1,43649.0,43648.0,2.291055718475021e-05,0.01072189511787187,-0.00033082870324208086,44286.0,43901.0,-0.0038161044122295125,0.004920161271952691,0,0.004897320749920961,44335.740715138745,43927.45928486125,0.00925145316003689,0,5582.151020408163,3361.070047269789,44131.6,-4.382691652161176,0.43130434782308663,0.0010210564530768185,-1,0.9595999999999999,32711.0,3843.0,0.0,923.0,0.0,379.0,-544.0,0.0
2026-06-12 02:13:00,44113.0,44128.0,44092.0,44102.0,118,02:13:00,2026-06-12,4,-0.00034000498673980584,118,43902.12686080812,0.004552698319732239,-14.655612150891102,-6.8659391724847865,-7.7896729784063155,73.57142857142857,42.23163841724401,79.45205479125539,11.0,15.0,10.0,20.0,0,43649.0,43648.0,2.291055718475021e-05,0.010378244633324697,-0.000531439339428755,44286.0,43901.0,-0.004154811904439232,0.004578483405844865,0,0.004529656676404949,44325.10493917066,43925.79506082933,0.009049423367723632,0,13241.821882951654,44218.76728215525,44125.45,-3.488831773742793,0.8151986183017949,-0.00034000498673980584,0,0.9595999999999999,32711.0,3843.0,0.0,923.0,0.0,379.0,-544.0,0.0
2026-06-12 02:14:00,44098.0,44132.0,44084.0,44131.0,47,02:14:00,2026-06-12,4,0.000657566550269939,47,43902.641995585895,0.005201463830743034,-10.309010538076109,-7.554553445603052,-2.754457092473057,73.21428571428571,41.235632183078586,83.14606741292766,33.0,1.0,14.0,22.2,1,43649.0,43648.0,2.291055718475021e-05,0.011042635570115901,0.00020511332794680894,44286.0,43901.0,-0.0034999774195004405,0.005239060613653329,0,0.005175609972226981,44318.457907965894,43925.4420920341,0.008907489717290044,0,6543.082018927445,10896.233303776498,44121.95,-3.3871884976073003,0.32169746748582007,0.000657566550269939,-1,0.9595999999999999,32711.0,3843.0,0.0,923.0,0.0,379.0,-544.0,0.0
2026-06-12 02:15:00,44119.0,44139.0,44107.0,44139.0,38,02:15:00,2026-06-12,4,0.00018127846638416045,38,43903.08133121595,0.0053736243933361506,-6.14789519426995,-7.273221795336431,1.1253266010664813,72.0,40.465793303396616,71.15384614974113,20.0,0.0,12.0,25.0,0,43649.0,43648.0,2.291055718475021e-05,0.011225915828541062,0.00047939779477016624,44286.0,43901.0,-0.0033193334236552565,0.005421288808910836,0,0.005347465227431596,44309.005241398656,43926.69475860134,0.008665664414682632,0,5499.285245901639,-148.44774747864983,44117.85,-3.1156812805336767,0.26243093922470695,0.00018127846638416045,-1,0.9595999999999999,32711.0,3843.0,0.0,923.0,0.0,379.0,-544.0,0.0
2026-06-12 02:16:00,44133.0,44196.0,44129.0,44194.0,133,02:16:00,2026-06-12,4,0.0012460635718978263,133,43904.907889827344,0.006584505561384667,1.5697637810080778,-5.504624680067529,7.074388461075607,71.35714285714286,48.82697947113845,99.99999999673913,61.0,2.0,4.0,35.8,1,43649.0,43648.0,2.291055718475021e-05,0.012485967605214037,0.0017533062913887795,44286.0,43901.0,-0.002077405952219616,0.006674107651306197,0,0.006552902592845325,44305.444820397475,43927.85517960253,0.008558891955643484,0,14768.346733668342,1152.8057575536732,44116.65,-1.9943139390069982,0.8923180140832451,0.0012460635718978263,0,0.9595999999999999,32711.0,3843.0,0.0,923.0,0.0,379.0,-544.0,0.0
2026-06-12 02:17:00,44188.0,44219.0,44177.0,44219.0,104,02:17:00,2026-06-12,4,0.000565687649907165,104,43906.487481863885,0.007117684334580273,9.592775641627668,-2.4851446157284895,12.077920257356158,66.85714285714286,57.09728867496115,99.99999999659092,31.0,0.0,11.0,31.2,0,43649.0,43648.0,2.291055718475021e-05,0.013058718412792663,0.0022529669353303114,44286.0,43901.0,-0.0015128934652034163,0.007243570761485907,0,0.007083303523515795,44313.03368236188,43926.16631763812,0.008768605443470714,0,10451.763636363636,5973.762221120545,44119.6,-0.5326147189774125,0.6986899563271839,0.000565687649907165,-1,0.9595999999999999,32711.0,3843.0,0.0,923.0,0.0,379.0,-544.0,0.0
2026-06-12 02:18:00,44218.0,44221.0,44169.0,44198.0,62,02:18:00,2026-06-12,4,-0.0004749089757796199,62,43907.39312142617,0.006618632032426746,14.094078089212417,0.830699925259692,13.263378163952725,60.42857142857143,66.79104477437485,79.2079207897265,20.0,3.0,29.0,33.0,0,43649.0,43648.0,2.291055718475021e-05,0.012577607734426618,0.0017974237681527589,44286.0,43901.0,-0.0019870839542970244,0.006765221748934951,0,0.006586932039562025,44310.40492676444,43926.99507323556,0.008690415935394082,0,7136.135416666667,2976.478028639987,44118.7,0.192665780403747,0.4204815191561853,-0.0004749089757796199,1,0.9595999999999999,32711.0,3843.0,0.0,923.0,0.0,379.0,-544.0,0.0
2026-06-12 02:19:00,44201.0,44212.0,44181.0,44197.0,72,02:19:00,2026-06-12,4,-2.2625458165559387e-05,72,43908.4401601984,0.006571853583247183,17.380351196705305,4.140630179548815,13.23972101715649,58.5,68.97880539312968,53.19148935830693,4.0,11.0,16.0,27.2,0,43649.0,43648.0,2.291055718475021e-05,0.012554697702123474,0.0017917876963911771,44286.0,43901.0,-0.0020096644537776725,0.006742443224527762,0,0.006540644789741917,44308.230098244305,43927.66990175569,0.008625971888734787,0,7780.40097799511,-4731.704829046549,44117.95,0.29467332628285114,0.4883011190200862,-2.2625458165559387e-05,1,0.9595999999999999,32711.0,3843.0,0.0,923.0,0.0,379.0,-544.0,0.0
2026-06-12 02:20:00,44198.0,44232.0,44189.0,44223.0,114,02:20:00,2026-06-12,4,0.0005882752223000942,114,43910.18512779499,0.0071239706982467775,21.831073988090793,7.678718941257211,14.152355046833582,54.5,85.33333333067851,54.16666666328125,25.0,9.0,9.0,28.2,0,43649.0,43648.0,2.291055718475021e-05,0.013150358542005244,0.002415198865729235,44286.0,43901.0,-0.0014225714672808241,0.00733468485911466,0,0.007090662829964854,44302.67733701317,43930.222662986824,0.008442535018713844,0,10394.684536082474,-54.61193179165781,44116.45,-0.7139683949993779,0.7676767676715982,0.0005882752223000942,-1,0.9595999999999999,32711.0,3843.0,0.0,923.0,0.0,379.0,-544.0,0.0
2026-06-12 02:21:00,44222.0,44227.0,44148.0,44177.0,99,02:21:00,2026-06-12,4,-0.0010401827103543315,99,43911.53343281108,0.006045486149899708,21.399804676628264,10.422936088331422,10.976868588296842,52.92857142857143,71.64556961771383,35.61643835470069,45.0,5.0,29.0,25.0,1,43649.0,43648.0,2.291055718475021e-05,0.012096497056060572,0.0014780625592244164,44286.0,43901.0,-0.002461274443390632,0.006286872736383994,0,0.006018039780487701,44286.14943737842,43937.45056262158,0.007904888822420112,1,9697.390243902439,3589.1342830376802,44111.8,-1.5639626734228749,0.6910994764349662,-0.0010401827103543315,1,0.9595999999999999,32711.0,3843.0,0.0,923.0,0.0,379.0,-544.0,0.0
2026-06-12 02:22:00,44186.0,44203.0,44155.0,44155.0,36,02:22:00,2026-06-12,4,-0.0004979966951128567,36,43911.99720305182,0.005533858909320749,19.06305744198471,12.150960359062081,6.91209708292263,48.5,60.47197639868257,27.659574467202347,31.0,17.0,0.0,25.0,1,43649.0,43648.0,2.291055718475021e-05,0.011592476345391383,0.001041736333020005,44232.0,43901.0,-0.0017408211249773527,0.00578574519942585,0,0.005509136944644605,44278.545194772625,43939.55480522738,0.007685279767876132,1,4150.339425587467,-4665.648419245166,44109.05,-2.0173194810715773,0.25631897472227616,-0.0004979966951128567,1,0.9595999999999999,32711.0,3843.0,0.0,923.0,0.0,379.0,-544.0,0.0
2026-06-12 02:23:00,44168.0,44168.0,44057.0,44109.0,359,02:23:00,2026-06-12,4,-0.001041784622353048,359,43915.48801626016,0.00440646324294936,13.345514082167938,12.389871103683253,0.9556429784846845,51.785714285714285,57.58426966065679,0.0,59.0,0.0,52.0,32.8,1,43649.0,43648.0,2.291055718475021e-05,0.010538614859446712,2.267162419515683e-05,44232.0,43901.0,-0.002780792186652135,0.004737933076695184,0,0.004387230972608904,44277.20868460497,43938.79131539503,0.007672471415841465,1,23286.957352941175,12402.755246786463,44108.0,-1.9153853041205922,2.4207687120538046,-0.001041784622353048,0,0.9595999999999999,32711.0,3843.0,0.0,923.0,0.0,379.0,-544.0,0.0
2026-06-12 02:24:00,44111.0,44178.0,44099.0,44122.0,198,02:24:00,2026-06-12,4,0.00029472443265543546,198,43917.568766708544,0.004654885027388385,9.750908725254703,11.862078627997544,-2.1111699027428408,54.285714285714285,58.63013698405254,16.049382715454954,11.0,56.0,12.0,34.2,0,43649.0,43648.0,2.291055718475021e-05,0.010836445279387596,0.00019948677493364145,44232.0,43901.0,-0.0024868873213962184,0.005034053893988633,0,0.004634241752841585,44277.071066128745,43949.32893387125,0.007429570565216039,1,10838.90322580645,1177.1342115697335,44113.2,0.3173753961511838,1.3997879109126916,0.00029472443265543546,0,0.9595999999999999,32711.0,3843.0,0.0,923.0,0.0,379.0,-544.0,0.0
2026-06-12 02:25:00,44126.0,44192.0,44125.0,44191.0,105,02:25:00,2026-06-12,4,0.0015638457005575646,105,43918.83951032704,0.0061968962000683225,12.327774514276825,11.955217805253401,0.3725567090234243,57.07142857142857,64.1330166249457,64.06249999849854,65.0,1.0,1.0,42.2,1,43649.0,43648.0,2.291055718475021e-05,0.012417237508304603,0.0015468210843612073,44232.0,43901.0,-0.000926930728884045,0.006605772078084632,0,0.006168257637453607,44281.01011233502,43964.48988766498,0.007173628676137103,1,5821.900878293601,4027.5295133711365,44122.75,3.1059385772300896,0.8437123342640119,0.0015638457005575646,0,0.9595999999999999,32711.0,3843.0,0.0,923.0,0.0,379.0,-544.0,0.0
2026-06-12 02:26:00,44176.0,44200.0,44150.0,44200.0,63,02:26:00,2026-06-12,4,0.00020366137901373094,63,43919.63808747884,0.006383520555491219,14.924147716345033,12.549003787471728,2.375143928873305,56.285714285714285,60.77922077701062,99.9999999967033,24.0,0.0,26.0,38.0,0,43649.0,43648.0,2.291055718475021e-05,0.012623427799032909,0.001416029453412599,44232.0,43912.0,-0.0007234581298607181,0.006558571688832061,0,0.006352011611920844,44261.61454810396,44013.38545189604,0.005623995382790317,1,3659.132720105125,-8428.677192710635,44137.5,6.688129137571416,0.5798435342790625,0.00020366137901373094,-1,0.9595999999999999,32711.0,3843.0,0.0,923.0,0.0,379.0,-544.0,0.0
2026-06-12 02:27:00,44201.0,44205.0,44170.0,44179.0,24,02:27:00,2026-06-12,4,-0.0004751131221719662,24,43919.94257220361,0.005898400877243816,15.11305381236889,13.061813792451161,2.051240019917728,56.214285714285715,59.84654731243516,78.78787878549127,22.0,4.0,9.0,36.2,0,43649.0,43648.0,2.291055718475021e-05,0.012142317120666863,0.0007441192493569157,44232.0,43977.0,-0.0011982275275818142,0.004593310139390941,0,0.005868177129747075,44254.83065241319,44037.46934758681,0.004923675220293836,1,1415.6154873164219,-8693.949509627535,44146.15,7.46941958416174,0.2327837051383823,-0.0004751131221719662,1,0.9595999999999999,32711.0,3843.0,0.0,923.0,0.0,379.0,-544.0,0.0
2026-06-12 02:28:00,44180.0,44198.0,44161.0,44190.0,15,02:28:00,2026-06-12,4,0.00024898707530729425,15,43920.1313242446,0.006144532532543328,15.966321507963585,13.642715335553646,2.3236061724099386,55.42857142857143,57.90884718281307,48.780487801308745,10.0,8.0,19.0,26.4,0,43649.0,43648.0,2.291055718475021e-05,0.012394327476001459,0.0008731310070224657,44232.0,44015.0,-0.0009495387954421924,0.003975917300920051,0,0.006112340042181996,44257.680087910085,44045.21991208991,0.004812076971881341,1,1636.6666666666667,-7188.776138788584,44151.45,6.504580970133794,0.16111707840858092,0.00024898707530729425,-1,0.9595999999999999,32711.0,3843.0,0.0,923.0,0.0,379.0,-544.0,0.0
2026-06-12 02:29:00,44195.0,44195.0,44164.0,44180.0,27,02:29:00,2026-06-12,4,-0.00022629554197783897,27,43920.46609656666,0.005909179170883611,15.655162904717145,14.045204849386348,1.6099580553307966,55.357142857142854,55.466666664595905,26.190476188605444,15.0,0.0,16.0,27.2,0,43649.0,43648.0,2.291055718475021e-05,0.012165227152970007,0.0005050081865677426,44232.0,44015.0,-0.0011756194610236669,0.0037487220265817623,0,0.005877432552721984,44254.31012259551,44061.08987740448,0.004375686351214459,1,5097.692307692308,3931.4222730512315,44157.7,4.576607193428964,0.30577576443594817,-0.00022629554197783897,1,0.9595999999999999,32711.0,3843.0,0.0,923.0,0.0,379.0,-544.0,0.0
2026-06-12 02:30:00,44200.0,44208.0,44174.0,44178.0,27,02:30:00,2026-06-12,4,-4.5269352648258376e-05,27,43920.80902396743,0.0058557886739339995,15.073427099829132,14.250849299474904,0.8225778003542281,53.0,47.51552794824467,47.82608695028355,22.0,8.0,4.0,18.6,1,43649.0,43648.0,2.291055718475021e-05,0.012119407088363718,0.00032492785356278797,44232.0,44046.0,-0.0012208355941399616,0.0029968669118648006,0,0.005823589672333847,44248.622503283375,44078.67749671663,0.003848074300170934,1,7646.192307692308,44013.20045026614,44163.65,3.9641055901817035,0.30981067125289946,-4.5269352648258376e-05,1,0.9595999999999999,32711.0,3843.0,0.0,923.0,0.0,379.0,-544.0,0.0
2026-06-12 02:31:00,44184.0,44207.0,44179.0,44207.0,46,02:31:00,2026-06-12,4,0.0006564353298021963,46,43921.41532968341,0.006502173670245431,16.759264550702937,14.752532349720513,2.006732200982425,52.07142857142857,48.159509200385784,70.73170731189768,23.0,0.0,5.0,18.4,1,43649.0,43648.0,2.291055718475021e-05,0.012783798025154924,0.0008286092043539954,44232.0,44057.0,-0.000565201663953686,0.003404680300519704,0,0.006465521487615724,44245.6047030902,44095.195296909806,0.003405208152527219,1,14629.654676258993,79386.8921156354,44170.4,4.292044768632596,0.526014865631492,0.0006564353298021963,-1,0.9595999999999999,32711.0,3843.0,0.0,923.0,0.0,379.0,-544.0,0.0
2026-06-12 02:32:00,44207.0,44262.0,44207.0,44244.0,185,02:32:00,2026-06-12,4,0.0008369715203475625,185,43924.176372502756,0.007281266352838244,20.840655550098745,15.970156989796159,4.870498560302586,52.285714285714285,56.725146196508334,97.05882352512975,37.0,18.0,0.0,21.4,1,43649.0,43648.0,2.291055718475021e-05,0.01363146922037129,0.0015222939668490434,44262.0,44057.0,-0.0004066693777958428,0.004244501441314564,0,0.007239636856428708,44254.37765377139,44099.12234622861,0.003514412163474732,1,27283.8,43521.86509732911,44176.75,4.314083387495932,1.9764957264746101,0.0008369715203475625,0,0.9595999999999999,32711.0,3843.0,0.0,923.0,0.0,379.0,-544.0,0.0
2026-06-12 02:33:00,44239.0,44239.0,44148.0,44153.0,60,02:33:00,2026-06-12,4,-0.0020567760600307405,60,43924.898698039215,0.005192984132504385,16.541566953615984,16.084438982560126,0.4571279710558578,56.92857142857143,44.90740740595208,42.03821655970628,86.0,0.0,5.0,36.6,1,43649.0,43648.0,2.291055718475021e-05,0.011546656280785092,-0.0005953014194430947,44262.0,44057.0,-0.002462609009985937,0.002178995392332611,0,0.005163080944260778,44249.592920947405,44109.0070790526,0.003182165446143362,1,7678.782608695652,42.62291568387253,44179.3,3.543638263594937,0.6615214994414386,-0.0020567760600307405,1,0.9595999999999999,32711.0,3843.0,0.0,923.0,0.0,379.0,-544.0,0.0
2026-06-12 02:34:00,44158.0,44204.0,44158.0,44202.0,24,02:34:00,2026-06-12,4,0.0011097773650714515,24,43925.195512519196,0.006301724653721917,16.893659170578758,16.246283020163855,0.6473761504149032,57.5,47.69230769084024,48.58757062064541,44.0,2.0,0.0,42.4,1,43649.0,43648.0,2.291055718475021e-05,0.012669247863639198,0.0004334260917980851,44262.0,44057.0,-0.0013555645926528093,0.0032911909571690474,0,0.006264975832948702,44249.972119646576,44115.72788035342,0.003038378902518788,1,3101.8947368421054,-7879.721151671571,44182.85,2.818629670547944,0.2680067001645114,0.0011097773650714515,-1,0.9595999999999999,32711.0,3843.0,0.0,923.0,0.0,379.0,-544.0,0.0
2026-06-12 02:35:00,44194.0,44205.0,44181.0,44181.0,27,02:35:00,2026-06-12,4,-0.0004750916248134063,27,43925.529896874956,0.00581598227101214,15.30178088847606,16.057382593826297,-0.7556017053502373,53.57142857142857,50.465116277426716,30.434782608128543,13.0,11.0,0.0,40.6,0,43649.0,43648.0,2.291055718475021e-05,0.012188137185273153,-8.939695529805965e-05,44262.0,44057.0,-0.0018300122000812927,0.0028145357150962886,0,0.005781835288373949,44248.84621517957,44121.053784820426,0.0028922162491785038,1,3487.9736842105262,-8721.595348078154,44184.95,1.8561800041870644,0.30337078651344523,-0.0004750916248134063,1,0.9595999999999999,32711.0,3843.0,0.0,923.0,0.0,379.0,-544.0,0.0
2026-06-12 02:36:00,44185.0,44207.0,44168.0,44171.0,38,02:36:00,2026-06-12,4,-0.00022634164007151458,38,43925.986612930945,0.005577868727868767,13.082482737096143,15.462402622480266,-2.3799198853841226,52.92857142857143,51.91387559634738,61.24999999770312,14.0,22.0,3.0,38.8,0,43649.0,43648.0,2.291055718475021e-05,0.011959036862241703,-0.00028969893943034825,44262.0,44057.0,-0.0020559396321900942,0.002587557028394975,0,0.005545321748447386,44247.83814651447,44119.761853485536,0.0028987161138003485,1,5025.443113772455,-3455.4168676666095,44183.8,1.0185765731915173,0.4510385756623022,-0.00022634164007151458,1,0.9595999999999999,32711.0,3843.0,0.0,923.0,0.0,379.0,-544.0,0.0
2026-06-12 02:37:00,44175.0,44230.0,44175.0,44213.0,47,02:37:00,2026-06-12,4,0.000950850105272627,47,43926.60199819197,0.006519921614237646,14.545055607246468,15.278933219433508,-0.7338776121870403,49.214285714285715,62.56038647131439,57.53424657297805,38.0,17.0,0.0,39.0,0,43649.0,43648.0,2.291055718475021e-05,0.012921258218973794,0.0006676700578270018,44262.0,44057.0,-0.0011070444173331276,0.0035408675125404923,0,0.0064820125569053245,44246.89682873156,44120.10317126844,0.002869706054593091,1,10602.09693877551,24179.422057271393,44183.5,0.1471159058325697,0.577395577388484,0.000950850105272627,-1,0.9595999999999999,32711.0,3843.0,0.0,923.0,0.0,379.0,-544.0,0.0
2026-06-12 02:38:00,44210.0,44239.0,44208.0,44238.0,50,02:38:00,2026-06-12,4,0.0005654445525071772,50,43927.305793991414,0.007072917411909131,17.519492407423968,15.7270450570316,1.7924473503923686,45.785714285714285,63.61502347208778,87.0129870095969,28.0,1.0,2.0,27.4,1,43649.0,43648.0,2.291055718475021e-05,0.01349400902655242,0.0011881725905556985,44262.0,44057.0,-0.0005422258370611238,0.004108314229293777,0,0.007031587421406994,44253.20057916693,44117.79942083307,0.0030643799059387094,1,11891.935483870968,24094.10895989202,44185.5,0.12447677320058309,0.6188118811804603,0.0005654445525071772,-1,0.9595999999999999,32711.0,3843.0,0.0,923.0,0.0,379.0,-544.0,0.0
2026-06-12 02:39:00,44227.0,44227.0,44196.0,44208.0,30,02:39:00,2026-06-12,4,-0.0006781500067815083,30,43927.701341656575,0.006380908852100843,17.25707688156399,16.03305142193808,1.22402545962591,43.785714285714285,52.19638242705233,69.07216494631736,19.0,0.0,12.0,22.4,0,43649.0,43648.0,2.291055718475021e-05,0.012806708057458068,0.0004967631186765188,44262.0,44057.0,-0.0012200081333875285,0.0034273781691898353,0,0.006343600714329943,44254.32028326757,44117.77971673244,0.003090128367100591,1,6907.5,3745.056592262845,44186.05,0.5092364169673047,0.38119440914382213,-0.0006781500067815083,1,0.9595999999999999,32711.0,3843.0,0.0,923.0,0.0,379.0,-544.0,0.0
2026-06-12 02:40:00,44200.0,44212.0,44190.0,44204.0,21,02:40:00,2026-06-12,4,-9.048136083966707e-05,21,43927.96942337227,0.006283708995682824,16.535730507937842,16.133587239138034,0.4021432687998079,41.785714285714285,50.523560207572444,42.37288135377765,4.0,8.0,10.0,20.6,0,43649.0,43648.0,2.291055718475021e-05,0.01271506792824549,0.00042774600487496985,44262.0,44057.0,-0.001310379106231049,0.00333658669450931,0,0.006247141607187138,44251.71404939974,44118.485950600254,0.003015226825320891,1,4990.774193548387,-5292.653686936768,44185.1,0.36212613305839164,0.28359216745059296,-9.048136083966707e-05,1,0.9595999999999999,32711.0,3843.0,0.0,923.0,0.0,379.0,-544.0,0.0
2026-06-12 02:41:00,44200.0,44222.0,44196.0,44200.0,50,02:41:00,2026-06-12,4,-9.048954845713997e-05,50,43928.614895296465,0.006177866189279432,15.463043400312017,15.99947847137283,-0.5364350710608132,41.142857142857146,52.87671232673897,0.0,0.0,22.0,4.0,17.8,0,43649.0,43648.0,2.291055718475021e-05,0.012623427799032909,0.00031118277744772844,44262.0,44057.0,-0.0014007500790745697,0.0032457952198287846,0,0.006141845137424626,44253.069080150584,44119.430919849416,0.0030244286469470858,1,11161.61616161616,-614.1299061412998,44186.25,0.16973894150796076,0.6983240223366156,-9.048954845713997e-05,1,0.9595999999999999,32711.0,3843.0,0.0,923.0,0.0,379.0,-544.0,0.0
2026-06-12 02:42:00,44200.0,44230.0,44200.0,44230.0,16,02:42:00,2026-06-12,4,0.0006787330316742057,16,43928.83120679256,0.006855834424314628,16.839564402587712,16.16749565761581,0.6720687449719023,40.642857142857146,55.208333331320524,78.94736841481995,30.0,0.0,0.0,16.2,1,43649.0,43648.0,2.291055718475021e-05,0.013310728768127259,0.0009051821679112717,44262.0,44057.0,-0.000722967782748165,0.003926731279932726,0,0.006815315528568344,44257.84502462902,44122.15497537098,0.0030706053237846377,1,4237.604790419162,-3865.212029794916,44190.0,0.8939472978456072,0.22662889518092594,0.0006787330316742057,-1,0.9595999999999999,32711.0,3843.0,0.0,923.0,0.0,379.0,-544.0,0.0
2026-06-12 02:43:00,44224.0,44235.0,44209.0,44233.0,26,02:43:00,2026-06-12,4,6.78272665610713e-05,26,43929.188856449946,0.006915928826795076,17.965447644797678,16.527086055052184,1.4383615897454938,40.285714285714285,57.0291777167151,89.18918918195763,9.0,2.0,15.0,12.4,0,43649.0,43648.0,2.291055718475021e-05,0.013379458865036694,0.0008326507708808016,44262.0,44099.0,-0.0006551895531155246,0.003038617655729086,0,0.00687414627388887,44254.92899399226,44137.471006007734,0.002657649028299341,1,8042.363636363636,6114.46105247571,44196.2,2.5121590762493566,0.48192771083444064,6.78272665610713e-05,-1,0.9595999999999999,32711.0,3843.0,0.0,923.0,0.0,379.0,-544.0,0.0
2026-06-12 02:44:00,44235.0,44258.0,44230.0,44253.0,111,02:44:00,2026-06-12,4,0.0004521511089006225,111,43930.815275856774,0.007333911791076708,20.23825704943738,17.269320253929223,2.9689367955081565,39.857142857142854,59.49367088396731,99.99999999433962,18.0,5.0,5.0,12.2,1,43649.0,43648.0,2.291055718475021e-05,0.013837659511099595,0.0011368070991057992,44262.0,44125.0,-0.0002033346888979214,0.0029008498583568748,0,0.007288793664267919,44255.55699712991,44149.94300287009,0.0023893082276514794,1,21928.941964285714,9646.74438429218,44202.75,3.734193329372825,2.2379032257613325,0.0004521511089006225,0,0.9595999999999999,32711.0,3843.0,0.0,923.0,0.0,379.0,-544.0,0.0
2026-06-12 02:45:00,44250.0,44250.0,44224.0,44250.0,39,02:45:00,2026-06-12,4,-6.779201410078706e-05,39,43931.37260496725,0.007252844064260317,21.548996531149896,18.125255509373357,3.4237410217765394,39.857142857142854,55.82655826346458,88.46153845133136,0.0,0.0,26.0,11.4,0,43649.0,43648.0,2.291055718475021e-05,0.013768929414190159,0.0010021332090658424,44262.0,44148.0,-0.0002711129185305619,0.002310410437618866,0,0.007207835076307921,44262.20561219066,44149.19438780934,0.0025564853487518016,1,7131.198347107438,6828.37050597646,44205.7,3.552840009051163,0.8423326133727359,-6.779201410078706e-05,0,0.9595999999999999,32711.0,3843.0,0.0,923.0,0.0,379.0,-544.0,0.0
2026-06-12 02:46:00,44247.0,44284.0,44247.0,44283.0,104,02:46:00,2026-06-12,4,0.0007457627118643284,104,43932.99198461045,0.007966860429450044,24.962835195961816,19.492771446691048,5.470063749270768,38.57142857142857,55.34246575130194,94.64285713778699,36.0,1.0,0.0,18.6,1,43649.0,43648.0,2.291055718475021e-05,0.014524960480193945,0.0016546086449060516,44284.0,44148.0,-2.258151928461696e-05,0.0030578961674367342,0,0.0079169690779213,44275.96720055362,44143.73279944638,0.0029910619716474697,1,15558.891891891892,9346.16811100432,44209.85,3.0885008213379104,2.1509824198107346,0.0007457627118643284,0,0.9595999999999999,32711.0,3843.0,0.0,923.0,0.0,379.0,-544.0,0.0
2026-06-12 02:47:00,44285.0,44296.0,44278.0,44285.0,83,02:47:00,2026-06-12,4,4.5164058442237476e-05,83,43934.330154529416,0.00798168184736563,27.512562523697852,21.096729662092407,6.415832861605445,33.0,73.91304347451165,92.10526315062327,0.0,11.0,7.0,12.6,0,43649.0,43648.0,2.291055718475021e-05,0.014570780544800235,0.0015797752580280055,44296.0,44148.0,-0.0002483294202636751,0.0031031983328802418,0,0.007930988484050737,44287.55027623241,44142.74972376759,0.0032749080906615633,0,10125.77134986226,-5382.462425066624,44215.15,2.8052553291370907,1.6179337231653426,4.5164058442237476e-05,0,0.9595999999999999,32711.0,3843.0,0.0,923.0,0.0,379.0,-544.0,0.0
2026-06-12 02:48:00,44289.0,44295.0,44273.0,44295.0,58,02:48:00,2026-06-12,4,0.0002258100937111429,58,43935.262780255456,0.008187892753567457,29.9943994611167,22.876263621897266,7.118135839219434,30.928571428571427,69.62025316044438,99.99999999333333,6.0,0.0,16.0,12.0,0,43649.0,43648.0,2.291055718475021e-05,0.014799880867831686,0.0016870041881122029,44296.0,44148.0,-2.2575401842152283e-05,0.0033297091600977776,0,0.008135096465534815,44299.99211808776,44140.807881912246,0.00359979186473908,0,6504.0759493670885,-879.4067521550899,44220.4,3.3253630187972063,1.085126286228529,0.0002258100937111429,0,0.9595999999999999,32711.0,3843.0,0.0,923.0,0.0,379.0,-544.0,0.0
2026-06-12 02:49:00,44296.0,44312.0,44289.0,44312.0,105,02:49:00,2026-06-12,4,0.00038379049554126965,105,43937.017950692214,0.00853453572403563,32.95316743816511,24.891644385150833,8.061523053014277,30.857142857142858,78.11158797813921,99.99999998965517,16.0,0.0,7.0,11.6,1,43649.0,43648.0,2.291055718475021e-05,0.015189351416985152,0.0019219029099870686,44312.0,44148.0,0.0,0.0037147775663675885,0,0.008478577550088802,44314.03054514377,44139.96945485623,0.0039356295992839276,0,11960.82262210797,-2312.548538022146,44227.0,3.87922600958869,1.8308631211537776,0.00038379049554126965,0,0.9595999999999999,32711.0,3843.0,0.0,923.0,0.0,379.0,-544.0,0.0
2026-06-12 02:50:00,44314.0,44342.0,44310.0,44332.0,80,02:50:00,2026-06-12,4,0.0004513450081242709,80,43938.429501933,0.008957318286710146,36.49119742088806,27.21155499229828,9.279642428589778,30.357142857142858,83.12757201167166,99.99999999361702,18.0,10.0,4.0,15.2,1,43649.0,43648.0,2.291055718475021e-05,0.01564755206304805,0.002199630606740878,44342.0,44148.0,-0.00022551982319245355,0.004167799220802661,0,0.008897324907074969,44330.30466845368,44139.09533154631,0.004322609555560809,0,8247.813953488372,-1854.631446323774,44234.7,4.421561387894338,1.3333333333111113,0.0004513450081242709,0,0.9595999999999999,32711.0,3843.0,0.0,923.0,0.0,379.0,-544.0,0.0
2026-06-12 02:51:00,44334.0,44363.0,44333.0,44335.0,77,02:51:00,2026-06-12,4,6.767120815664995e-05,77,43939.83277867722,0.008993371078884352,39.086620371221215,29.58656806808287,9.500052303138347,28.357142857142858,79.90196077883026,99.9999999925,1.0,28.0,1.0,8.2,0,43649.0,43648.0,2.291055718475021e-05,0.015716282159957486,0.002122460788723593,44363.0,44148.0,-0.0006311565944593326,0.004235752468967921,0,0.00893212920390249,44345.61874673772,44136.58125326228,0.004724961483223329,0,8470.955334987593,3024.0719833720605,44241.1,4.681097412053506,1.2510154345856863,6.767120815664995e-05,0,0.9595999999999999,32711.0,3843.0,0.0,923.0,0.0,379.0,-544.0,0.0
2026-06-12 02:52:00,44340.0,44345.0,44283.0,44292.0,64,02:52:00,2026-06-12,4,-0.0009698883500620648,64,43940.8855754858,0.007990608744355258,37.24444039929949,31.118142534326196,6.126297864973296,30.571428571428573,62.162162158242026,34.84848484690083,48.0,5.0,9.0,17.8,1,43649.0,43648.0,2.291055718475021e-05,0.01473115077092225,0.0010962062223829243,44363.0,44148.0,-0.0016004327930933075,0.0032617559119325168,0,0.007935954988059053,44350.47466497233,44136.52533502767,0.0048357234383504324,0,7382.0,-3828.183701716831,44243.5,3.7307527076220413,1.1531531531323758,-0.0009698883500620648,0,0.9595999999999999,32711.0,3843.0,0.0,923.0,0.0,379.0,-544.0,0.0
2026-06-12 02:53:00,44296.0,44313.0,44295.0,44300.0,27,02:53:00,2026-06-12,4,0.00018061952497072653,27,43941.32307669339,0.00816263367128431,36.01487557344808,32.09748914215057,3.9173864312975084,29.071428571428573,72.99999999489,20.370370369238685,4.0,13.0,1.0,17.4,0,43649.0,43648.0,2.291055718475021e-05,0.01491443102934741,0.0011107131275444506,44363.0,44158.0,-0.0014201023375334982,0.0032157253498799037,0,0.008105537482479995,44351.66619543378,44150.033804566214,0.004556576672935434,0,3388.385269121813,-5891.777762895935,44250.85,3.650979886831256,0.5013927576508562,0.00018061952497072653,-1,0.9595999999999999,32711.0,3843.0,0.0,923.0,0.0,379.0,-544.0,0.0
2026-06-12 02:54:00,44307.0,44314.0,44296.0,44313.0,28,02:54:00,2026-06-12,4,0.0002934537246048752,28,43941.781927980315,0.008447952170626471,35.67815241275093,32.813621796270645,2.8645306164802875,28.785714285714285,76.0765550188274,32.81249999846192,6.0,1.0,11.0,15.4,0,43649.0,43648.0,2.291055718475021e-05,0.015212261449288295,0.0012789110727487384,44363.0,44168.0,-0.001127065347248808,0.003282919760912804,0,0.008387895807604694,44358.11042485857,44154.689575141434,0.0045964165570884724,0,4495.521739130435,-4693.016830625256,44256.4,3.4583226908921594,0.5180388529043841,0.0002934537246048752,-1,0.9595999999999999,32711.0,3843.0,0.0,923.0,0.0,379.0,-544.0,0.0
2026-06-12 02:55:00,44303.0,44306.0,44274.0,44279.0,59,02:55:00,2026-06-12,4,-0.0007672691986549962,59,43942.68888492311,0.007653403185171743,32.2954986268669,32.7099971623899,-0.41449853552299487,29.714285714285715,66.52719664882267,38.181818179735544,24.0,3.0,5.0,16.6,1,43649.0,43648.0,2.291055718475021e-05,0.014433320350981365,0.0003998978791855795,44363.0,44168.0,-0.0018934697833779977,0.002513131679043595,0,0.007598310828576691,44356.97950888072,44165.62049111928,0.004323393523494213,0,10244.945098039216,3878.278377186691,44261.3,4.023189847096842,1.0601976639521977,-0.0007672691986549962,0,0.9595999999999999,32711.0,3843.0,0.0,923.0,0.0,379.0,-544.0,0.0
2026-06-12 02:56:00,44276.0,44276.0,44238.0,44240.0,52,02:56:00,2026-06-12,4,-0.0008807786987059529,52,43943.4032760616,0.006749516464965358,26.166120320245682,31.401221793961053,-5.235101473715371,30.5,52.01612902932167,15.116279069240122,36.0,0.0,2.0,23.6,1,43649.0,43648.0,2.291055718475021e-05,0.013539829091158709,-0.0005591356553465103,44363.0,44175.0,-0.002772580754232068,0.0014714204867005893,0,0.006700517317693887,44351.256160405384,44178.243839594616,0.003908580096143432,0,10002.08695652174,19518.74170765132,44264.75,3.1411825987526694,0.9228039041539875,-0.0008807786987059529,0,0.9595999999999999,32711.0,3843.0,0.0,923.0,0.0,379.0,-544.0,0.0
2026-06-12 02:57:00,44249.0,44304.0,44246.0,44263.0,115,02:57:00,2026-06-12,4,0.000519891500904146,115,43945.071653159735,0.0072346758096000895,22.900469278647506,29.701071290898344,-6.800602012250838,33.214285714285715,55.59701492246881,23.958333332584644,14.0,41.0,3.0,16.8,0,43649.0,43648.0,2.291055718475021e-05,0.014066759834131045,-9.600777098193143e-05,44363.0,44190.0,-0.002254130694497616,0.0016519574564380708,0,0.007182021626377455,44350.27916417667,44184.22083582333,0.003751268225456302,0,18114.750889679715,30295.102417152666,44267.25,2.4516228161347384,1.924686192436407,0.000519891500904146,0,0.9595999999999999,32711.0,3843.0,0.0,923.0,0.0,379.0,-544.0,0.0
2026-06-12 02:58:00,44267.0,44287.0,44263.0,44280.0,12,02:58:00,2026-06-12,4,0.00038406795743628486,12,43945.24777585978,0.0076174840530560985,21.437062117525784,28.04826945622383,-6.611207338698048,32.92857142857143,55.09433961973087,50.6329113904823,13.0,7.0,4.0,18.6,0,43649.0,43648.0,2.291055718475021e-05,0.01445623038328451,0.00024057276648519157,44363.0,44190.0,-0.0018709284764330215,0.0020366598778003616,0,0.007561715366053735,44351.382791894364,44187.31720810563,0.003706076185639227,0,1997.593984962406,-8050.166237255165,44269.35,1.818744591775577,0.20743301641819478,0.00038406795743628486,-1,0.9595999999999999,32711.0,3843.0,0.0,923.0,0.0,379.0,-544.0,0.0
2026-06-12 02:59:00,44287.0,44295.0,44272.0,44280.0,25,02:59:00,2026-06-12,4,0.0,25,43945.620361364105,0.00760894113875944,20.046221041229728,26.447859773225012,-6.401638731995284,32.5,55.725190836716976,99.9999999925,7.0,8.0,8.0,18.8,0,43649.0,43648.0,2.291055718475021e-05,0.01445623038328451,0.00015923944530470079,44363.0,44190.0,-0.0018709284764330215,0.0020366598778003616,0,0.007552684847878623,44349.80249027702,44196.097509722975,0.003471758275742663,1,4209.125475285171,-5791.752767615501,44272.95,1.8524898480161054,0.4340277777702426,0.0,0,0.9595999999999999,32711.0,3843.0,0.0,923.0,0.0,379.0,-544.0,0.0
2026-06-12 03:00:00,44277.0,44284.0,44268.0,44284.0,22,03:00:00,2026-06-12,4,9.033423667559326e-05,22,43945.943992932866,0.007692541708092356,19.047172094942653,24.96772223756854,-5.920550142625888,31.0,50.214592271660926,99.99999998571428,7.0,0.0,9.0,15.4,0,43649.0,43648.0,2.291055718475021e-05,0.01454787051249709,0.00015922505954007112,44363.0,44196.0,-0.0017807632486531169,0.0019911304190424026,0,0.007635033738031344,44346.69079828907,44207.209201710924,0.0031502078751617325,1,4310.831858407079,-7620.264344422735,44276.95,2.1912361847634743,0.38161318299424785,9.033423667559326e-05,-1,0.9595999999999999,32711.0,3843.0,0.0,923.0,0.0,379.0,-544.0,0.0
2026-06-12 03:01:00,44284.0,44368.0,44284.0,44356.0,115,03:01:00,2026-06-12,4,0.001625869388492518,115,43947.91527136893,0.009285644748134753,23.79096939235751,24.732371668526337,-0.9414022761688265,35.714285714285715,61.71617161431014,99.99999999605264,72.0,12.0,0.0,22.6,1,43649.0,43648.0,2.291055718475021e-05,0.016197392838323534,0.0016089060003725525,44368.0,44200.0,-0.000270465200144242,0.0035294117647058027,0,0.009215017102525319,44353.135517077884,44216.364482922116,0.0030884454390228125,1,17650.31141868512,78357.85225403195,44284.75,3.4787047923679606,1.8883415434829502,0.001625869388492518,0,0.9595999999999999,32711.0,3843.0,0.0,923.0,0.0,379.0,-544.0,0.0
2026-06-12 03:02:00,44349.0,44368.0,44340.0,44357.0,79,03:02:00,2026-06-12,4,2.2544864279883114e-05,79,43949.32368398003,0.009276054370059912,27.316269618051592,25.24915125843139,2.0671183596202027,36.142857142857146,60.54421768419177,99.9999999961039,8.0,11.0,9.0,21.4,0,43649.0,43648.0,2.291055718475021e-05,0.016220302870626677,0.001487883570288387,44368.0,44209.0,-0.0002479264334655552,0.0033477346241714734,0,0.009204474849799636,44361.63151590242,44220.568484097574,0.003184906940781479,1,13850.604743083004,22906.134123133063,44291.1,4.099568698268684,1.2334113973265666,2.2544864279883114e-05,0,0.9595999999999999,32711.0,3843.0,0.0,923.0,0.0,379.0,-544.0,0.0
2026-06-12 03:03:00,44359.0,44375.0,44348.0,44361.0,40,03:03:00,2026-06-12,4,9.01774240817943e-05,40,43950.04416950832,0.009350521444453584,30.086048773591756,26.216530761463464,3.8695180121282924,36.42857142857143,58.71886120703892,99.9999999961039,2.0,14.0,11.0,19.2,0,43649.0,43648.0,2.291055718475021e-05,0.016311942999839256,0.0014334894745752823,44375.0,44224.0,-0.00031549295774647176,0.003097865412445661,0,0.00927717885866403,44369.05564635288,44225.94435364712,0.0032306855399458555,1,6314.73309608541,4648.525629155027,44297.5,4.641241097230706,0.617760617751077,9.01774240817943e-05,-1,0.9595999999999999,32711.0,3843.0,0.0,923.0,0.0,379.0,-544.0,0.0
2026-06-12 03:04:00,44357.0,44362.0,44340.0,44340.0,22,03:04:00,2026-06-12,4,-0.0004733887874484033,22,43950.42591136734,0.008863943421578811,30.23802903763135,27.02083041669704,3.217198620934308,35.714285714285715,51.41843971375937,19.230769228550287,17.0,5.0,0.0,21.2,0,43649.0,43648.0,2.291055718475021e-05,0.015830832321473212,0.0008611378531596445,44375.0,44224.0,-0.0007887323943661795,0.002623010130245961,0,0.008793630257712749,44372.5882870999,44231.1117129001,0.0031934687648437904,1,3508.9208633093526,-8011.977930545344,44301.85,3.8613744008938844,0.36484245438864277,-0.0004733887874484033,1,0.9595999999999999,32711.0,3843.0,0.0,923.0,0.0,379.0,-544.0,0.0
2026-06-12 03:05:00,44350.0,44365.0,44332.0,44343.0,17,03:05:00,2026-06-12,4,6.765899864680236e-05,17,43950.719897001705,0.008925453415042856,30.25182520988892,27.667029375335417,2.5847958345535034,35.857142857142854,51.41843971375937,24.999999997321424,7.0,15.0,11.0,21.2,0,43649.0,43648.0,2.291055718475021e-05,0.015899562418382647,0.0008238068906367955,44375.0,44238.0,-0.0007211267605633641,0.0023735250237351966,0,0.008853782244101563,44375.0811083297,44237.9188916703,0.0030957583347680224,1,2761.285714285714,-8006.378952034784,44306.5,3.476996507199292,0.28716216215731144,6.765899864680236e-05,-1,0.9595999999999999,32711.0,3843.0,0.0,923.0,0.0,379.0,-544.0,0.0
2026-06-12 03:06:00,44355.0,44357.0,44279.0,44283.0,44,03:06:00,2026-06-12,4,-0.0013530884243285746,44,43951.40147522179,0.007544663279170835,25.131559245593962,27.159935349387126,-2.028376103793164,37.0,48.49498327532131,3.5714285713010128,72.0,2.0,4.0,21.2,1,43649.0,43648.0,2.291055718475021e-05,0.014524960480193945,-0.0005303962172593067,44375.0,44238.0,-0.0020732394366196716,0.0010172250101722273,0,0.007484195880473537,44375.0811083297,44237.9188916703,0.0030957583347680224,1,9645.801980198019,5275.074707714226,44306.5,2.031717365539816,0.7829181494522612,-0.0013530884243285746,1,0.9595999999999999,32711.0,3843.0,0.0,923.0,0.0,379.0,-544.0,0.0
2026-06-12 03:07:00,44291.0,44291.0,44242.0,44247.0,80,03:07:00,2026-06-12,4,-0.0008129530519612738,80,43952.473137416615,0.006701030489514105,17.961760450256406,25.320300369560986,-7.3585399193045795,39.0,41.896024463038096,3.0303030302112006,44.0,0.0,5.0,28.4,1,43649.0,43648.0,2.291055718475021e-05,0.013700199317280724,-0.0013000907354991864,44375.0,44238.0,-0.0028845070422534565,0.00020344500203444544,0,0.00664777162153317,44377.649082264776,44231.55091773522,0.0032975845517068413,1,17437.241379310344,39694.02861615077,44304.6,0.620741571740232,1.427297056174357,-0.0008129530519612738,0,0.9595999999999999,32711.0,3843.0,0.0,923.0,0.0,379.0,-544.0,0.0
2026-06-12 03:08:00,44246.0,44290.0,44246.0,44290.0,33,03:08:00,2026-06-12,4,0.0009718172983479434,33,43952.934966045366,0.007668771931044341,15.569903725132463,23.370221040675283,-7.80031731554282,40.857142857142854,46.778711482759384,30.935251797893486,44.0,0.0,0.0,36.8,1,43649.0,43648.0,2.291055718475021e-05,0.01468533070631596,-0.00032389596055462324,44375.0,44238.0,-0.0019154929577464357,0.0011754600117545736,0,0.007607944455897133,44377.57143774907,44231.128562250924,0.0033053836812445233,1,7456.989795918367,17005.498769428617,44304.35,-0.4852561136631093,0.602189781010909,0.0009718172983479434,-1,0.9595999999999999,32711.0,3843.0,0.0,923.0,0.0,379.0,-544.0,0.0
2026-06-12 03:09:00,44288.0,44297.0,44274.0,44290.0,34,03:09:00,2026-06-12,4,0.0,34,43953.426578370265,0.007657501310611291,13.518507103166485,21.399878253173526,-7.881371150007041,39.714285714285715,51.70278637546799,54.430379744768466,2.0,7.0,14.0,33.8,0,43649.0,43648.0,2.291055718475021e-05,0.01468533070631596,-0.0002990751242854577,44375.0,44238.0,-0.0019154929577464357,0.0011754600117545736,0,0.00759703682302602,44376.648336412654,44229.851663587346,0.003313451559994026,1,7239.711538461538,-2494.443123211499,44303.25,-0.7335266834437385,0.6634146341333969,0.0,0,0.9595999999999999,32711.0,3843.0,0.0,923.0,0.0,379.0,-544.0,0.0
2026-06-12 03:10:00,44286.0,44322.0,44279.0,44322.0,108,03:10:00,2026-06-12,4,0.000722510724768588,108,43955.0747745419,0.008347732937326493,14.309937019250356,19.981890006388895,-5.671952987138539,39.857142857142854,62.97468354151378,99.999999996,36.0,0.0,7.0,39.6,0,43649.0,43648.0,2.291055718475021e-05,0.015418451740016602,0.0004345102730643034,44375.0,44238.0,-0.0011943661971830718,0.0018988200189881575,0,0.008282222332882097,44375.45669265319,44230.04330734681,0.003282265441905522,1,16009.284280936456,-818.9122736284364,44302.75,-0.41756386469995094,2.0512820512430907,0.000722510724768588,0,0.9595999999999999,32711.0,3843.0,0.0,923.0,0.0,379.0,-544.0,0.0
2026-06-12 03:11:00,44315.0,44343.0,44312.0,44322.0,43,03:11:00,2026-06-12,4,0.0,43,43955.76002293414,0.00833201329870678,14.766926987475017,18.93889740260612,-4.171970415131103,37.5,60.06825938279537,99.999999990625,7.0,21.0,3.0,26.6,0,43649.0,43648.0,2.291055718475021e-05,0.015418451740016602,0.00044918863891330225,44375.0,44238.0,-0.0011943661971830718,0.0018988200189881575,0,0.008266876221801025,44373.81845537081,44230.381544629185,0.003237700035475171,1,6395.456375838926,-1423.5414679801208,44302.1,-0.5078508092320506,0.8439646712297554,0.0,0,0.9595999999999999,32711.0,3843.0,0.0,923.0,0.0,379.0,-544.0,0.0
2026-06-12 03:12:00,44332.0,44363.0,44313.0,44353.0,59,03:12:00,2026-06-12,4,0.0006994269211677562,59,43956.739998856196,0.009014772277336913,17.429617965572106,18.637041515199318,-1.2074235496272117,39.357142857142854,61.88925081150993,99.9999999952381,21.0,10.0,19.0,22.0,0,43649.0,43648.0,2.291055718475021e-05,0.0161286627414141,0.001080009885983852,44375.0,44238.0,-0.0004957746478873129,0.0025995750259956915,0,0.008943881267613257,44380.1721721524,44230.1278278476,0.0033866118116019353,1,9447.028880866426,3048.902336340807,44305.15,0.42886244237193777,1.163708086762057,0.0006994269211677562,0,0.9595999999999999,32711.0,3843.0,0.0,923.0,0.0,379.0,-544.0,0.0
2026-06-12 03:13:00,44347.0,44451.0,44343.0,44427.0,552,03:13:00,2026-06-12,4,0.0016684328004870075,552,43967.154124416884,0.010458850128935982,25.22027764395898,19.95368874095125,5.2665889030077295,45.42857142857143,69.29133858013103,99.99999999714285,80.0,24.0,4.0,29.2,1,43649.0,43648.0,2.291055718475021e-05,0.01782400513184683,0.0026065468332147953,44451.0,44238.0,-0.0005399203617466303,0.004272345042723354,0,0.01037757411920395,44404.12147073325,44218.87852926675,0.0041804710169254175,0,30808.67336683417,9244.254037965044,44311.5,1.975046695746878,7.173489278659213,0.0016684328004870075,0,0.9595999999999999,32711.0,3843.0,0.0,923.0,0.0,379.0,-544.0,0.0
2026-06-12 03:14:00,44420.0,44463.0,44403.0,44463.0,141,03:14:00,2026-06-12,4,0.0008103180498346685,141,43969.94890379195,0.01121336523012243,33.90845513962995,22.744642020686992,11.163813118942958,48.57142857142857,71.67070217674724,99.99999999787234,43.0,0.0,17.0,37.4,1,43649.0,43648.0,2.291055718475021e-05,0.01864876629476005,0.0032491707845392894,44463.0,44238.0,0.0,0.005086125050861136,0,0.011125050118640775,44433.77575389823,44204.22424610177,0.005179528143605706,0,6942.72757475083,855.7187583663501,44319.0,3.8147175867512955,1.7070217917468884,0.0008103180498346685,0,0.9595999999999999,32711.0,3843.0,0.0,923.0,0.0,379.0,-544.0,0.0
2026-06-12 03:15:00,44457.0,44463.0,44427.0,44440.0,105,03:15:00,2026-06-12,4,-0.0005172840339158213,105,43972.0103406326,0.010642898874581114,38.49425283407618,25.894564183364828,12.59968865071135,45.142857142857146,61.53846153609467,82.70676691542766,17.0,6.0,13.0,33.6,0,43649.0,43648.0,2.291055718475021e-05,0.018121835551787716,0.0025481055021706733,44463.0,44238.0,-0.0005172840339158285,0.004566210045661998,0,0.010557654059256997,44452.13435048219,44201.96564951781,0.005643702907465613,0,5184.666666666667,-4511.854751320333,44327.05,4.9429919546602274,1.2367491165932065,-0.0005172840339158213,0,0.9595999999999999,32711.0,3843.0,0.0,923.0,0.0,379.0,-544.0,0.0
2026-06-12 03:16:00,44444.0,44467.0,44440.0,44458.0,35,03:16:00,2026-06-12,4,0.00040504050405032466,35,43972.71041261165,0.011036153624252337,43.0843307675168,29.332517500195223,13.75181326732158,45.07142857142857,63.2545931735287,70.12987012713779,14.0,9.0,4.0,35.0,0,43649.0,43648.0,2.291055718475021e-05,0.018534216133244324,0.002707612778669294,44467.0,44242.0,-0.00020239728337868078,0.004882238596808352,0,0.010945241883946882,44468.94855362315,44206.95144637684,0.005909093840520428,0,1744.4282511210763,-9433.78663847338,44337.95,5.969105085586606,0.4164187983293704,0.00040504050405032466,-1,0.9595999999999999,32711.0,3843.0,0.0,923.0,0.0,379.0,-544.0,0.0
2026-06-12 03:17:00,44466.0,44467.0,44439.0,44453.0,68,03:17:00,2026-06-12,4,-0.00011246569796208306,68,43974.059150664194,0.01089144051257231,45.7906957493542,32.62415315002702,13.16654259932718,45.142857142857146,62.04188481448014,39.13043478005671,13.0,1.0,14.0,33.4,0,43649.0,43648.0,2.291055718475021e-05,0.0184196659717286,0.002380069203528062,44467.0,44242.0,-0.000314840218589059,0.004769223814474826,0,0.010799738188684925,44483.03990025578,44211.86009974421,0.006114890495655659,0,3354.943396226415,-5167.6868203390195,44347.45,6.419368668064959,0.8323133414830806,-0.00011246569796208306,0,0.9595999999999999,32711.0,3843.0,0.0,923.0,0.0,379.0,-544.0,0.0
2026-06-12 03:18:00,44451.0,44455.0,44393.0,44421.0,150,03:18:00,2026-06-12,4,-0.00071986142667535,150,43976.82299746905,0.010100252184122206,44.83652933057601,35.06662838613682,9.769900944439193,48.0,60.3053435093021,32.727272725487595,30.0,4.0,28.0,23.4,1,43649.0,43648.0,2.291055718475021e-05,0.01768654493802796,0.0014992841763518585,44467.0,44242.0,-0.0010344750039354795,0.004045929207540255,0,0.010014248893143705,44489.985870301614,44219.014129698386,0.00610922771315701,0,13353.006012024049,15754.80136046814,44354.5,6.192606997306856,1.6930022573172347,-0.00071986142667535,0,0.9595999999999999,32711.0,3843.0,0.0,923.0,0.0,379.0,-544.0,0.0
2026-06-12 03:19:00,44424.0,44434.0,44412.0,44412.0,17,03:19:00,2026-06-12,4,-0.0002026068751266319,17,43977.131531457635,0.009888513720620589,42.86005673088948,36.62531405508735,6.234742675802131,47.214285714285715,58.64661653929561,0.0,12.0,10.0,0.0,17.2,0,43649.0,43648.0,2.291055718475021e-05,0.017480354647299655,0.0011474016649722463,44467.0,44242.0,-0.0012368722873141603,0.003842502599339907,0,0.009802923474448453,44494.14356231118,44228.056437688814,0.005998208444388501,0,2013.344,1541.5695584275365,44361.1,5.2212607935192,0.1927437641701503,-0.0002026068751266319,1,0.9595999999999999,32711.0,3843.0,0.0,923.0,0.0,379.0,-544.0,0.0
2026-06-12 03:20:00,44416.0,44462.0,44405.0,44459.0,36,03:20:00,2026-06-12,4,0.0010582725389534087,36,43977.816897370794,0.010941495885348557,44.57239236668829,38.21472971740754,6.357662649280748,45.714285714285715,72.79792745849956,53.40909090727015,43.0,3.0,11.0,22.4,1,43649.0,43648.0,2.291055718475021e-05,0.01855712616554747,0.0020092472703874243,44467.0,44242.0,-0.00017990869633660513,0.004904841553275058,0,0.010844821486419154,44504.55165864192,44235.14834135808,0.006071765338035467,0,5230.470588235294,5590.339300861054,44369.85,5.051023226814948,0.4049493813227789,0.0010582725389534087,-1,0.9595999999999999,32711.0,3843.0,0.0,923.0,0.0,379.0,-544.0,0.0
2026-06-12 03:21:00,44462.0,44476.0,44428.0,44428.0,84,03:21:00,2026-06-12,4,-0.0006972716435367232,84,43979.415108970694,0.010199883057057664,42.933083906224056,39.15840055517085,3.7746833510532056,45.642857142857146,73.75328083718492,54.02298850388426,34.0,14.0,0.0,26.4,1,43649.0,43648.0,2.291055718475021e-05,0.017846915164149973,0.001229338714929799,44476.0,44242.0,-0.0010792337440417063,0.004204149902807193,0,0.010109308404672076,44510.42249051061,44236.477509489385,0.00617362366507942,0,10512.540845070422,-2127.210280887958,44373.45,4.272396261934435,0.961648540343885,-0.0006972716435367232,0,0.9595999999999999,32711.0,3843.0,0.0,923.0,0.0,379.0,-544.0,0.0
2026-06-12 03:22:00,44435.0,44438.0,44420.0,44436.0,39,03:22:00,2026-06-12,4,0.00018006662465119838,39,43980.133287152115,0.01036528720528108,41.7976361505207,39.686247674240825,2.1113884762798776,43.785714285714285,71.09826589307696,63.953488369862086,1.0,2.0,15.0,24.0,0,43649.0,43648.0,2.291055718475021e-05,0.018030195422575133,0.0013204919621248028,44476.0,44242.0,-0.0008993614533680885,0.0043849735545408355,0,0.010272497100953962,44516.90800768887,44237.89199231113,0.006287344805638307,0,5315.963190184049,16403.65079283048,44377.4,3.674390400599379,0.45694200350958475,0.00018006662465119838,-1,0.9595999999999999,32711.0,3843.0,0.0,923.0,0.0,379.0,-544.0,0.0
2026-06-12 03:23:00,44436.0,44450.0,44433.0,44433.0,10,03:23:00,2026-06-12,4,-6.751282743722165e-05,10,43980.32005485181,0.010292784240396724,40.19239775330789,39.78747769005424,0.40492006325364827,43.357142857142854,70.48710601436441,19.047619046258504,3.0,14.0,0.0,18.6,0,43649.0,43648.0,2.291055718475021e-05,0.0179614653256657,0.001171672562583061,44476.0,44242.0,-0.0009668135623706951,0.004317164685140719,0,0.010199859064648898,44522.42879926647,44239.57120073353,0.006373393986907253,0,2388.8709677419356,-5432.780038730863,44381.0,2.512967702167453,0.11926058437544114,-6.751282743722165e-05,1,0.9595999999999999,32711.0,3843.0,0.0,923.0,0.0,379.0,-544.0,0.0
2026-06-12 03:24:00,44447.0,44450.0,44433.0,44448.0,21,03:24:00,2026-06-12,4,0.0003375869286341704,21,43980.71604536329,0.010624746403735818,39.67328051613731,39.76463825527085,-0.09135773913354228,41.5,68.97590361154921,88.46153845133136,1.0,2.0,14.0,16.4,0,43649.0,43648.0,2.291055718475021e-05,0.018305115810212873,0.0013878124831028685,44476.0,44242.0,-0.0006295530173576619,0.004656209032141299,0,0.010527638074651242,44529.47509989279,44243.32490010721,0.006446799014688615,0,4912.6736842105265,-5326.844616718712,44386.4,2.9184117980468876,0.2505966587082268,0.0003375869286341704,-1,0.9595999999999999,32711.0,3843.0,0.0,923.0,0.0,379.0,-544.0,0.0
2026-06-12 03:25:00,44445.0,44445.0,44428.0,44430.0,14,03:25:00,2026-06-12,4,-0.0004049676025917881,14,43980.97434854524,0.010209543060512038,37.3785501392631,39.287420632069306,-1.9088704928062086,40.714285714285715,65.42857142595429,41.66666666319444,15.0,0.0,2.0,10.8,1,43649.0,43648.0,2.291055718475021e-05,0.017892735228756264,0.0008841932159289744,44476.0,44242.0,-0.0010342656713733017,0.004249355815740603,0,0.01011529770176778,44533.55922128148,44247.94077871852,0.006434188261359749,0,3702.5,-3035.12859751045,44390.75,3.00828800245137,0.16736401673440088,-0.0004049676025917881,1,0.9595999999999999,32711.0,3843.0,0.0,923.0,0.0,379.0,-544.0,0.0
2026-06-12 03:26:00,44429.0,44457.0,44422.0,44450.0,17,03:26:00,2026-06-12,4,0.00045014629754680513,17,43981.29359563196,0.010656949035591256,36.75015967145737,38.77996843994692,-2.029808768489552,39.642857142857146,64.30678465811123,66.03773584531862,21.0,7.0,7.0,8.2,1,43649.0,43648.0,2.291055718475021e-05,0.018350935874819164,0.0011464196346322405,44476.0,44242.0,-0.0005845849446892576,0.00470141494507471,0,0.0105566645352727,44534.730923344374,44263.46907665562,0.006109624895296179,0,7481.683168316832,21318.908678390628,44399.1,4.078321804375419,0.20656136087233826,0.00045014629754680513,-1,0.9595999999999999,32711.0,3843.0,0.0,923.0,0.0,379.0,-544.0,0.0
2026-06-12 03:27:00,44440.0,44478.0,44440.0,44478.0,55,03:27:00,2026-06-12,4,0.0006299212598426251,55,43982.37325276449,0.011268758608980852,38.07264395256789,38.63850354247111,-0.5658595899032264,34.642857142857146,58.70307166955003,72.72727272396693,38.0,0.0,0.0,15.6,1,43649.0,43648.0,2.291055718475021e-05,0.018992416779307224,0.0015165281300768404,44478.0,44246.0,0.0,0.005243411833837969,0,0.011160087664456591,44530.1247716109,44291.175228389104,0.005380455886635077,0,20908.46153846154,32560.249026231744,44410.65,5.463385181046446,0.6785934608182776,0.0006299212598426251,-1,0.9595999999999999,32711.0,3843.0,0.0,923.0,0.0,379.0,-544.0,0.0
2026-06-12 03:28:00,44479.0,44488.0,44445.0,44453.0,101,03:28:00,2026-06-12,4,-0.0005620756328971188,101,43984.32980599647,0.010655390137139748,36.68060008218163,38.24692285041321,-1.5663227682315863,33.42857142857143,48.22695035221568,65.75342465483205,26.0,9.0,8.0,20.2,1,43649.0,43648.0,2.291055718475021e-05,0.0184196659717286,0.000769944257836689,44488.0,44274.0,-0.0007867290055745194,0.004043004923883001,0,0.010551167388662385,44525.137298496295,44312.46270150371,0.004787941074332906,1,21585.35096153846,48299.39489949618,44418.8,6.318884001735251,1.1959739490681351,-0.0005620756328971188,0,0.9595999999999999,32711.0,3843.0,0.0,923.0,0.0,379.0,-544.0,0.0
2026-06-12 03:29:00,44453.0,44487.0,44453.0,44487.0,59,03:29:00,2026-06-12,4,0.0007648527658425941,59,43985.49786445322,0.011401533684857069,37.884205595895764,38.174379399509725,-0.2901738036139605,33.285714285714285,58.020477812927346,71.26436781363456,34.0,0.0,0.0,26.8,1,43649.0,43648.0,2.291055718475021e-05,0.01919860707003553,0.0013133417288168161,44488.0,44279.0,-2.2477971587843408e-05,0.004697486393098202,0,0.011287809455087474,44520.22401377505,44337.075986224954,0.004122295580669012,1,10669.646341463415,4261.024025511875,44428.65,6.655540315007041,0.6884480746710799,0.0007648527658425941,-1,0.9595999999999999,32711.0,3843.0,0.0,923.0,0.0,379.0,-544.0,0.0
2026-06-12 03:30:00,44486.0,44486.0,44456.0,44460.0,19,03:30:00,2026-06-12,4,-0.0006069188751770538,19,43985.86646266994,0.010779224679646567,36.24162637619884,37.78782879484755,-1.5462024186487113,33.57142857142857,50.33112582548135,39.53488371955111,26.0,0.0,4.0,29.0,0,43649.0,43648.0,2.291055718475021e-05,0.018580036197850616,0.0005502351158024722,44488.0,44312.0,-0.0006293832044596154,0.00333995306011908,0,0.010670139951683958,44512.994649157285,44358.10535084272,0.0034857067891487753,1,3365.4980079681277,-8390.365545653742,44435.55,5.60676324260092,0.23384615384327573,-0.0006069188751770538,1,0.9595999999999999,32711.0,3843.0,0.0,923.0,0.0,379.0,-544.0,0.0
2026-06-12 03:31:00,44462.0,44563.0,44458.0,44554.0,409,03:31:00,2026-06-12,4,0.0021142600089969488,409,43994.60074203174,0.012715179784182155,42.04027084650443,38.63831720517892,3.4019536413255054,39.07142857142857,62.91560102076517,82.58064515969198,92.0,9.0,4.0,43.2,1,43649.0,43648.0,2.291055718475021e-05,0.020733579234346246,0.0024039786577991196,44563.0,44313.0,-0.0002019612683167605,0.005438584613995771,0,0.012585717148754135,44522.45226807906,44371.84773192094,0.003388395794963606,1,28339.947122861588,3129.2500980682244,44447.15,6.382432663646596,4.108488196844716,0.0021142600089969488,0,0.9595999999999999,32711.0,3843.0,0.0,923.0,0.0,379.0,-544.0,0.0
2026-06-12 03:32:00,44541.0,44563.0,44528.0,44534.0,87,03:32:00,2026-06-12,4,-0.0004488934775778164,87,43996.47950630929,0.012217352381878993,44.50883536488254,39.812420837119646,4.696414527762897,37.142857142857146,64.90765171264194,66.66666666524823,7.0,22.0,6.0,37.0,0,43649.0,43648.0,2.291055718475021e-05,0.020275378588283346,0.0017500371151830604,44563.0,44343.0,-0.0006507640867984506,0.00430733148411239,0,0.01209101303509293,44527.245130200696,44385.1548697993,0.0031961854679750873,1,5739.937777777778,-4620.3111198993065,44456.2,6.200953663907328,0.8618127785947318,-0.0004488934775778164,0,0.9595999999999999,32711.0,3843.0,0.0,923.0,0.0,379.0,-544.0,0.0
2026-06-12 03:33:00,44533.0,44576.0,44531.0,44576.0,86,03:33:00,2026-06-12,4,0.0009430996541968106,86,43998.38944621477,0.013127993116459553,49.286100040364545,41.70715667776863,7.578943362595915,38.785714285714285,69.90291261898388,87.17948717781064,43.0,0.0,2.0,40.4,1,43649.0,43648.0,2.291055718475021e-05,0.021237599945015437,0.0025267831138468394,44576.0,44393.0,0.0,0.004122271529295066,0,0.012990623886820228,44551.14682700403,44376.153172995975,0.003935656519607558,1,5808.387878787878,7258.628188268076,44463.65,6.323765543579081,1.1075338055234056,0.0009430996541968106,0,0.9595999999999999,32711.0,3843.0,0.0,923.0,0.0,379.0,-544.0,0.0
2026-06-12 03:34:00,44571.0,44575.0,44520.0,44575.0,72,03:34:00,2026-06-12,4,-2.243359655418331e-05,72,43999.966314908525,0.013068957393647449,52.38753418734996,43.843232179684904,8.544302007665053,38.714285714285715,65.84699453300038,66.66666666349207,4.0,0.0,51.0,34.4,0,43649.0,43648.0,2.291055718475021e-05,0.021214689912712293,0.0023780477520983067,44576.0,44393.0,-2.243359655419907e-05,0.004099745455364493,0,0.012931040777424008,44569.91698616827,44368.58301383173,0.004527487473625724,1,4768.796433878158,-8317.288168109808,44469.25,4.97219731748797,0.9703504042995909,-2.243359655418331e-05,0,0.9595999999999999,32711.0,3843.0,0.0,923.0,0.0,379.0,-544.0,0.0
2026-06-12 03:35:00,44572.0,44581.0,44542.0,44570.0,68,03:35:00,2026-06-12,4,-0.00011217049915868138,68,44001.46781955475,0.012920754888830592,53.82156340009533,45.83889842376699,7.982664976328337,38.07142857142857,70.88235293825778,87.49999999453125,2.0,9.0,28.0,29.6,0,43649.0,43648.0,2.291055718475021e-05,0.021100139751196567,0.0021191323361606693,44581.0,44393.0,-0.00024674188555662177,0.003987115085711622,0,0.012782970055484937,44584.895725856004,44366.604274143996,0.004908100520216142,1,4197.728531855955,-2686.8048150147206,44475.75,4.39758683828193,0.9398756046863874,-0.00011217049915868138,0,0.9595999999999999,32711.0,3843.0,0.0,923.0,0.0,379.0,-544.0,0.0
2026-06-12 03:36:00,44574.0,44582.0,44550.0,44571.0,58,03:36:00,2026-06-12,4,2.2436616558207945e-05,58,44002.74976252749,0.012913971070880988,54.4115114909946,47.553421037212516,6.858090453782083,39.07142857142857,70.27027026731596,14.285714279591843,3.0,8.0,21.0,11.8,0,43649.0,43648.0,2.291055718475021e-05,0.02112304978349971,0.0020143250886886775,44582.0,44393.0,-0.0002467363509936691,0.004009641159642196,0,0.012775007924042306,44598.11359456744,44364.68640543256,0.005247748252862342,1,6967.973045822102,1996.3976084810147,44481.4,3.9920249462201145,0.7891156462477671,2.2436616558207945e-05,-1,0.9595999999999999,32711.0,3843.0,0.0,923.0,0.0,379.0,-544.0,0.0
2026-06-12 03:37:00,44568.0,44574.0,44542.0,44543.0,19,03:37:00,2026-06-12,4,-0.000628211168697157,19,44003.15757788527,0.012268265547971174,52.020029095081554,48.446742648786326,3.573286446295228,40.142857142857146,65.36312848906401,2.9411764703287275,25.0,6.0,1.0,15.4,1,43649.0,43648.0,2.291055718475021e-05,0.02048156887901165,0.0012835527661573052,44582.0,44393.0,-0.0008747925171593721,0.0033789110895861203,0,0.012135135449990148,44604.92038745755,44366.879612542456,0.0053509263590280414,0,2793.1254125412543,-4142.913308904269,44485.9,3.7441602905381712,0.26741731174852335,-0.000628211168697157,1,0.9595999999999999,32711.0,3843.0,0.0,923.0,0.0,379.0,-544.0,0.0
2026-06-12 03:38:00,44559.0,44567.0,44542.0,44567.0,28,03:38:00,2026-06-12,4,0.0005388051994701382,28,44003.76365076891,0.01279973126165166,51.468069621412724,49.05100804331161,2.417061578101112,40.714285714285715,66.21253405741969,47.169811318084726,8.0,0.0,17.0,8.4,0,43649.0,43648.0,2.291055718475021e-05,0.021031409654287132,0.001658680427570983,44582.0,44405.0,-0.00033645866044591235,0.0036482378110572313,0,0.012658931010380866,44613.36409832097,44373.035901679024,0.0054014590238944385,0,5093.371428571429,2133.6370132526886,44493.2,3.9234863942703813,0.43110084679859734,0.0005388051994701382,-1,0.9595999999999999,32711.0,3843.0,0.0,923.0,0.0,379.0,-544.0,0.0
2026-06-12 03:39:00,44567.0,44567.0,44526.0,44547.0,71,03:39:00,2026-06-12,4,-0.0004487625373034154,71,44005.26145975002,0.012310767446421705,48.85365043695492,49.01153652204028,-0.15788608508535873,42.214285714285715,65.85365853408686,33.333333331944445,20.0,0.0,21.0,11.6,1,43649.0,43648.0,2.291055718475021e-05,0.020573209008224232,0.0010573045587692089,44582.0,44405.0,-0.0007850702077071289,0.0031978380812970795,0,0.012173913459452571,44616.005295346375,44383.89470465362,0.0052159741908193126,0,12962.446721311475,8602.894465964639,44499.95,4.170282410174957,1.049519586089438,-0.0004487625373034154,0,0.9595999999999999,32711.0,3843.0,0.0,923.0,0.0,379.0,-544.0,0.0
2026-06-12 03:40:00,44546.0,44550.0,44511.0,44526.0,67,03:40:00,2026-06-12,4,-0.0004714122163108625,67,44006.62145053355,0.011802281846386532,44.57336588574981,48.12390239478219,-3.5505365090323835,42.5,60.27027026798977,36.92307692137278,20.0,4.0,15.0,15.2,1,43649.0,43648.0,2.291055718475021e-05,0.020092098329858185,0.0005100745337985403,44582.0,44420.0,-0.001256112332331406,0.0023863124718594693,0,0.011670562620444695,44618.240900141376,44388.35909985863,0.005165500092863706,0,12276.716049382716,33953.329106740886,44503.3,3.9113516867145446,0.9682080924715576,-0.0004714122163108625,0,0.9595999999999999,32711.0,3843.0,0.0,923.0,0.0,379.0,-544.0,0.0
2026-06-12 03:41:00,44531.0,44575.0,44517.0,44573.0,45,03:41:00,2026-06-12,4,0.0010555630418183082,45,44007.576185501865,0.012848328935789003,44.46119575719058,47.39136106726387,-2.930165310073292,43.92857142857143,62.210796912928146,53.40909090727015,42.0,2.0,14.0,23.0,1,43649.0,43648.0,2.291055718475021e-05,0.021168869848106002,0.0014030381561224404,44582.0,44420.0,-0.00020187519626754742,0.0034443944169292337,0,0.01270314149113239,44623.77167357634,44397.32832642367,0.00508740842682615,0,8720.804347826086,7121.870003248649,44510.55,3.899472278911344,0.6691449814026893,0.0010555630418183082,-1,0.9595999999999999,32711.0,3843.0,0.0,923.0,0.0,379.0,-544.0,0.0
2026-06-12 03:42:00,44573.0,44596.0,44564.0,44583.0,80,03:42:00,2026-06-12,4,0.00022435106454588016,80,44009.34553425644,0.013034832915136602,44.66435368202656,46.84595959021641,-2.1816059081898516,43.142857142857146,67.3796791418628,73.07692307411243,10.0,13.0,9.0,20.0,0,43649.0,43648.0,2.291055718475021e-05,0.021397970171137454,0.00146233312892111,44596.0,44422.0,-0.0002915059646605012,0.00362433028679475,0,0.012885928261295927,44629.82271769332,44405.97728230668,0.005028211918950243,0,12256.494845360825,-544.6131360293263,44517.9,4.033712397430642,1.1544011543844963,0.00022435106454588016,0,0.9595999999999999,32711.0,3843.0,0.0,923.0,0.0,379.0,-544.0,0.0
2026-06-12 03:43:00,44582.0,44586.0,44567.0,44586.0,19,03:43:00,2026-06-12,4,6.729022273055385e-05,19,44009.763174798936,0.013093386185977433,44.553843752117245,46.38753642259658,-1.833692670479337,42.07142857142857,64.43148687783662,99.999999995,4.0,0.0,15.0,19.2,0,43649.0,43648.0,2.291055718475021e-05,0.02146670026804689,0.0013576474630857054,44596.0,44422.0,-0.00022423535743115473,0.0036918643915176334,0,0.01294171156113851,44633.89734591789,44417.20265408212,0.004866749357071766,1,3004.021276595745,-7553.07423865457,44525.55,4.999629240977636,0.27240143368785086,6.729022273055385e-05,-1,0.9595999999999999,32711.0,3843.0,0.0,923.0,0.0,379.0,-544.0,0.0
2026-06-12 03:44:00,44588.0,44588.0,44552.0,44552.0,32,03:44:00,2026-06-12,4,-0.0007625712106938964,32,44010.44589011214,0.012305126633800349,41.24727507481293,45.35948415303985,-4.112209078226918,42.42857142857143,63.14285714033143,27.659574466319597,36.0,0.0,0.0,22.4,1,43649.0,43648.0,2.291055718475021e-05,0.020687759169739958,0.0004771983404725841,44596.0,44422.0,-0.0009866355726970808,0.0029264778713249534,0,0.012161351647745617,44633.25109113199,44428.24890886801,0.004603609466806156,1,5866.930041152264,-3272.4897759978226,44530.75,4.538249920523806,0.4551920341329276,-0.0007625712106938964,1,0.9595999999999999,32711.0,3843.0,0.0,923.0,0.0,379.0,-544.0,0.0
2026-06-12 03:45:00,44557.0,44557.0,44524.0,44543.0,48,03:45:00,2026-06-12,4,-0.00020201113305795548,48,44011.425010886545,0.012078113557603591,37.468655454991676,43.78131841343022,-6.312662958438544,37.285714285714285,47.92452829935493,6.5217391300094505,14.0,0.0,19.0,21.2,0,43649.0,43648.0,2.291055718475021e-05,0.02048156887901165,0.0001481933878804393,44596.0,44422.0,-0.00118844739438512,0.002723875557156303,0,0.011935742204431493,44627.321365673255,44445.47863432675,0.004083013699951121,1,9544.92857142857,-2212.3505195766493,44536.4,4.1556317795763045,0.6666666666574074,-0.00020201113305795548,1,0.9595999999999999,32711.0,3843.0,0.0,923.0,0.0,379.0,-544.0,0.0
2026-06-12 03:46:00,44538.0,44544.0,44505.0,44516.0,71,03:46:00,2026-06-12,4,-0.0006061558494039332,71,44012.813184146326,0.011432734684519415,31.92735910948977,41.41052655264214,-9.483167443152368,37.57142857142857,46.69117646818501,0.0,22.0,6.0,11.0,17.2,1,43649.0,43648.0,2.291055718475021e-05,0.019862998006826737,-0.0005321095561936107,44596.0,44440.0,-0.0017938828594492378,0.0017101710171016718,0,0.011297490011240831,44621.77852465522,44457.62147534477,0.003685634373613836,1,12642.544,32085.400987329034,44539.7,3.1779506373293933,0.9504685408172627,-0.0006061558494039332,0,0.9595999999999999,32711.0,3843.0,0.0,923.0,0.0,379.0,-544.0,0.0
2026-06-12 03:47:00,44520.0,44520.0,44468.0,44474.0,60,03:47:00,2026-06-12,4,-0.0009434809955970458,60,44013.90165793733,0.010453477758877337,23.87161571503384,37.90274438512048,-14.031128670086638,38.07142857142857,31.249999998391544,0.0,46.0,0.0,6.0,24.4,1,43649.0,43648.0,2.291055718475021e-05,0.018900776650094646,-0.0014706047441035157,44596.0,44445.0,-0.0027356713606600876,0.0006524918438519372,0,0.010330119154069136,44622.228471514056,44456.771528485944,0.003714836112397041,1,11601.91304347826,9775.100371232053,44539.5,1.964934343122449,0.8005336891154031,-0.0009434809955970458,0,0.9595999999999999,32711.0,3843.0,0.0,923.0,0.0,379.0,-544.0,0.0
2026-06-12 03:48:00,44477.0,44489.0,44450.0,44469.0,64,03:48:00,2026-06-12,4,-0.00011242523721721742,64,44015.013271805044,0.010314360815739164,16.889234244001273,33.70004235689664,-16.810808112895366,36.857142857142854,30.79710144771319,0.0,8.0,12.0,19.0,25.2,0,43649.0,43648.0,2.291055718475021e-05,0.01878622648857892,-0.001600797480034964,44596.0,44450.0,-0.002847789039375665,0.00042744656917884305,0,0.010192718239323608,44619.75101105052,44460.84898894949,0.003567601073657455,1,10349.149090909092,842.5631616436025,44540.3,0.8756882011122262,0.875512995884056,-0.00011242523721721742,0,0.9595999999999999,32711.0,3843.0,0.0,923.0,0.0,379.0,-544.0,0.0
2026-06-12 03:49:00,44476.0,44476.0,44444.0,44449.0,61,03:49:00,2026-06-12,4,-0.00044975151228943133,61,44016.03756690257,0.00983647000117487,9.630795949102321,28.886193075337776,-19.255397126235454,36.357142857142854,29.209621991721875,0.0,27.0,0.0,5.0,23.4,1,43649.0,43648.0,2.291055718475021e-05,0.01832802584251602,-0.0020072566594219695,44596.0,44444.0,-0.0032962597542379748,0.0001125011250112476,0,0.00972110433013811,44624.73691653601,44452.063083463996,0.003876965339392682,1,8919.042763157895,-2945.215169385295,44538.4,-0.29187444010526215,0.8333333333219489,-0.00044975151228943133,0,0.9595999999999999,32711.0,3843.0,0.0,923.0,0.0,379.0,-544.0,0.0
2026-06-12 03:50:00,44444.0,44450.0,44398.0,44398.0,123,03:50:00,2026-06-12,4,-0.0011473823933046967,123,44017.897569904686,0.008635179122121086,-0.23414340956514934,23.062125778357192,-23.29626918792234,37.785714285714285,24.63343108403265,0.0,46.0,6.0,0.0,29.8,1,43649.0,43648.0,2.291055718475021e-05,0.017159614195055625,-0.0030829476841965774,44596.0,44398.0,-0.004439860077136864,0.0,0,0.008534857295118827,44636.63861943267,44433.961380567336,0.004550934626359965,0,14408.849604221636,2419.373899997663,44535.3,-0.9429831946916982,1.5688775510003967,-0.0011473823933046967,0,0.9595999999999999,32711.0,3843.0,0.0,923.0,0.0,379.0,-544.0,0.0
2026-06-12 03:51:00,44401.0,44415.0,44343.0,44361.0,268,03:51:00,2026-06-12,4,-0.000833370872561856,268,44021.46550194328,0.007712930366703055,-10.911983153149777,16.267303992055798,-27.179287145205574,40.642857142857146,23.99999999904,0.0,40.0,14.0,18.0,33.4,1,43649.0,43648.0,2.291055718475021e-05,0.016311942999839256,-0.003697868531958495,44596.0,44343.0,-0.005269530899632136,0.00040592652729854985,0,0.007625593294128426,44652.92802141719,44398.371978582814,0.005717065171072596,0,20640.1875,9943.849797400997,44525.65,-3.289156112554575,3.7561317448667677,-0.000833370872561856,0,0.9595999999999999,32711.0,3843.0,0.0,923.0,0.0,379.0,-544.0,0.0
2026-06-12 03:52:00,44359.0,44398.0,44350.0,44397.0,107,03:52:00,2026-06-12,4,0.0008115236356258659,107,44022.904692556636,0.008497742483280687,-16.28166405591037,9.757510382462566,-26.039174438372935,42.285714285714285,26.519337015548984,29.032258063813728,38.0,1.0,9.0,31.8,1,43649.0,43648.0,2.291055718475021e-05,0.017136704162752477,-0.002735922801153674,44596.0,44343.0,-0.0044622836128799795,0.0012177795818956495,0,0.008403086054506305,44658.34150485776,44379.25849514225,0.006268879882555367,0,7625.166934189406,-1450.6891191430693,44518.8,-4.400696926696636,1.4789219073741684,0.0008115236356258659,0,0.9595999999999999,32711.0,3843.0,0.0,923.0,0.0,379.0,-544.0,0.0
2026-06-12 03:53:00,44388.0,44440.0,44388.0,44421.0,88,03:53:00,2026-06-12,4,0.0005405770660180664,88,44024.193278249215,0.009013378603960114,-18.388603064573545,4.128287693055344,-22.51689075762889,43.07142857142857,32.78688524464749,61.85567010117972,33.0,19.0,0.0,36.8,0,43649.0,43648.0,2.291055718475021e-05,0.01768654493802796,-0.00202309314204003,44596.0,44343.0,-0.003924118755045208,0.0017590149516270492,0,0.008914791310265117,44654.38101180965,44367.718988190354,0.00644024402073847,0,6041.805255023184,-5806.878813383547,44511.05,-5.445118815860676,1.214630779831406,0.0005405770660180664,0,0.9595999999999999,32711.0,3843.0,0.0,923.0,0.0,379.0,-544.0,0.0
2026-06-12 03:54:00,44427.0,44478.0,44421.0,44474.0,106,03:54:00,2026-06-12,4,0.0011931293757456718,106,44025.896702997954,0.010178175359492954,-15.601861797120364,0.18225779502020245,-15.784119592140566,44.357142857142854,43.467336681888085,99.99999999734513,47.0,4.0,6.0,40.8,1,43649.0,43648.0,2.291055718475021e-05,0.018900776650094646,-0.0007190041792117756,44596.0,44343.0,-0.0027356713606600876,0.0029542430597838906,0,0.010068379476970205,44646.941197141336,44365.058802858664,0.0063335818604831895,0,6812.491329479769,-6699.404339481039,44506.0,-4.413186556513257,1.4295347268856433,0.0011931293757456718,0,0.9595999999999999,32711.0,3843.0,0.0,923.0,0.0,379.0,-544.0,0.0
2026-06-12 03:55:00,44471.0,44488.0,44456.0,44488.0,80,03:55:00,2026-06-12,4,0.0003147906642082532,80,44027.2316231734,0.01046553144131977,-12.123909387606545,-2.278975641505147,-9.844933746101399,42.5,38.35616438209045,99.9999999967033,17.0,0.0,15.0,35.0,0,43649.0,43648.0,2.291055718475021e-05,0.019221517102338676,-0.0003123462144313196,44596.0,44343.0,-0.002421741860256471,0.003269963692127207,0,0.010353903469887564,44639.73880745675,44364.06119254325,0.006194738087890415,0,5483.882896764253,-2808.1798810517216,44501.9,-3.79614904265197,1.070234113698057,0.0003147906642082532,0,0.9595999999999999,32711.0,3843.0,0.0,923.0,0.0,379.0,-544.0,0.0
2026-06-12 03:56:00,44484.0,44495.0,44455.0,44477.0,123,03:56:00,2026-06-12,4,-0.0002472576874662513,123,44029.261188995595,0.010169119329131506,-10.138346566614928,-3.850849826527104,-6.287496740087824,43.07142857142857,35.51912568170145,85.89743589413214,7.0,11.0,22.0,28.4,0,43649.0,43648.0,2.291055718475021e-05,0.01896950674700408,-0.00045396114811710936,44596.0,44343.0,-0.0026684007534307414,0.0030218974810003155,0,0.010062179440602888,44631.48265553649,44362.9173444635,0.0060355552950069865,0,10854.505952380952,7965.666707572984,44497.2,-3.111586898086165,1.57692307690286,-0.0002472576874662513,0,0.9595999999999999,32711.0,3843.0,0.0,923.0,0.0,379.0,-544.0,0.0
2026-06-12 03:57:00,44477.0,44497.0,44464.0,44497.0,49,03:57:00,2026-06-12,4,0.0004496706162735453,49,44030.083204779745,0.010604494955157336,-6.87172787135205,-4.455025435492093,-2.416702435859957,44.07142857142857,38.381201042983456,75.55555555051852,20.0,0.0,13.0,24.8,0,43649.0,43648.0,2.291055718475021e-05,0.01942770739306698,4.719642026386165e-05,44596.0,44343.0,-0.002219930038568432,0.003472926955776482,0,0.010493714902612314,44627.44417336767,44362.35582663233,0.005957724295039106,0,4888.683856502242,-2823.9411691470546,44494.9,-2.4940457466405754,0.6163522012501087,0.0004496706162735453,-1,0.9595999999999999,32711.0,3843.0,0.0,923.0,0.0,379.0,-544.0,0.0
2026-06-12 03:58:00,44498.0,44505.0,44490.0,44505.0,44,03:58:00,2026-06-12,4,0.0001797874013977907,44,44030.84141303019,0.010768783238139077,-3.595924302448111,-4.283205208883297,0.6872809064351859,42.57142857142857,43.41736694507606,71.79487178934912,7.0,0.0,8.0,19.6,0,43649.0,43648.0,2.291055718475021e-05,0.01961098765149214,0.000296683883322248,44596.0,44343.0,-0.002040541752623508,0.0036533387456869487,0,0.01065721294642607,44620.075361702984,44363.52463829702,0.005766247340093154,0,4871.194029850746,-1117.253738724111,44491.8,-2.269566018529219,0.5479452054726284,0.0001797874013977907,-1,0.9595999999999999,32711.0,3843.0,0.0,923.0,0.0,379.0,-544.0,0.0
2026-06-12 03:59:00,44504.0,44504.0,44473.0,44496.0,67,03:59:00,2026-06-12,4,-0.00020222446916073888,67,44031.96921144724,0.01053849729782494,-1.7063810584149905,-3.7678403787896357,2.061459320374645,42.5,43.41736694507606,75.6756756695398,8.0,0.0,23.0,11.8,0,43649.0,43648.0,2.291055718475021e-05,0.019404797360763837,0.00015172204521316608,44596.0,44343.0,-0.0022423535743115474,0.0034503754820376735,0,0.010430177819422619,44614.9059630563,44363.5940369437,0.005648823617224205,0,8212.760330578512,-2433.777855382694,44489.25,-1.7866292710546037,0.8364544319496073,-0.00020222446916073888,0,0.9595999999999999,32711.0,3843.0,0.0,923.0,0.0,379.0,-544.0,0.0
2026-06-12 04:00:00,44483.0,44505.0,44469.0,44472.0,78,04:00:00,2026-06-12,4,-0.0005393743257821049,78,44033.24962003769,0.009964069964135496,-2.1210536614162265,-3.4384830353149543,1.3174293738987277,42.285714285714285,43.78531073273165,19.5121951205235,11.0,22.0,3.0,10.6,1,43649.0,43648.0,2.291055718475021e-05,0.018854956585488355,-0.0003270651466567442,44596.0,44343.0,-0.0027805184321463188,0.002909140112306274,0,0.00986254002529525,44611.19767187651,44361.9023281235,0.005603836300027829,0,9608.908587257618,9655.410063952479,44486.55,-1.8766195676355144,0.9671419714697191,-0.0005393743257821049,0,0.9595999999999999,32711.0,3843.0,0.0,923.0,0.0,379.0,-544.0,0.0
2026-06-12 04:01:00,44478.0,44479.0,44423.0,44429.0,149,04:01:00,2026-06-12,4,-0.0009669005216765836,149,44035.46817104436,0.008936701375061048,-5.851967482441978,-3.9211799247403594,-1.9307875577016187,42.57142857142857,43.66197182926403,0.0,49.0,1.0,6.0,19.0,1,43649.0,43648.0,2.291055718475021e-05,0.01786982519645312,-0.001131985966521485,44596.0,44343.0,-0.003744730469100284,0.0019394267415375158,0,0.008847517532419634,44599.52754409298,44359.17245590701,0.0054037455175483615,0,17105.739018087854,25116.110984829676,44479.35,-2.798268444972863,1.7355853232179896,-0.0009669005216765836,0,0.9595999999999999,32711.0,3843.0,0.0,923.0,0.0,379.0,-544.0,0.0
2026-06-12 04:02:00,44433.0,44433.0,44366.0,44392.0,271,04:02:00,2026-06-12,4,-0.0008327893943145259,271,44038.98802466918,0.008015896621717639,-11.659925974912767,-5.468929134774841,-6.190996840137926,44.57142857142857,40.05167958511441,0.0,41.0,0.0,26.0,23.2,1,43649.0,43648.0,2.291055718475021e-05,0.01702215400123675,-0.0017495019091608498,44588.0,44343.0,-0.004395801560958007,0.0011050222132016078,0,0.007938240678636048,44585.57219009306,44354.02780990695,0.005206778087288584,0,19754.07553366174,14052.90637803167,44469.8,-4.371842636141785,2.8406708595090073,-0.0008327893943145259,0,0.9595999999999999,32711.0,3843.0,0.0,923.0,0.0,379.0,-544.0,0.0
2026-06-12 04:03:00,44406.0,44449.0,44399.0,44444.0,44,04:03:00,2026-06-12,4,0.001171382231032636,44,44039.60619103985,0.009182502840872771,-11.929296007750963,-6.761002509370066,-5.168293498380898,46.357142857142854,49.403341287132115,39.39393939304408,38.0,5.0,7.0,29.4,1,43649.0,43648.0,2.291055718475021e-05,0.018213475681000294,-0.0004205772478953521,44588.0,44343.0,-0.0032295684937650665,0.0022776988476196406,0,0.009095124879059112,44565.1131981574,44360.286801842594,0.0046067017143538525,1,3211.0607553366176,-6658.246120069445,44462.7,-5.361170960662451,0.4552509053237946,0.001171382231032636,-1,0.9595999999999999,32711.0,3843.0,0.0,923.0,0.0,379.0,-544.0,0.0
2026-06-12 04:04:00,44444.0,44450.0,44427.0,44438.0,15,04:04:00,2026-06-12,4,-0.00013500135001354163,15,44039.82060658206,0.009041349122989322,-12.48302699065971,-7.9054074056279955,-4.577619585031714,44.285714285714285,55.34759358081587,54.73684210353462,6.0,6.0,11.0,29.0,0,43649.0,43648.0,2.291055718475021e-05,0.018076015487181425,-0.0004273792653575269,44557.0,44343.0,-0.0026707363601678152,0.0021423900051867908,0,0.008956506138919133,44550.81504760334,44363.18495239666,0.004220484855178647,1,1196.714542190305,-9300.401730129941,44457.0,-5.024803644837109,0.15657620041590212,-0.00013500135001354163,1,0.9595999999999999,32711.0,3843.0,0.0,923.0,0.0,379.0,-544.0,0.0
2026-06-12 04:05:00,44438.0,44467.0,44438.0,44440.0,21,04:05:00,2026-06-12,4,4.500652594630061e-05,21,44040.12792405517,0.009079721036105576,-12.615060928939783,-8.847338110290353,-3.76772281864943,41.214285714285715,61.651917401583695,89.9999999955,2.0,27.0,0.0,27.2,0,43649.0,43648.0,2.291055718475021e-05,0.018121835551787716,-0.0002665805810106504,44544.0,44343.0,-0.0023347701149424764,0.0021874929526644075,0,0.008995622813107314,44536.66378983563,44367.03621016437,0.00381598470415189,1,1866.48,-9055.141812726471,44451.85,-4.036447206869463,0.22233986235868353,4.500652594630061e-05,-1,0.9595999999999999,32711.0,3843.0,0.0,923.0,0.0,379.0,-544.0,0.0
2026-06-12 04:06:00,44472.0,44472.0,44450.0,44454.0,17,04:06:00,2026-06-12,4,0.00031503150315037587,17,44040.38265549668,0.009391774538809261,-11.457935827267647,-9.369457653685812,-2.0884781735818354,40.07142857142857,58.99053627499726,72.72727271735536,18.0,0.0,4.0,21.0,0,43649.0,43648.0,2.291055718475021e-05,0.018442576004031746,0.0001181135577490904,44520.0,44343.0,-0.0014824797843665436,0.002503213585007724,0,0.009305488782098727,44528.04392356731,44369.45607643269,0.0035678809220645964,1,2053.5815217391305,-3604.6631371699095,44448.75,-3.1374612877753916,0.18528610354021485,0.00031503150315037587,-1,0.9595999999999999,32711.0,3843.0,0.0,923.0,0.0,379.0,-544.0,0.0
2026-06-12 04:07:00,44455.0,44458.0,44455.0,44458.0,2,04:07:00,2026-06-12,4,8.998065415943834e-05,2,44040.41248418892,0.009481916545649732,-10.101693245305796,-9.515904772009808,-0.5857884732959882,36.642857142857146,56.228956226305705,99.999999985,3.0,0.0,0.0,13.4,0,43649.0,43648.0,2.291055718475021e-05,0.018534216133244324,0.00022610716579735815,44505.0,44343.0,-0.0010560611167284338,0.0025934194799629574,0,0.009394978076853263,44526.49056946279,44369.409430537205,0.003534046877878051,1,898.1414141414141,-2494.9402511849066,44447.95,-2.0356749218352364,0.022509848058272258,8.998065415943834e-05,-1,0.9595999999999999,32711.0,3843.0,0.0,923.0,0.0,379.0,-544.0,0.0
2026-06-12 04:08:00,44458.0,44469.0,44450.0,44469.0,15,04:08:00,2026-06-12,4,0.00024742453551662713,15,44040.639104559494,0.009726491353213552,-8.046498136973241,-9.222023445002495,1.175525308029254,33.92857142857143,49.01960784044598,99.99999998965517,11.0,0.0,8.0,8.0,1,43649.0,43648.0,2.291055718475021e-05,0.01878622648857892,0.0004735876457744944,44505.0,44343.0,-0.0008088978766430557,0.002841485691089849,0,0.009637360000641125,44526.49056946279,44369.409430537205,0.003534046877878051,1,9529.07142857143,41053.70230900642,44447.95,-0.8773538109215826,0.1736111111091017,0.00024742453551662713,-1,0.9595999999999999,32711.0,3843.0,0.0,923.0,0.0,379.0,-544.0,0.0
2026-06-12 04:09:00,44474.0,44518.0,44474.0,44511.0,63,04:09:00,2026-06-12,4,0.0009444781758078946,63,44041.67447284497,0.010656396078772933,-2.994177204389416,-7.97645419687988,4.982276992490464,35.142857142857146,54.06360423760816,99.99999999473684,37.0,7.0,0.0,14.2,1,43649.0,43648.0,2.291055718475021e-05,0.01974844784531101,0.0013486745532444281,44518.0,44343.0,-0.00015723976818365253,0.0037886475881197985,0,0.010558255140317701,44534.505566488166,44367.59443351184,0.0037549424136510095,1,23764.34745762712,105721.47103028878,44451.05,0.5174498720443005,0.7283236994135454,0.0009444781758078946,-1,0.9595999999999999,32711.0,3843.0,0.0,923.0,0.0,379.0,-544.0,0.0
2026-06-12 04:10:00,44511.0,44511.0,44497.0,44497.0,8,04:10:00,2026-06-12,4,-0.00031452899283324065,8,44041.80580537712,0.010335502514006771,-0.11849354262812994,-6.404862066029531,6.286368523401401,33.285714285714285,53.49650349388479,79.10447760839831,14.0,0.0,0.0,16.6,0,43649.0,43648.0,2.291055718475021e-05,0.01942770739306698,0.0009222602123447696,44518.0,44343.0,-0.0004717193045509576,0.003472926955776482,0,0.010239207185146511,44537.93707469423,44374.06292530577,0.003686209946654116,1,3390.247619047619,27747.369909320514,44456.0,1.8111071489242836,0.09907120742911367,-0.00031452899283324065,1,0.9595999999999999,32711.0,3843.0,0.0,923.0,0.0,379.0,-544.0,0.0
2026-06-12 04:11:00,44483.0,44494.0,44480.0,44494.0,20,04:11:00,2026-06-12,4,-6.742027552419927e-05,20,44042.12501188778,0.010260063246045479,1.896569081749476,-4.74457583647373,6.641144918223206,32.142857142857146,49.44237917958292,71.18644067434644,11.0,0.0,3.0,15.2,0,43649.0,43648.0,2.291055718475021e-05,0.019358977296157546,0.0007050861790738483,44518.0,44350.0,-0.0005391077766296658,0.0032468996617812124,0,0.010163024203735273,44532.87452712165,44392.425472878356,0.0031588097930125014,1,8239.62962962963,-1353.1662645277381,44462.65,3.3072391415136955,0.29261155815226614,-6.742027552419927e-05,1,0.9595999999999999,32711.0,3843.0,0.0,923.0,0.0,379.0,-544.0,0.0
2026-06-12 04:12:00,44501.0,44509.0,44501.0,44509.0,13,04:12:00,2026-06-12,4,0.0003371241066210118,13,44042.340129992044,0.010595710142344552,4.650289723846072,-2.8656027244097695,7.515892448255841,32.142857142857146,50.72463767858643,46.87499999560547,8.0,0.0,0.0,16.2,0,43649.0,43648.0,2.291055718475021e-05,0.01970262778070472,0.000916384161733351,44518.0,44366.0,-0.00020216541623612467,0.0032231889284586573,0,0.010494226105321107,44534.16182306684,44402.33817693316,0.00296444420757901,1,4862.327731092437,-7953.940145100898,44468.25,3.869424906722583,0.2042419481507582,0.0003371241066210118,-1,0.9595999999999999,32711.0,3843.0,0.0,923.0,0.0,379.0,-544.0,0.0
2026-06-12 04:13:00,44508.0,44522.0,44502.0,44522.0,28,04:13:00,2026-06-12,4,0.0002920757599587098,28,44042.8117588405,0.010880055610057724,7.791805443732301,-0.7341210907813556,8.525926534513657,31.285714285714285,54.642857140124995,90.3225806364204,14.0,0.0,6.0,16.8,0,43649.0,43648.0,2.291055718475021e-05,0.020000458200645607,0.0010950390458993597,44522.0,44366.0,0.0,0.0035162061037730804,0,0.010774739926191422,44539.44529460929,44407.15470539071,0.00297460699382726,1,9444.060606060606,17856.551105590366,44473.3,3.891488213065258,0.46166529265520756,0.0002920757599587098,-1,0.9595999999999999,32711.0,3843.0,0.0,923.0,0.0,379.0,-544.0,0.0
2026-06-12 04:14:00,44517.0,44518.0,44505.0,44505.0,16,04:14:00,2026-06-12,4,-0.0003818337001931793,16,44043.07742226335,0.01048797233917047,8.808186073918478,1.1743403421586112,7.633845731759866,29.928571428571427,56.043956041082,62.22222221807407,12.0,1.0,0.0,11.8,1,43649.0,43648.0,2.291055718475021e-05,0.01961098765149214,0.0006779112239839096,44522.0,44366.0,-0.00038183370019315437,0.003133029797592681,0,0.01038615257244581,44542.500105994426,44407.19989400557,0.0030421735427742223,1,8377.411764705883,167.21884510535534,44474.85,2.7438760397765516,0.28495102403766787,-0.0003818337001931793,1,0.9595999999999999,32711.0,3843.0,0.0,923.0,0.0,379.0,-544.0,0.0
2026-06-12 04:15:00,44510.0,44522.0,44510.0,44515.0,13,04:15:00,2026-06-12,4,0.00022469385462309255,13,44043.29598007826,0.01071000726501233,10.301838293300534,2.9998399323869958,7.301998360913538,27.142857142857142,67.91666666270487,57.4999999956875,5.0,7.0,0.0,10.0,0,43649.0,43648.0,2.291055718475021e-05,0.01984008797452359,0.0008723766868572864,44522.0,44366.0,-0.00015722564125600474,0.0033584276247576217,0,0.010605762630839115,44545.99850698906,44406.40149301093,0.003138690220345362,1,6429.944444444444,3224.0046332701754,44476.2,1.7877924136877636,0.24621212120745814,0.00022469385462309255,-1,0.9595999999999999,32711.0,3843.0,0.0,923.0,0.0,379.0,-544.0,0.0
2026-06-12 04:16:00,44520.0,44520.0,44508.0,44509.0,11,04:16:00,2026-06-12,4,-0.00013478602718186572,11,44043.47945189242,0.01056956793379707,10.876046290897648,4.575081204089126,6.300965086808522,23.214285714285715,77.99043061678533,30.30303030027548,11.0,0.0,1.0,10.0,1,43649.0,43648.0,2.291055718475021e-05,0.01970262778070472,0.0007014735441050678,44522.0,44366.0,-0.00029199047661829453,0.0032231889284586573,0,0.010466357331243278,44549.12608586817,44406.473914131835,0.003207266810326332,1,6044.432098765432,-3599.7529549032183,44477.8,1.0118430608927154,0.2330508474526896,-0.00013478602718186572,1,0.9595999999999999,32711.0,3843.0,0.0,923.0,0.0,379.0,-544.0,0.0
2026-06-12 04:17:00,44515.0,44520.0,44514.0,44517.0,10,04:17:00,2026-06-12,4,0.00017973892920530865,10,44043.64777884422,0.010747343715320896,11.840157442398777,6.028096451751057,5.81206099064772,19.928571428571427,72.12121211509275,74.999999990625,2.0,3.0,1.0,8.8,0,43649.0,43648.0,2.291055718475021e-05,0.01988590803912988,0.000858836119679403,44522.0,44366.0,-0.00011230402946857481,0.0034035071901906103,0,0.010642198556520604,44551.800648872464,44405.79935112754,0.0032824918330737127,1,5707.307692307692,-3187.2661239445874,44478.8,0.8881423995818684,0.2209944751332377,0.00017973892920530865,-1,0.9595999999999999,32711.0,3843.0,0.0,923.0,0.0,379.0,-544.0,0.0
2026-06-12 04:18:00,44520.0,44538.0,44520.0,44521.0,40,04:18:00,2026-06-12,4,8.985331446420552e-05,40,44044.33314401335,0.010822433261234004,12.779672932119865,7.378411747824819,5.401261184295047,19.785714285714285,75.46012269290526,66.66666665555556,1.0,17.0,0.0,6.2,0,43649.0,43648.0,2.291055718475021e-05,0.019977548168342463,0.0009307637658612156,44538.0,44366.0,-0.000381696528806853,0.0034936663210565866,0,0.010716527486457643,44554.1439467627,44405.0560532373,0.0033518263097104535,1,19787.11111111111,20773.378031605593,44479.6,0.7644537977618266,0.8879023307239091,8.985331446420552e-05,0,0.9595999999999999,32711.0,3843.0,0.0,923.0,0.0,379.0,-544.0,0.0
2026-06-12 04:19:00,44520.0,44520.0,44511.0,44511.0,11,04:19:00,2026-06-12,4,-0.00022461310392851708,11,44044.516464409906,0.010591183035623168,12.57240247043228,8.41720989234631,4.15519257808597,18.428571428571427,70.76023391233542,54.54545453801653,9.0,0.0,0.0,5.6,1,43649.0,43648.0,2.291055718475021e-05,0.01974844784531101,0.0006890683189318602,44538.0,44366.0,-0.0006062238986932372,0.0032682684938916454,0,0.010487407036817014,44555.883958894854,44404.81604110514,0.0033962843770273285,1,5760.247058823529,-470.16003372748145,44480.35,0.5733197235464961,0.2603550295796366,-0.00022461310392851708,1,0.9595999999999999,32711.0,3843.0,0.0,923.0,0.0,379.0,-544.0,0.0
2026-06-12 04:20:00,44521.0,44524.0,44513.0,44519.0,12,04:20:00,2026-06-12,4,0.00017973085304756609,12,44044.7182733915,0.010768186179885527,12.904912479418272,9.314750409760704,3.590162069657568,17.071428571428573,69.69696969105601,54.54545453801653,2.0,3.0,6.0,5.0,0,43649.0,43648.0,2.291055718475021e-05,0.01993172810373617,0.000816047587039503,44538.0,44366.0,-0.00042660200278412985,0.0034485867556235984,0,0.010662161393271679,44560.042981847546,44405.35701815245,0.0034774409758196816,1,6359.857142857143,1143.3577541805862,44482.7,0.8768222164253934,0.30808729139131996,0.00017973085304756609,-1,0.9595999999999999,32711.0,3843.0,0.0,923.0,0.0,379.0,-544.0,0.0
2026-06-12 04:21:00,44519.0,44519.0,44509.0,44515.0,13,04:21:00,2026-06-12,4,-8.984927783639574e-05,13,44044.934708878405,0.010672402950045247,12.69927317044494,9.99165496189755,2.707618208547389,17.5,67.27272726701929,36.36363635867769,4.0,0.0,6.0,3.6,1,43649.0,43648.0,2.291055718475021e-05,0.01984008797452359,0.000629397352035412,44538.0,44366.0,-0.0005164129507386835,0.0033584276247576217,0,0.010566351768417385,44561.27403030615,44412.72596969385,0.003339134142834954,1,6729.011627906977,-6599.295576741156,44487.0,1.663684025935812,0.4043545878567853,-8.984927783639574e-05,1,0.9595999999999999,32711.0,3843.0,0.0,923.0,0.0,379.0,-544.0,0.0
2026-06-12 04:22:00,44514.0,44514.0,44493.0,44500.0,22,04:22:00,2026-06-12,4,-0.0003369650679546643,22,44045.291178102896,0.01032366479445939,11.196857493378047,10.23269546819365,0.9641620251843968,17.714285714285715,59.1715976282343,29.629629626337447,14.0,0.0,7.0,6.0,1,43649.0,43648.0,2.291055718475021e-05,0.019496437489976415,0.00017081568987059305,44538.0,44399.0,-0.0008532040055682597,0.0022748260095947596,0,0.010219921197712277,44551.80901933148,44432.990980668525,0.0026705243741167277,1,9989.795918367347,7342.65182786736,44492.4,2.7090614170083893,1.1167512689788452,-0.0003369650679546643,0,0.9595999999999999,32711.0,3843.0,0.0,923.0,0.0,379.0,-544.0,0.0
2026-06-12 04:23:00,44500.0,44500.0,44485.0,44485.0,5,04:23:00,2026-06-12,4,-0.0003370786516854185,5,44045.36993223301,0.009981300382841285,8.695570481519098,9.925270470858742,-1.2296999893396432,15.285714285714286,40.845070418508236,0.0,15.0,0.0,0.0,8.8,1,43649.0,43648.0,2.291055718475021e-05,0.01915278700542924,-0.00021238603915762255,44538.0,44427.0,-0.001189995060397836,0.0013055124136223174,0,0.009880559660069593,44549.496296295256,44439.40370370474,0.002474299437132387,1,3530.5555555555557,-4448.687327008943,44494.45,2.6414763492323985,0.2816901408292006,-0.0003370786516854185,1,0.9595999999999999,32711.0,3843.0,0.0,923.0,0.0,379.0,-544.0,0.0
2026-06-12 04:24:00,44491.0,44498.0,44491.0,44498.0,6,04:24:00,2026-06-12,4,0.0002922333370798391,6,44045.46560434372,0.010274256145260058,7.673814896937984,9.474979356074591,-1.8011644591366078,15.214285714285714,50.35460992407826,30.23255813742564,7.0,0.0,0.0,8.4,0,43649.0,43648.0,2.291055718475021e-05,0.019450617425370124,1.236025884635857e-05,44538.0,44438.0,-0.0008981094795455365,0.001350195778387836,0,0.010169895031204464,44545.65777398586,44449.24222601413,0.0021667656904323274,1,4603.241379310345,-3159.112164081431,44497.45,2.3490008317029893,0.34682080922850744,0.0002922333370798391,-1,0.9595999999999999,32711.0,3843.0,0.0,923.0,0.0,379.0,-544.0,0.0
2026-06-12 04:25:00,44500.0,44500.0,44495.0,44499.0,13,04:25:00,2026-06-12,4,2.2472920131244578e-05,13,44045.67382814804,0.010292183827648516,6.865615337541385,8.95310655236795,-2.0874912148265654,14.357142857142858,51.79856114586202,48.27586206397146,1.0,0.0,4.0,8.2,0,43649.0,43648.0,2.291055718475021e-05,0.01947352745767327,-3.14603913673006e-05,44538.0,44450.0,-0.0008756567425568981,0.0011023622047243848,0,0.010187013416777082,44540.31253594184,44460.48746405816,0.0017938057159863083,1,9804.864406779661,-185.12040996520076,44500.4,1.7980598933750482,0.7692307691852527,2.2472920131244578e-05,-1,0.9595999999999999,32711.0,3843.0,0.0,923.0,0.0,379.0,-544.0,0.0
2026-06-12 04:26:00,44499.0,44500.0,44489.0,44489.0,14,04:26:00,2026-06-12,4,-0.00022472415110452726,14,44045.89521349984,0.010060069941871468,5.3564491261859075,8.233775067131543,-2.877325940945635,14.071428571428571,42.53731342839162,58.333333326041675,10.0,1.0,0.0,9.4,1,43649.0,43648.0,2.291055718475021e-05,0.01924442713464182,-0.0002954913414295974,44538.0,44450.0,-0.0011001841124432823,0.0008773903262092042,0,0.009956929867436745,44536.123828922086,44468.17617107792,0.0015268398907505953,1,10380.766666666666,19402.643587726197,44502.15,1.7305529116562552,0.8358208954724883,-0.00022472415110452726,0,0.9595999999999999,32711.0,3843.0,0.0,923.0,0.0,379.0,-544.0,0.0
2026-06-12 04:27:00,44488.0,44517.0,44488.0,44505.0,31,04:27:00,2026-06-12,4,0.00035963946143979797,31,44046.39632954037,0.010411831810904673,5.38936506742175,7.664893067189585,-2.275527999767835,14.714285714285714,43.795620433480735,62.96296295596708,17.0,12.0,0.0,10.0,1,43649.0,43648.0,2.291055718475021e-05,0.01961098765149214,1.1234818950892355e-05,44538.0,44450.0,-0.0007409403206250677,0.0012373453318334931,0,0.010304658415657367,44531.37593325771,44477.62406674229,0.0012077849771465596,1,19995.0,33436.78367567082,44504.5,1.5843604521164494,1.7032967032031157,0.00035963946143979797,0,0.9595999999999999,32711.0,3843.0,0.0,923.0,0.0,379.0,-544.0,0.0
2026-06-12 04:28:00,44497.0,44497.0,44488.0,44496.0,13,04:28:00,2026-06-12,4,-0.00020222446916073888,13,44046.60170958285,0.010202791429409361,4.635787926592457,7.05907203907016,-2.4232841124777034,14.714285714285714,46.51162790192897,45.71428571036735,1.0,0.0,8.0,7.2,0,43649.0,43648.0,2.291055718475021e-05,0.019404797360763837,-0.00022131921983286072,44538.0,44474.0,-0.0009430149535228134,0.0004946710437558912,0,0.010097510561356311,44527.40311673764,44484.29688326236,0.0009685520774297705,1,7512.311688311688,-2338.1789113603318,44505.85,1.224708092510874,0.7182320441592136,-0.00020222446916073888,1,0.9595999999999999,32711.0,3843.0,0.0,923.0,0.0,379.0,-544.0,0.0
2026-06-12 04:29:00,44496.0,44506.0,44495.0,44503.0,11,04:29:00,2026-06-12,4,0.00015731751168646113,11,44046.778323093946,0.010357662791125056,4.55095355213416,6.55744834168296,-2.0064947895487997,14.285714285714286,45.238095233068776,71.87499999326172,7.0,3.0,1.0,7.2,0,43649.0,43648.0,2.291055718475021e-05,0.01956516758688585,-5.5049437765420526e-05,44538.0,44480.0,-0.0007858457946023444,0.0005170863309352402,0,0.010250917065349165,44526.89736516882,44484.00263483117,0.0009638084849753708,1,5969.914634146341,-4249.061918214446,44505.45,0.7415372066283616,0.709677419309053,0.00015731751168646113,-1,0.9595999999999999,32711.0,3843.0,0.0,923.0,0.0,379.0,-544.0,0.0
2026-06-12 04:30:00,44501.0,44501.0,44490.0,44493.0,8,04:30:00,2026-06-12,4,-0.0002247039525424821,8,44046.90480056477,0.01012773091446596,3.634904357873893,5.9729395449211475,-2.3380351870472547,14.357142857142858,43.84615384143195,26.923076919970413,8.0,0.0,3.0,8.6,0,43649.0,43648.0,2.291055718475021e-05,0.019336067263854402,-0.000275248425747518,44538.0,44480.0,-0.0010103731644887286,0.00029226618705035314,0,0.010023428683924234,44527.09996685654,44483.40003314346,0.0009819051395752807,1,4622.649350649351,-7688.097349012578,44505.25,0.1685222842633891,0.5161290322247659,-0.0002247039525424821,1,0.9595999999999999,32711.0,3843.0,0.0,923.0,0.0,379.0,-544.0,0.0
2026-06-12 04:31:00,44490.0,44499.0,44490.0,44499.0,23,04:31:00,2026-06-12,4,0.00013485267345414442,23,44047.269107325505,0.010255593634506567,3.354411064850865,5.449233848907091,-2.094822784056226,14.214285714285714,42.96874999530029,56.521739123062375,9.0,0.0,0.0,8.4,1,43649.0,43648.0,2.291055718475021e-05,0.01947352745767327,-0.00014604936468526035,44538.0,44485.0,-0.0008756567425568981,0.00031471282454759327,0,0.010150001520587013,44526.918142802446,44484.081857197554,0.0009624941997031972,1,11900.89534883721,5841.855134090967,44505.5,-0.07864134714841864,1.4696485622064122,0.00013485267345414442,0,0.9595999999999999,32711.0,3843.0,0.0,923.0,0.0,379.0,-544.0,0.0
2026-06-12 04:32:00,44498.0,44505.0,44491.0,44496.0,19,04:32:00,2026-06-12,4,-6.741724533132487e-05,19,44047.57050378307,0.010180572755503183,2.857108216303459,4.930808722386365,-2.073700506082906,13.714285714285714,40.15748031053382,31.578947363434906,2.0,7.0,5.0,5.4,0,43649.0,43648.0,2.291055718475021e-05,0.019404797360763837,-0.00019885473156292733,44538.0,44485.0,-0.0009430149535228134,0.0002472743621445376,0,0.010075969163291634,44526.607273413,44483.092726587,0.0009777484212619666,1,11424.648648648648,9137.038548763601,44504.85,-0.13481494962943746,1.1912225704582307,-6.741724533132487e-05,0,0.9595999999999999,32711.0,3843.0,0.0,923.0,0.0,379.0,-544.0,0.0
2026-06-12 04:33:00,44505.0,44505.0,44496.0,44496.0,5,04:33:00,2026-06-12,4,0.0,5,44047.650045224414,0.010178748566955272,2.434923839617113,4.431631745832514,-1.9967079062154012,13.642857142857142,43.589743584527724,66.66666664444443,9.0,0.0,0.0,7.0,1,43649.0,43648.0,2.291055718475021e-05,0.019404797360763837,-0.0001696493875208324,44538.0,44485.0,-0.0009430149535228134,0.0002472743621445376,0,0.01007447618842936,44524.06417992378,44483.03582007623,0.0009219120687574322,1,3370.909090909091,-2707.8416829613643,44503.55,-0.3819774071591755,0.3378378378150109,0.0,0,0.9595999999999999,32711.0,3843.0,0.0,923.0,0.0,379.0,-544.0,0.0
2026-06-12 04:34:00,44496.0,44498.0,44490.0,44492.0,10,04:34:00,2026-06-12,4,-8.989572096362863e-05,10,44047.80704782706,0.010084337494727617,1.757315865419514,3.8967685697499146,-2.1394527043304006,13.285714285714286,38.0530973404182,0.0,4.0,2.0,2.0,6.4,0,43649.0,43648.0,2.291055718475021e-05,0.019313157231551255,-0.00024492785863395894,44538.0,44485.0,-0.001032825901477367,0.00015735641227379663,0,0.009981213632660565,44524.03515402922,44481.764845970785,0.0009498326639035091,1,6844.923076923077,-4248.396548086722,44502.9,-0.5841974587407275,0.6896551723662306,-8.989572096362863e-05,1,0.9595999999999999,32711.0,3843.0,0.0,923.0,0.0,379.0,-544.0,0.0
2026-06-12 04:35:00,44492.0,44494.0,44489.0,44490.0,15,04:35:00,2026-06-12,4,-4.495190146547312e-05,15,44048.04111212826,0.010033565096497351,1.0468558757565916,3.3267860309512503,-2.2799301551946587,12.928571428571429,38.73873873385278,0.0,2.0,2.0,1.0,5.2,0,43649.0,43648.0,2.291055718475021e-05,0.019267337166944964,-0.00026178804606124027,44538.0,44485.0,-0.001077731375454644,0.00011239743733842616,0,0.009931292162689035,44522.729049190704,44480.5709508093,0.0009473378713239764,1,9268.75,-1887.059037831904,44501.65,-0.7190227581931159,1.027397260203603,-4.495190146547312e-05,0,0.9595999999999999,32711.0,3843.0,0.0,923.0,0.0,379.0,-544.0,0.0
2026-06-12 04:36:00,44488.0,44488.0,44464.0,44478.0,38,04:36:00,2026-06-12,4,-0.0002697235333782855,38,44048.6138185654,0.009748006672882326,-0.47896726001636125,2.565635372757728,-3.0446026327740894,13.214285714285714,39.81481480965363,0.0,10.0,0.0,14.0,5.4,1,43649.0,43648.0,2.291055718475021e-05,0.018992416779307224,-0.0004966280974649057,44538.0,44464.0,-0.0013471642193183047,0.0003148614609571718,0,0.00964910598930322,44523.35058005032,44476.84941994968,0.0010449675416603515,1,19427.172413793105,47631.8491239817,44500.1,-0.77521905555947,2.3824451409164613,-0.0002697235333782855,0,0.9595999999999999,32711.0,3843.0,0.0,923.0,0.0,379.0,-544.0,0.0
2026-06-12 04:37:00,44475.0,44478.0,44444.0,44444.0,35,04:37:00,2026-06-12,4,-0.0007644228607401882,35,44049.11373719637,0.008964681222863445,-4.381205132660398,1.176267271674103,-5.557472404334501,14.571428571428571,33.85826771280303,0.0,31.0,3.0,0.0,11.2,1,43649.0,43648.0,2.291055718475021e-05,0.018213475681000294,-0.0011787457201641012,44538.0,44444.0,-0.0021105572769320106,0.0,0,0.008874556572571985,44529.418725196636,44463.48127480336,0.001481858673967838,1,15102.330097087379,12063.549768737741,44496.45,-1.4493437506329623,2.0348837208119255,-0.0007644228607401882,0,0.9595999999999999,32711.0,3843.0,0.0,923.0,0.0,379.0,-544.0,0.0
2026-06-12 04:38:00,44443.0,44444.0,44391.0,44414.0,60,04:38:00,2026-06-12,4,-0.0006750067500674861,60,44049.88588283395,0.008265949158972389,-9.781748136781971,-1.015335810017112,-8.76641232676486,17.428571428571427,20.83333333130787,0.0,29.0,1.0,23.0,15.2,1,43649.0,43648.0,2.291055718475021e-05,0.017526174711905942,-0.0017329308558340167,44524.0,44391.0,-0.0024705776659778443,0.0005181230429591468,0,0.00818397650689781,44538.75180726709,44443.44819273291,0.0021420826757300583,0,16866.07594936709,8196.710397159366,44491.1,-2.3706986145464066,3.296703296522159,-0.0006750067500674861,0,0.9595999999999999,32711.0,3843.0,0.0,923.0,0.0,379.0,-544.0,0.0
2026-06-12 04:39:00,44414.0,44427.0,44414.0,44419.0,25,04:39:00,2026-06-12,4,0.00011257711532408621,25,44050.20986227825,0.00837204042556785,-13.502609486036818,-3.512790545221053,-9.989818940815764,18.0,22.97297297079986,7.246376811279134,5.0,8.0,0.0,15.4,0,43649.0,43648.0,2.291055718475021e-05,0.01764072487342167,-0.001517314241399042,44524.0,44391.0,-0.0023582786811606696,0.0006307584870807004,0,0.008289933748929253,44543.00337669483,44429.99662330517,0.0025402482413690187,0,6418.93063583815,-6695.90072136243,44486.5,-3.0561729074762853,1.322751322681336,0.00011257711532408621,0,0.9595999999999999,32711.0,3843.0,0.0,923.0,0.0,379.0,-544.0,0.0
2026-06-12 04:40:00,44423.0,44442.0,44423.0,44433.0,21,04:40:00,2026-06-12,4,0.00031518044080236507,21,44050.49087389058,0.008683424827307221,-15.14712923845218,-5.839658283867279,-9.3074709545849,18.857142857142858,31.578947365512462,38.77551020170762,10.0,9.0,0.0,17.0,0,43649.0,43648.0,2.291055718475021e-05,0.0179614653256657,-0.0011060604016886752,44519.0,44391.0,-0.0019317594734831885,0.0009461377306210506,0,0.008599150359231597,44541.318435979374,44423.08156402062,0.0026580715872585275,0,5212.810055865922,-6548.340539271316,44482.2,-3.2025026715614393,1.0852713177733708,0.00031518044080236507,0,0.9595999999999999,32711.0,3843.0,0.0,923.0,0.0,379.0,-544.0,0.0
2026-06-12 04:41:00,44433.0,44438.0,44420.0,44430.0,35,04:41:00,2026-06-12,4,-6.751738572685628e-05,35,44050.95423306309,0.008604711828294665,-16.502270021810546,-7.972180631455933,-8.530089390354613,18.071428571428573,23.021582731494235,86.3636363518595,3.0,5.0,10.0,15.6,0,43649.0,43648.0,2.291055718475021e-05,0.017892735228756264,-0.0010780622758017405,44517.0,44391.0,-0.0019543095895949423,0.0008785564641481184,0,0.008522105154057347,44539.31851583506,44416.58148416493,0.002759502892334841,0,8835.511363636364,-4761.371056218964,44477.95,-2.955647309237455,1.711491442459096,-6.751738572685628e-05,0,0.9595999999999999,32711.0,3843.0,0.0,923.0,0.0,379.0,-544.0,0.0
2026-06-12 04:42:00,44430.0,44432.0,44404.0,44411.0,13,04:42:00,2026-06-12,4,-0.00042763898266939826,13,44051.11984351532,0.008169602901426558,-18.891599467220658,-10.156064398608878,-8.73553506861178,18.857142857142858,21.476510065096164,38.88888888564814,19.0,2.0,7.0,13.2,1,43649.0,43648.0,2.291055718475021e-05,0.017457444614996508,-0.0014053312646856802,44517.0,44391.0,-0.002381112833299585,0.00045054177648621457,0,0.00809201336716633,44540.760686875394,44406.239313124606,0.0030247534768071873,0,3748.9805194805194,-4159.493641278463,44473.5,-2.9222348352871097,0.6499999999675,-0.00042763898266939826,1,0.9595999999999999,32711.0,3843.0,0.0,923.0,0.0,379.0,-544.0,0.0
2026-06-12 04:43:00,44414.0,44425.0,44408.0,44409.0,15,04:43:00,2026-06-12,4,-4.503388800070063e-05,15,44051.30987292278,0.008119852238425181,-20.707836503170256,-12.266418819521155,-8.441417683649101,19.285714285714285,17.361111109423234,0.0,5.0,11.0,1.0,8.4,0,43649.0,43648.0,2.291055718475021e-05,0.01741162455039022,-0.0013649743533236279,44517.0,44391.0,-0.0024260394905316527,0.0004054875988375931,0,0.00804345716470346,44542.57798020625,44396.82201979374,0.003277646586608621,0,6111.3302752293575,1723.6772676041408,44469.7,-2.8101128091686114,0.7317073170374777,-4.503388800070063e-05,1,0.9595999999999999,32711.0,3843.0,0.0,923.0,0.0,379.0,-544.0,0.0
2026-06-12 04:44:00,44409.0,44409.0,44372.0,44400.0,64,04:44:00,2026-06-12,4,-0.0002026616226440403,64,44052.07310389671,0.007898082237416932,-22.612776215064514,-14.335690298629828,-8.277085916434686,21.0,17.48251748080591,0.0,9.0,0.0,28.0,9.2,0,43649.0,43648.0,2.291055718475021e-05,0.017205434259661912,-0.001457332541695936,44517.0,44372.0,-0.0026282094480759573,0.000631028576579811,0,0.007824771417014782,44542.67331141357,44386.926688586434,0.0035026947794015353,0,19200.0,11730.490980997394,44464.8,-2.956521152614763,2.735042734925853,-0.0002026616226440403,0,0.9595999999999999,32711.0,3843.0,0.0,923.0,0.0,379.0,-544.0,0.0
2026-06-12 04:45:00,44410.0,44410.0,44395.0,44402.0,8,04:45:00,2026-06-12,4,4.5045045045100096e-05,8,44052.17068301063,0.0079412503757569,-23.688010733334522,-16.206154385570766,-7.481856347763756,21.428571428571427,15.107913667543087,15.384615381065089,8.0,0.0,7.0,8.8,0,43649.0,43648.0,2.291055718475021e-05,0.017251254324268203,-0.0013034202692534696,44517.0,44372.0,-0.0025832827908438896,0.0006761020463355117,0,0.007868414539138379,44540.877452885325,44379.02254711467,0.0036404653125037567,0,2631.2296296296295,-2981.4795890317723,44459.95,-3.0467581818392775,0.34557235419673554,4.5045045045100096e-05,-1,0.9595999999999999,32711.0,3843.0,0.0,923.0,0.0,379.0,-544.0,0.0
2026-06-12 04:46:00,44400.0,44404.0,44374.0,44389.0,39,04:46:00,2026-06-12,4,-0.00029277960452234186,39,44052.627519851616,0.007635696190807132,-25.297519136722258,-18.024427335801064,-7.273091800921193,22.571428571428573,14.093959730219368,8.333333332291673,11.0,4.0,15.0,10.4,1,43649.0,43648.0,2.291055718475021e-05,0.016953423904327317,-0.00148352433193594,44517.0,44372.0,-0.002875306062852329,0.00038312449292345665,0,0.0075665922500953555,44540.54260911879,44369.3573908812,0.0038507571876154174,0,12454.46762589928,10379.307065730243,44454.95,-3.3168651913550127,1.5983606556721983,-0.00029277960452234186,0,0.9595999999999999,32711.0,3843.0,0.0,923.0,0.0,379.0,-544.0,0.0
2026-06-12 04:47:00,44389.0,44414.0,44389.0,44413.0,23,04:47:00,2026-06-12,4,0.0005406744914280281,23,44052.90940996595,0.008174047863285528,-24.355709263174504,-19.290683721275755,-5.065025541898748,23.714285714285715,26.011560691536644,66.66666666153847,24.0,1.0,0.0,11.4,1,43649.0,43648.0,2.291055718475021e-05,0.0175032646796028,-0.0008402633500073163,44506.0,44372.0,-0.002089605895834223,0.000924006129991866,0,0.008100961860458764,44534.493423916465,44366.20657608353,0.003785951017999387,0,6855.697986577181,-6429.323965324385,44450.35,-3.2497616091839756,0.9583333332934028,0.0005406744914280281,0,0.9595999999999999,32711.0,3843.0,0.0,923.0,0.0,379.0,-544.0,0.0
2026-06-12 04:48:00,44403.0,44416.0,44401.0,44411.0,7,04:48:00,2026-06-12,4,-4.503186004101156e-05,7,44052.99608592438,0.008126664378907014,-23.49981025383022,-20.13250902778665,-3.367301226043569,24.214285714285715,26.315789471529712,61.53846153372781,8.0,5.0,2.0,12.0,0,43649.0,43648.0,2.291055718475021e-05,0.017457444614996508,-0.0007897205829082363,44506.0,44372.0,-0.0021345436570349586,0.0008789326602361652,0,0.008054788025847304,44529.11401276107,44363.08598723893,0.003735491427192497,0,2204.801418439716,-1620.6423277847368,44446.1,-3.1151631974391663,0.2953586497765672,-4.503186004101156e-05,1,0.9595999999999999,32711.0,3843.0,0.0,923.0,0.0,379.0,-544.0,0.0
2026-06-12 04:49:00,44409.0,44409.0,44388.0,44399.0,25,04:49:00,2026-06-12,4,-0.0002702033280043148,25,44053.29604304061,0.007847402760093727,-23.518694958722335,-20.80974621397379,-2.7089487447485467,25.5,24.861878451115658,63.157894731855954,10.0,0.0,11.0,12.2,0,43649.0,43648.0,2.291055718475021e-05,0.01718252422735877,-0.0009428251903089387,44505.0,44372.0,-0.002381754859004553,0.0006084918417019606,0,0.007778959403598555,44521.9117600232,44359.888239976804,0.0036458199551852085,0,10882.107843137255,-1262.486546989994,44440.9,-3.160502936117493,1.0245901638924348,-0.0002702033280043148,0,0.9595999999999999,32711.0,3843.0,0.0,923.0,0.0,379.0,-544.0,0.0
2026-06-12 04:50:00,44399.0,44406.0,44399.0,44405.0,11,04:50:00,2026-06-12,4,0.00013513817878774148,11,44053.429640424234,0.007980544589725894,-22.786838873274974,-21.205164745834026,-1.581674127440948,24.142857142857142,29.142857140525706,29.999999995500005,6.0,1.0,0.0,11.8,0,43649.0,43648.0,2.291055718475021e-05,0.017319984421177638,-0.0007088767117122026,44505.0,44372.0,-0.0022469385462307104,0.0007437122509690629,0,0.007911747315287163,44515.12100963983,44357.87899036017,0.0035385779546015707,0,4651.952380952381,-3214.4729974096426,44436.5,-3.1158359832933926,0.4480651730978385,0.00013513817878774148,-1,0.9595999999999999,32711.0,3843.0,0.0,923.0,0.0,379.0,-544.0,0.0
2026-06-12 04:51:00,44403.0,44424.0,44400.0,44412.0,20,04:51:00,2026-06-12,4,0.00015763990541595163,20,44053.67829363291,0.008133752282357527,-21.395363719464513,-21.243204540560125,-0.15215917890438746,23.428571428571427,39.1891891854821,51.99999999376,9.0,12.0,3.0,11.4,0,43649.0,43648.0,2.291055718475021e-05,0.017480354647299655,-0.0004535004495618826,44505.0,44372.0,-0.0020896528479945604,0.0009014693951140156,0,0.008064469227059258,44505.672713990774,44358.62728600923,0.00330943760276157,0,10328.372093023256,36844.90860103125,44432.15,-3.138633085916895,0.8196721311139479,0.00015763990541595163,0,0.9595999999999999,32711.0,3843.0,0.0,923.0,0.0,379.0,-544.0,0.0
2026-06-12 04:52:00,44412.0,44412.0,44409.0,44410.0,8,04:52:00,2026-06-12,4,-4.503287399804101e-05,8,44053.77719620553,0.00808608992159582,-20.220898983912775,-21.038743429230657,0.8178444453178813,19.857142857142858,48.33333332769445,86.66666664933334,2.0,0.0,1.0,7.0,0,43649.0,43648.0,2.291055718475021e-05,0.017434534582693364,-0.00040177501274534205,44505.0,44372.0,-0.002134591618919175,0.0008563959253583149,0,0.008018006808667657,44495.47209230199,44360.227907698005,0.003044130755910636,0,5003.943661971831,-5401.677933997372,44427.85,-2.9364841846143777,0.33542976937796937,-4.503287399804101e-05,1,0.9595999999999999,32711.0,3843.0,0.0,923.0,0.0,379.0,-544.0,0.0
2026-06-12 04:53:00,44407.0,44407.0,44393.0,44397.0,12,04:53:00,2026-06-12,4,-0.0002927268633190483,12,44053.920735017266,0.007787712404676442,-20.10733374683332,-20.85246149275119,0.7451277459178698,20.142857142857142,41.40624999547119,31.818181813842983,10.0,0.0,4.0,7.4,1,43649.0,43648.0,2.291055718475021e-05,0.017136704162752477,-0.00058303262506502,44498.0,44372.0,-0.0022697649332553763,0.0005634183719462598,0,0.007723027199546332,44483.663216010376,44362.13678398963,0.0027356708369049984,1,7010.0526315789475,5069.055006413887,44422.9,-3.0605470727889337,0.49586776857455095,-0.0002927268633190483,1,0.9595999999999999,32711.0,3843.0,0.0,923.0,0.0,379.0,-544.0,0.0
2026-06-12 04:54:00,44399.0,44405.0,44399.0,44399.0,7,04:54:00,2026-06-12,4,4.5048088834764854e-05,7,44054.004895847764,0.007831185949333415,-19.629670569680457,-20.607903308137043,0.9782327384565868,19.071428571428573,35.344827581941146,11.764705880276807,0.0,6.0,0.0,5.4,0,43649.0,43648.0,2.291055718475021e-05,0.01718252422735877,-0.00043338042358714195,44494.0,44372.0,-0.002135119341933696,0.0006084918417019606,0,0.007766967499895394,44470.36677171123,44366.13322828877,0.0023466377766450434,1,5358.5,-4811.863910654778,44418.25,-3.128365384074697,0.29106029104818876,4.5048088834764854e-05,-1,0.9595999999999999,32711.0,3843.0,0.0,923.0,0.0,379.0,-544.0,0.0
2026-06-12 04:55:00,44406.0,44408.0,44389.0,44389.0,29,04:55:00,2026-06-12,4,-0.00022523029797971716,29,44054.347440910824,0.007596357193533078,-19.82945388592634,-20.452213423694904,0.6227595377685624,19.142857142857142,33.333333329539286,7.99999999904,17.0,2.0,0.0,7.6,1,43649.0,43648.0,2.291055718475021e-05,0.016953423904327317,-0.0005448830527860309,44488.0,44372.0,-0.0022253191871964974,0.00038312449292345665,0,0.007534979670214454,44454.49279278152,44371.90720721847,0.001859482891641423,1,16937.907894736843,23849.11789367023,44413.2,-3.297481197042273,1.1717171716698296,-0.00022523029797971716,0,0.9595999999999999,32711.0,3843.0,0.0,923.0,0.0,379.0,-544.0,0.0
2026-06-12 04:56:00,44394.0,44405.0,44389.0,44405.0,14,04:56:00,2026-06-12,4,0.00036044966095194475,14,44054.51465993335,0.007955719017043174,-18.483649317327945,-20.05850060242151,1.5748512850935654,18.285714285714285,47.49999999445833,64.28571427882653,11.0,0.0,5.0,8.0,1,43649.0,43648.0,2.291055718475021e-05,0.017319984421177638,-0.00010245544032765042,44478.0,44372.0,-0.0016412608480596781,0.0007437122509690629,0,0.007892116449426737,44437.46321133929,44381.63678866072,0.0012570814763618945,1,8881.0,2668.949103167631,44409.55,-3.005206773983361,0.5944798301233767,0.00036044966095194475,-1,0.9595999999999999,32711.0,3843.0,0.0,923.0,0.0,379.0,-544.0,0.0
2026-06-12 04:57:00,44401.0,44401.0,44391.0,44398.0,22,04:57:00,2026-06-12,4,-0.00015763990541606265,22,44054.77482459475,0.007790873447243821,-17.77700870869012,-19.60220222367523,1.8251935149851128,18.071428571428573,45.5999999948928,48.48484848044077,3.0,0.0,7.0,8.2,0,43649.0,43648.0,2.291055718475021e-05,0.017159614195055625,-0.0002082993204938336,44444.0,44372.0,-0.0010350103501034777,0.0005859551068241102,0,0.007729034682517852,44430.382342337194,44384.117657662806,0.0010418272843823301,1,11628.047619047618,11700.191507040438,44407.25,-2.4764595633551525,0.96069868991438,-0.00015763990541606265,0,0.9595999999999999,32711.0,3843.0,0.0,923.0,0.0,379.0,-544.0,0.0
2026-06-12 04:58:00,44400.0,44402.0,44396.0,44401.0,11,04:58:00,2026-06-12,4,6.757061128870312e-05,11,44054.905898747005,0.007855971864936622,-16.781469671055675,-19.03805571315132,2.2565860420956447,15.857142857142858,50.4201680612951,73.07692306849111,1.0,1.0,4.0,6.4,0,43649.0,43648.0,2.291055718475021e-05,0.01722834429196506,-0.00012610738043440433,44442.0,44372.0,-0.0009225507402906953,0.0006535653114576614,0,0.007793753659433214,44429.66421239893,44383.53578760107,0.0010387740740759465,1,5884.469879518072,-6525.857906367191,44406.6,-1.4860446894163324,0.5378973104871444,6.757061128870312e-05,-1,0.9595999999999999,32711.0,3843.0,0.0,923.0,0.0,379.0,-544.0,0.0
2026-06-12 04:59:00,44402.0,44423.0,44398.0,44405.0,13,04:59:00,2026-06-12,4,9.008806107968503e-05,13,44055.06471664883,0.007943134021067983,-15.491158804863517,-18.32867633149376,2.8375175266302435,16.571428571428573,51.23966941555905,49.99999998928571,3.0,18.0,4.0,7.0,0,43649.0,43648.0,2.291055718475021e-05,0.017319984421177638,-2.0267577056234307e-05,44442.0,44372.0,-0.0008325457900184324,0.0007437122509690629,0,0.007880378133337352,44428.21732862016,44383.582671379845,0.0010051515055502008,1,6486.123595505618,-2696.629213483146,44405.9,-0.8218952905403127,0.6549118387579389,9.008806107968503e-05,-1,0.9595999999999999,32711.0,3843.0,0.0,923.0,0.0,379.0,-544.0,0.0
2026-06-12 05:00:00,44402.0,44411.0,44380.0,44382.0,92,05:00:00,2026-06-12,4,-0.00051795968922419,92,44056.12864470378,0.007396731517747397,-16.138451900529617,-17.890631445300933,1.752179544771316,16.642857142857142,47.32824426975118,23.333333331000006,20.0,9.0,2.0,7.6,1,43649.0,43648.0,2.291055718475021e-05,0.016793053678205303,-0.00048081957780208174,44438.0,44372.0,-0.0012601827264953137,0.0002253673487785039,0,0.00733889121645584,44424.23842537462,44382.46157462538,0.0009408490744334113,1,26862.78947368421,13101.71952657034,44403.35,-0.8782349728932675,3.931623931455914,-0.00051795968922419,0,0.9595999999999999,32711.0,3843.0,0.0,923.0,0.0,379.0,-544.0,0.0
2026-06-12 08:46:00,44929.0,44931.0,44762.0,44803.0,1849,08:46:00,2026-06-12,4,0.009485827587760731,1849,44102.558385656026,0.01588210843051161,17.122369200034882,-10.88803131623377,28.010400516268653,54.07142857142857,86.93181817951317,94.86607142793616,126.0,2.0,41.0,30.6,1,43649.0,43648.0,2.291055718475021e-05,0.026438177277829357,0.00857683129980621,44931.0,44372.0,-0.002848812623800876,0.009713332732353518,0,0.015767899111790513,44602.13211525499,44241.86788474501,0.008110040757056841,0,41691.36738802215,60849.827157984524,44422.0,3.4679529619474256,16.20508326015596,0.009485827587760731,0,0.9595999999999999,32711.0,3843.0,0.0,923.0,0.0,379.0,-544.0,0.0
2026-06-12 08:47:00,44799.0,44866.0,44772.0,44781.0,649,08:47:00,2026-06-12,4,-0.0004910385465258793,649,44117.0367810991,0.015050041148396967,41.23130460132961,-0.464164132721093,41.695468734050706,59.714285714285715,83.7591240854514,90.34334763890337,18.0,67.0,9.0,33.6,0,43649.0,43648.0,2.291055718475021e-05,0.025934156567160166,0.007661929996286999,44931.0,44372.0,-0.0033384522935166515,0.00921752456504081,0,0.014940498394502403,44681.56823667945,44199.43176332055,0.010849033502298332,0,11118.159525631216,7141.4549259209925,44440.5,7.7917574016062146,4.44825222752263,-0.0004910385465258793,0,0.9595999999999999,32711.0,3843.0,0.0,923.0,0.0,379.0,-544.0,0.0
2026-06-12 08:48:00,44785.0,44820.0,44750.0,44780.0,434,08:48:00,2026-06-12,4,-2.2330899265288195e-05,434,44126.078796785594,0.014819381668285166,59.57042715673015,11.542754125169157,48.027673031560994,63.07142857142857,85.47486033296714,94.81981981917914,5.0,35.0,30.0,34.4,0,43649.0,43648.0,2.291055718475021e-05,0.025911246534857022,0.00721900265525219,44931.0,44372.0,-0.003360708642140096,0.00919498783016296,0,0.014708393526501157,44743.16522866052,44174.93477133949,0.012780985138481702,0,6399.249259137307,-7617.801656299973,44459.05,12.544098587157134,2.601138747362295,-2.2330899265288195e-05,0,0.9595999999999999,32711.0,3843.0,0.0,923.0,0.0,379.0,-544.0,0.0
2026-06-12 08:49:00,44776.0,44794.0,44727.0,44741.0,341,08:49:00,2026-06-12,4,-0.000870924519874916,341,44132.703421817954,0.013783351823430502,70.14870919123496,23.26394513838232,46.88476405285264,67.35714285714286,79.47368420857433,0.0,35.0,18.0,14.0,40.8,0,43649.0,43648.0,2.291055718475021e-05,0.025017755275034366,0.005956007833420545,44931.0,44374.0,-0.004228706238454425,0.008270608915130297,0,0.013676931614553259,44785.129652808166,44167.07034719183,0.013896436639370818,0,4533.931946508173,-8912.501021060116,44476.1,12.178650218359945,1.8871057000448972,-0.000870924519874916,0,0.9595999999999999,32711.0,3843.0,0.0,923.0,0.0,379.0,-544.0,0.0
2026-06-12 08:50:00,44746.0,44746.0,44694.0,44731.0,381,08:50:00,2026-06-12,4,-0.00022350863860887138,381,44139.5883252301,0.013398667663419003,76.83940070895915,33.979036252497686,42.86036445646146,69.35714285714286,77.8359511324787,0.0,15.0,0.0,37.0,39.8,0,43649.0,43648.0,2.291055718475021e-05,0.024788654952002918,0.005359324201467251,44931.0,44374.0,-0.004451269724688869,0.008045251723982332,0,0.01329237534755566,44819.47923747313,44165.62076252687,0.014695909201568488,0,4664.069786535304,-5804.99832208469,44492.55,11.712289465690734,1.911211437161218,-0.00022350863860887138,0,0.9595999999999999,32711.0,3843.0,0.0,923.0,0.0,379.0,-544.0,0.0
2026-06-12 08:51:00,44738.0,44778.0,44723.0,44773.0,307,08:51:00,2026-06-12,4,0.0009389461447317782,307,44145.33968494396,0.01421804248275144,84.55616015208943,44.094461032416035,40.4616991196734,73.07142857142857,79.60848286930747,46.153846152324604,35.0,5.0,15.0,21.6,1,43649.0,43648.0,2.291055718475021e-05,0.02575087630873501,0.005869236774559395,44931.0,44380.0,-0.0035165030825042064,0.008855340243352662,0,0.014101002882520376,44857.62790665897,44165.87209334103,0.015540970941783359,0,6508.196496212121,170.25002881275765,44511.75,11.853604609184652,1.4430082256101386,0.0009389461447317782,0,0.9595999999999999,32711.0,3843.0,0.0,923.0,0.0,379.0,-544.0,0.0
2026-06-12 08:52:00,44780.0,44798.0,44742.0,44794.0,284,08:52:00,2026-06-12,4,0.00046903267594311515,284,44150.73631885625,0.01456971581398073,91.31366501321463,53.538301828575754,37.77536318463888,75.85714285714286,81.96457326707326,86.30136985946706,14.0,4.0,38.0,20.8,0,43649.0,43648.0,2.291055718475021e-05,0.026231986987101052,0.005910515867668921,44931.0,44380.0,-0.0030491197614118753,0.00932852636322647,0,0.014445365480605186,44895.24772926642,44166.35227073359,0.01636834412435473,0,7281.909559244419,6060.914996425153,44530.8,12.298740222277665,1.257750221429328,0.00046903267594311515,0,0.9595999999999999,32711.0,3843.0,0.0,923.0,0.0,379.0,-544.0,0.0
2026-06-12 08:53:00,44791.0,44824.0,44785.0,44822.0,287,08:53:00,2026-06-12,4,0.0006250837165691081,287,44156.37356441639,0.015074300307124703,97.80101309513702,62.39084408188801,35.41016901324901,78.07142857142857,82.68933539233748,99.9999999967033,31.0,2.0,6.0,26.0,1,43649.0,43648.0,2.291055718475021e-05,0.026873467891589113,0.006075012317247298,44931.0,44380.0,-0.0024259419999554336,0.009959441189724878,0,0.014940656917996767,44933.285389960554,44169.41461003944,0.01714585034844274,0,8039.94625,7238.0487813679565,44551.35,13.2156956614075,1.1968306922385452,0.0006250837165691081,0,0.9595999999999999,32711.0,3843.0,0.0,923.0,0.0,379.0,-544.0,0.0
2026-06-12 08:54:00,44821.0,44823.0,44765.0,44776.0,256,08:54:00,2026-06-12,4,-0.0010262817366472055,256,44161.152249509905,0.013922819473011019,98.09963608701219,69.53260248291285,28.567033604099336,80.85714285714286,78.33089311698882,51.57894736679224,45.0,2.0,11.0,28.0,1,43649.0,43648.0,2.291055718475021e-05,0.025819606405644444,0.004617434967758689,44931.0,44380.0,-0.0034497340366338733,0.008922938260477492,0,0.013795041316621444,44957.64920210217,44182.750797897825,0.017386020350016997,0,7566.1095709570955,1625.5088108674922,44570.2,13.131364190353578,1.0185000994588482,-0.0010262817366472055,0,0.9595999999999999,32711.0,3843.0,0.0,923.0,0.0,379.0,-544.0,0.0
2026-06-12 08:55:00,44777.0,44810.0,44766.0,44770.0,188,08:55:00,2026-06-12,4,-0.00013400035733424076,188,44164.58265001225,0.01370820946697136,96.73702292010421,74.97348657035113,21.763536349753082,82.85714285714286,77.11738484237794,34.9999999986875,7.0,33.0,4.0,26.4,0,43649.0,43648.0,2.291055718475021e-05,0.025682146211825574,0.004071682240580215,44931.0,44380.0,-0.0035832721283745395,0.008787742226227833,0,0.013577896293496122,44977.51715696739,44199.3828430326,0.01745147709630568,0,6366.686838124055,-1256.8443945564866,44588.45,12.946095735983674,0.7225211375836952,-0.00013400035733424076,1,0.9595999999999999,32711.0,3843.0,0.0,923.0,0.0,379.0,-544.0,0.0
2026-06-12 08:56:00,44770.0,44816.0,44757.0,44816.0,229,08:56:00,2026-06-12,4,0.001027473754746433,229,44168.80612483214,0.014652736443423754,98.23654795550101,79.62609884738112,18.610449108119894,86.07142857142857,79.35393258270933,46.93877550876718,46.0,0.0,13.0,28.6,1,43649.0,43648.0,2.291055718475021e-05,0.026736007697770243,0.004648201638022982,44931.0,44380.0,-0.0025594800916960998,0.009824245155475218,0,0.014508259612605321,45001.08009434358,44216.21990565642,0.017594349721122348,0,8249.890675241157,261.12665273248155,44608.65,12.861563117616617,0.8461112137415626,0.001027473754746433,0,0.9595999999999999,32711.0,3843.0,0.0,923.0,0.0,379.0,-544.0,0.0
2026-06-12 08:57:00,44814.0,44841.0,44807.0,44832.0,299,08:57:00,2026-06-12,4,0.000357015351660106,299,44174.49883753461,0.014884179328973075,99.56823796379467,83.61452667066382,15.953711293130851,88.07142857142857,79.72413792949499,91.17647058421281,18.0,9.0,7.0,29.4,0,43649.0,43648.0,2.291055718475021e-05,0.027102568214620565,0.00453173051607942,44931.0,44380.0,-0.00220337851372099,0.01018476791347431,0,0.01473235145761242,45022.58738432778,44236.91261567222,0.017604283435500835,0,10647.15488482923,4072.16586672084,44629.75,13.360945205541576,1.0483870967705176,0.000357015351660106,0,0.9595999999999999,32711.0,3843.0,0.0,923.0,0.0,379.0,-544.0,0.0
2026-06-12 08:58:00,44827.0,44845.0,44774.0,44801.0,265,08:58:00,2026-06-12,4,-0.0006914703783011955,265,44179.310270549715,0.014071965488892986,97.00396958894271,86.29241525431961,10.711554334623102,91.35714285714286,76.32978723262153,66.66666666451613,26.0,18.0,27.0,28.4,0,43649.0,43648.0,2.291055718475021e-05,0.02639235721322307,0.003382982511738525,44931.0,44380.0,-0.0028933253210477647,0.009486255069851072,0,0.01392363775212002,45033.84114410926,44266.05885589073,0.017195591220561527,0,9597.627324171382,5074.759554216311,44649.95,13.792809572882666,0.8897095853587721,-0.0006914703783011955,0,0.9595999999999999,32711.0,3843.0,0.0,923.0,0.0,379.0,-544.0,0.0
2026-06-12 08:59:00,44805.0,44822.0,44767.0,44784.0,170,08:59:00,2026-06-12,4,-0.00037945581571841025,170,44182.28235394992,0.013618980595652055,92.53334371589153,87.540600946634,4.992742769257532,93.07142857142857,76.9436997304595,24.999999998828116,21.0,17.0,17.0,23.6,0,43649.0,43648.0,2.291055718475021e-05,0.026002886664069604,0.0025700034923392483,44931.0,44380.0,-0.0032716832476463184,0.009103199639477038,0,0.01347052658319523,45038.43853365551,44299.96146634448,0.01653213102788982,0,6614.491746307559,-1982.3280008323172,44669.2,13.573600635750159,0.55555555555374,-0.00037945581571841025,1,0.9595999999999999,32711.0,3843.0,0.0,923.0,0.0,379.0,-544.0,0.0
2026-06-12 09:00:00,44785.0,44832.0,44780.0,44827.0,182,09:00:00,2026-06-12,4,0.0009601643444088204,182,44185.54623258459,0.014517275944466172,91.40640499807341,88.31376175692188,3.092643241151535,57.57142857142857,53.26086956319116,47.25274725118947,42.0,5.0,5.0,30.6,1,43649.0,43648.0,2.291055718475021e-05,0.02698801805310484,0.003040873910017843,44931.0,44380.0,-0.002314660256838212,0.010072104551599594,0,0.014353053905932016,45041.85791621677,44340.342083783224,0.015696991849239204,0,7125.339737991267,-3307.7523384731426,44691.1,13.74643595359565,0.5802646261738236,0.0009601643444088204,-1,0.9595999999999999,32711.0,3843.0,0.0,923.0,0.0,379.0,-544.0,0.0
2026-06-12 09:01:00,44827.0,44856.0,44780.0,44801.0,718,09:01:00,2026-06-12,4,-0.000580007584714548,718,44198.08616622083,0.013641175129432196,87.40773329610965,88.13255606475944,-0.724822768649787,56.285714285714285,52.68817204102787,49.99999999825582,26.0,29.0,21.0,26.6,0,43649.0,43648.0,2.291055718475021e-05,0.02639235721322307,0.0020151685606864663,44931.0,44380.0,-0.0028933253210477647,0.009486255069851072,0,0.013484717010374495,45037.53573788312,44384.264262116885,0.0146110115378178,0,19686.118727050183,10511.443153737788,44710.9,13.650631187717874,2.0581911996501128,-0.000580007584714548,0,0.9595999999999999,32711.0,3843.0,0.0,923.0,0.0,379.0,-544.0,0.0
2026-06-12 09:02:00,44800.0,44848.0,44663.0,44675.0,929,09:02:00,2026-06-12,4,-0.002812437222383446,929,44211.47425555224,0.010484286087554282,73.22748927552311,85.15154270691218,-11.92405343138907,64.5,39.43661971719897,22.051282050942802,125.0,48.0,12.0,48.0,1,43649.0,43648.0,2.291055718475021e-05,0.023505693143026796,-0.0011123594877556363,44931.0,44380.0,-0.005697625247601752,0.006647138350608233,0,0.01036396501820023,45017.22680969581,44432.27319030419,0.013078969013613283,0,18331.74690812721,17714.52079951666,44724.75,12.435861846642187,2.356671740227406,-0.002812437222383446,0,0.9595999999999999,32711.0,3843.0,0.0,923.0,0.0,379.0,-544.0,0.0
2026-06-12 09:03:00,44667.0,44696.0,44606.0,44650.0,700,09:03:00,2026-06-12,4,-0.0005595970900951208,700,44219.66879903332,0.009731669473202266,59.288808185032394,79.97899580253622,-20.690187617503824,66.14285714285714,40.579710143751306,0.0,17.0,29.0,44.0,46.2,0,43649.0,43648.0,2.291055718475021e-05,0.02293294233544817,-0.0019491608773011086,44931.0,44380.0,-0.006254033963187861,0.006083821541234654,0,0.009619091068879308,44990.18271211864,44484.21728788135,0.011309724887504837,1,11580.214894405335,6252.158241187192,44737.2,10.315252925078719,1.6330339437731647,-0.0005595970900951208,0,0.9595999999999999,32711.0,3843.0,0.0,923.0,0.0,379.0,-544.0,0.0
2026-06-12 09:04:00,44645.0,44652.0,44577.0,44627.0,601,09:04:00,2026-06-12,4,-0.0005151175811870523,601,44225.95973031114,0.009067983422731542,45.857775328549906,73.15475170773897,-27.29697637918906,67.78571428571429,39.51612903114269,0.0,18.0,7.0,50.0,45.6,0,43649.0,43648.0,2.291055718475021e-05,0.022406011592475832,-0.0027107175021174033,44931.0,44380.0,-0.0067659299815270805,0.005565570076610961,0,0.008962134197027691,44955.1939214578,44541.406078542204,0.00924700699055803,1,8568.954313099042,-5647.209878235335,44748.3,8.364850629265225,1.312083833639751,-0.0005151175811870523,0,0.9595999999999999,32711.0,3843.0,0.0,923.0,0.0,379.0,-544.0,0.0
2026-06-12 09:05:00,44628.0,44646.0,44588.0,44592.0,393,09:05:00,2026-06-12,4,-0.0007842785757501414,393,44229.865207343355,0.008187562656114825,32.020267816173146,64.9278549294258,-32.90758711325266,68.0,31.492842534885682,0.0,36.0,18.0,4.0,44.4,0,43649.0,43648.0,2.291055718475021e-05,0.021604160461865758,-0.0037266414649186124,44931.0,44577.0,-0.007544902183347632,0.00033649639948851793,0,0.008090806559975622,44897.4955772808,44620.1044227192,0.006197466298506507,1,5245.332535169111,-7138.661928152826,44758.8,7.613234283031859,0.830691185794059,-0.0007842785757501414,0,0.9595999999999999,32711.0,3843.0,0.0,923.0,0.0,379.0,-544.0,0.0
2026-06-12 09:06:00,44593.0,44614.0,44555.0,44577.0,411,09:06:00,2026-06-12,4,-0.0003363832077503126,411,44233.583603103645,0.007763702800517644,19.617431243030296,55.865770192146705,-36.24833894911641,68.21428571428571,27.536231883259816,0.0,16.0,21.0,22.0,42.4,0,43649.0,43648.0,2.291055718475021e-05,0.021260509977318584,-0.0038102687300965686,44866.0,44555.0,-0.006441403289796139,0.0004937717427897993,0,0.007674538173000664,44906.38890524473,44588.61109475527,0.007101576858806552,1,6038.611404087013,-4785.40643748813,44747.5,2.3023345225009413,1.024426719837925,-0.0003363832077503126,0,0.9595999999999999,32711.0,3843.0,0.0,923.0,0.0,379.0,-544.0,0.0
2026-06-12 09:07:00,44579.0,44594.0,44508.0,44512.0,308,09:07:00,2026-06-12,4,-0.0014581510644502416,308,44235.97361712975,0.006239862272712776,4.491363486384216,45.59088885099421,-41.099525364609995,71.57142857142857,20.192307691764057,0.0,67.0,15.0,4.0,30.8,1,43649.0,43648.0,2.291055718475021e-05,0.019771357877614155,-0.004963780386528784,44856.0,44508.0,-0.007668985197074914,8.987148377819516e-05,0,0.006170386604169434,44923.58513769319,44544.514862306816,0.00847386443629327,1,5681.598010774969,-3369.5550201618867,44734.05,-3.184478516502303,0.8017701418695776,-0.0014581510644502416,0,0.9595999999999999,32711.0,3843.0,0.0,923.0,0.0,379.0,-544.0,0.0
2026-06-12 09:08:00,44517.0,44550.0,44488.0,44517.0,568,09:08:00,2026-06-12,4,0.0001123292595255343,568,44240.00347588656,0.0062612229283484306,-7.011867530774907,35.07033757464039,-42.0822051054153,71.85714285714286,22.964509393900826,5.8823529409688575,0.0,33.0,29.0,27.4,0,43649.0,43648.0,2.291055718475021e-05,0.01988590803912988,-0.004559389457725513,44856.0,44488.0,-0.007557517388977896,0.0006518611760474588,0,0.006193894222017786,44932.25044482001,44509.54955517999,0.00945197636094114,1,11085.338009644893,11133.718282529248,44720.9,-8.467608604341818,1.4532429320674087,0.0001123292595255343,0,0.9595999999999999,32711.0,3843.0,0.0,923.0,0.0,379.0,-544.0,0.0
2026-06-12 09:09:00,44516.0,44523.0,44478.0,44478.0,377,09:09:00,2026-06-12,4,-0.0008760698160253932,377,44242.37758141464,0.005325717817758785,-19.05557425326697,24.24515520905892,-43.30072946232589,71.92857142857143,21.484374999412537,4.5871559631764995,38.0,7.0,0.0,31.4,1,43649.0,43648.0,2.291055718475021e-05,0.018992416779307224,-0.005138930051277349,44856.0,44478.0,-0.008426966292134644,0.0,0,0.005270281295420857,44944.97773868012,44470.52226131988,0.010612376542327282,1,8151.777345649003,3499.4236259875415,44707.75,-8.883177831163753,0.9601426206520818,-0.0008760698160253932,0,0.9595999999999999,32711.0,3843.0,0.0,923.0,0.0,379.0,-544.0,0.0
2026-06-12 09:10:00,44478.0,44512.0,44475.0,44477.0,325,09:10:00,2026-06-12,4,-2.2483025315933602e-05,325,44244.3486255144,0.005258329746353865,-28.354141352050647,13.725295896837007,-42.07943724888766,70.35714285714286,13.70449678759772,11.111111110370373,1.0,34.0,2.0,24.4,0,43649.0,43648.0,2.291055718475021e-05,0.01896950674700408,-0.004878616312097157,44856.0,44475.0,-0.008449259853754047,4.496908375491749e-05,0,0.005205305162106165,44953.30118331476,44436.798816685245,0.011556142495186937,1,7267.483660130719,2791.266904747869,44695.05,-8.718191176519898,0.8336539694733008,-2.2483025315933602e-05,0,0.9595999999999999,32711.0,3843.0,0.0,923.0,0.0,379.0,-544.0,0.0
2026-06-12 09:11:00,44476.0,44488.0,44412.0,44422.0,592,09:11:00,2026-06-12,4,-0.0012365941947523051,592,44247.176920081765,0.003951056137072704,-39.70368376447004,3.0394999645755982,-42.74318372904564,73.35714285714286,9.486166007642666,0.0,54.0,12.0,10.0,32.0,1,43649.0,43648.0,2.291055718475021e-05,0.017709454970331103,-0.0057187622405012436,44856.0,44412.0,-0.009675405742821257,0.00022516436999008772,0,0.00391300050177899,44960.013157586975,44394.986842413025,0.012646775562060019,1,12118.812903225806,932.2899244765738,44677.5,-9.704634745723242,1.464983914868931,-0.0012365941947523051,0,0.9595999999999999,32711.0,3843.0,0.0,923.0,0.0,379.0,-544.0,0.0
2026-06-12 09:12:00,44430.0,44447.0,44317.0,44342.0,617,09:12:00,2026-06-12,4,-0.0018009094592769115,617,44248.97411429987,0.002102328642915738,-54.52507814725686,-8.473415657790895,-46.05166248946597,77.57142857142857,8.64864864843048,0.0,88.0,17.0,25.0,36.2,1,43649.0,43648.0,2.291055718475021e-05,0.015876652386079503,-0.00700706977285795,44856.0,44317.0,-0.011458890672373564,0.0005641176072387445,0,0.00208321787083007,44968.75138957164,44341.04861042836,0.014056750303847135,0,11036.31060911658,3538.5329372461215,44654.9,-11.821216679434448,1.4664289958372754,-0.0018009094592769115,0,0.9595999999999999,32711.0,3843.0,0.0,923.0,0.0,379.0,-544.0,0.0
2026-06-12 09:13:00,44345.0,44459.0,44323.0,44456.0,605,09:13:00,2026-06-12,4,0.0025709259843940124,605,44251.31456885822,0.00462552204688219,-56.42189621755824,-18.063111769744367,-38.358784447813875,83.35714285714286,24.846625766337652,45.78313252956888,111.0,3.0,22.0,58.4,1,43649.0,43648.0,2.291055718475021e-05,0.018488396068638033,-0.004046007088353381,44856.0,44317.0,-0.008917424647761529,0.0031364938962474193,0,0.004585596374763598,44952.10420799466,44321.09579200534,0.014136569899797516,0,10689.93640699523,4709.267893700297,44636.6,-13.077510820550454,1.3855490667551003,0.0025709259843940124,0,0.9595999999999999,32711.0,3843.0,0.0,923.0,0.0,379.0,-544.0,0.0
2026-06-12 09:14:00,44458.0,44510.0,44416.0,44480.0,535,09:14:00,2026-06-12,4,0.0005398596364944996,535,44254.02836316678,0.005106238803365006,-55.35049275450001,-25.520587966695498,-29.829904787804512,86.35714285714286,22.590837282280773,63.30275229270685,22.0,30.0,42.0,55.2,0,43649.0,43648.0,2.291055718475021e-05,0.019038236843913516,-0.0031778189136251727,44856.0,44317.0,-0.008382379168895837,0.0036780467991966138,0,0.00506415332490437,44937.541133140825,44306.05886685918,0.01415187792248699,0,8899.326851159312,-2656.601828723278,44621.8,-12.46712551060312,1.187305814466961,0.0005398596364944996,0,0.9595999999999999,32711.0,3843.0,0.0,923.0,0.0,379.0,-544.0,0.0
2026-06-12 09:15:00,44479.0,44506.0,44450.0,44457.0,230,09:15:00,2026-06-12,4,-0.0005170863309352791,230,44255.18678087545,0.004560216187173809,-55.715057075402,-31.559481788436802,-24.1555752869652,84.92857142857143,22.69841269790828,85.71428571268855,22.0,27.0,7.0,59.4,0,43649.0,43648.0,2.291055718475021e-05,0.01851130610094118,-0.0033437093315607405,44856.0,44317.0,-0.008895131086142125,0.003159058600536969,0,0.004524336198585815,44921.99024942528,44290.30975057472,0.014161287150999288,0,3964.7576580069795,-6407.533460745587,44606.15,-10.91705501523909,0.5080627347017714,-0.0005170863309352791,1,0.9595999999999999,32711.0,3843.0,0.0,923.0,0.0,379.0,-544.0,0.0
2026-06-12 09:16:00,44457.0,44504.0,44455.0,44493.0,300,09:16:00,2026-06-12,4,0.0008097712396248902,300,44256.769204761134,0.005337732497957545,-52.49396009519842,-35.74637744978912,-16.747582645409295,75.21428571428571,33.14814814728875,72.28915662389316,36.0,11.0,2.0,55.8,0,43649.0,43648.0,2.291055718475021e-05,0.019336067263854402,-0.0021753756447633514,44856.0,44317.0,-0.008092562867843586,0.003971387954960761,0,0.005297842458821715,44893.448946541255,44286.551053458745,0.013610627788349339,0,5836.423261915173,-4540.263814763237,44590.0,-10.439863251232968,0.6575342465739014,0.0008097712396248902,-1,0.9595999999999999,32711.0,3843.0,0.0,923.0,0.0,379.0,-544.0,0.0
2026-06-12 09:17:00,44493.0,44543.0,44484.0,44505.0,348,09:17:00,2026-06-12,4,0.0002697053469085109,348,44258.78983999207,0.005562966382452985,-48.41482189024828,-38.28006633788095,-10.134755552367324,73.0,36.242884249511576,67.60563379996032,12.0,38.0,9.0,40.6,0,43649.0,43648.0,2.291055718475021e-05,0.01961098765149214,-0.001540147598412962,44856.0,44317.0,-0.00782504012841074,0.004242164406435358,0,0.005523670599287419,44856.75331013537,44290.546689864634,0.012702720559584484,0,7674.796828543112,-1375.980501779954,44573.65,-10.790689752542804,0.7586657946353638,0.0002697053469085109,-1,0.9595999999999999,32711.0,3843.0,0.0,923.0,0.0,379.0,-544.0,0.0
2026-06-12 09:18:00,44507.0,44509.0,44422.0,44452.0,285,09:18:00,2026-06-12,4,-0.0011908774295023017,285,44260.099253233966,0.00433575048415663,-48.895100255133,-40.40307312133137,-8.492027133801635,73.85714285714286,34.29084380524225,47.524752473835896,55.0,2.0,30.0,29.4,1,43649.0,43648.0,2.291055718475021e-05,0.018396755939425455,-0.002338619541163626,44856.0,44317.0,-0.009006598894239144,0.00304623507908922,0,0.004306937009126221,44822.844332396264,44289.55566760373,0.011968899160891671,1,7461.024734982332,8818.362630347678,44556.2,-11.198007449646376,0.6199695453543181,-0.0011908774295023017,1,0.9595999999999999,32711.0,3843.0,0.0,923.0,0.0,379.0,-544.0,0.0
2026-06-12 09:19:00,44452.0,44452.0,44364.0,44376.0,313,09:19:00,2026-06-12,4,-0.0017097093494106153,313,44261.068328633206,0.0025966763954597153,-54.77685566631408,-43.27782963032791,-11.49902603598617,76.0,31.939799330355925,8.510638297691258,76.0,0.0,12.0,40.2,1,43649.0,43648.0,2.291055718475021e-05,0.016655593484386434,-0.0035881246098644084,44856.0,44317.0,-0.010700909577313834,0.001331317553083437,0,0.0025806580631040975,44791.2571547124,44280.3428452876,0.01147199128397352,1,9410.357723577235,6123.501160348173,44535.8,-12.155191747027828,0.6704508942900922,-0.0017097093494106153,1,0.9595999999999999,32711.0,3843.0,0.0,923.0,0.0,379.0,-544.0,0.0
2026-06-12 09:20:00,44380.0,44447.0,44376.0,44399.0,216,09:20:00,2026-06-12,4,0.0005182981791960195,216,44261.77763558669,0.003100245217060178,-56.92607308914012,-46.00747832209036,-10.918594767049761,76.85714285714286,35.31353135231949,15.13157894706977,19.0,48.0,4.0,39.6,0,43649.0,43648.0,2.291055718475021e-05,0.01718252422735877,-0.002592419531657146,44856.0,44317.0,-0.010188157660067546,0.0018503057517430819,0,0.0030826511064578834,44736.70126547225,44292.09873452775,0.009987836092241744,1,6559.633378932968,-1453.0201574363136,44514.4,-13.292606730658134,0.4609966919209028,0.0005182981791960195,-1,0.9595999999999999,32711.0,3843.0,0.0,923.0,0.0,379.0,-544.0,0.0
2026-06-12 09:21:00,44403.0,44438.0,44366.0,44423.0,226,09:21:00,2026-06-12,4,0.000540552715151188,226,44262.52086730553,0.0036256211700089335,-56.04667280115973,-48.01531721790423,-8.031355583255497,75.85714285714286,42.123893804265954,38.211382112889154,20.0,15.0,37.0,36.4,0,43649.0,43648.0,2.291055718475021e-05,0.01773236500263425,-0.001629378251733285,44848.0,44317.0,-0.009476453799500325,0.0023918586546922763,0,0.0036066373609570657,44675.4444358655,44315.5555641345,0.008088208284680376,1,7233.139769452449,-305.4338695077686,44495.5,-13.62324435207605,0.5090663362979861,0.000540552715151188,-1,0.9595999999999999,32711.0,3843.0,0.0,923.0,0.0,379.0,-544.0,0.0
2026-06-12 09:22:00,44415.0,44416.0,44345.0,44370.0,281,09:22:00,2026-06-12,4,-0.0011930756590055047,281,44263.234964186355,0.002412047738942421,-58.946895677516295,-50.20163290982665,-8.745262767689646,77.0,38.00978792735378,46.99999999859,45.0,1.0,25.0,43.0,1,43649.0,43648.0,2.291055718475021e-05,0.016518133290567564,-0.0024786281551924176,44696.0,44317.0,-0.007293717558618058,0.0011959293273461381,0,0.0024002795805698673,44647.382944243676,44313.117055756324,0.007514928276872211,1,9438.281604844815,29.67355980274519,44480.25,-12.473111519272788,0.6827845948227851,-0.0011930756590055047,1,0.9595999999999999,32711.0,3843.0,0.0,923.0,0.0,379.0,-544.0,0.0
2026-06-12 09:23:00,44364.0,44373.0,44250.0,44253.0,719,09:23:00,2026-06-12,4,-0.0026369168356997763,719,44263.68686316924,-0.00024143635396385043,-69.88072390625894,-54.137451109113115,-15.74327279714582,82.57142857142857,33.71924746675532,12.371134020427249,111.0,9.0,3.0,54.2,1,43649.0,43648.0,2.291055718475021e-05,0.013837659511099595,-0.004664825327707281,44652.0,44250.0,-0.008935769954313158,6.779661016948999e-05,0,-0.00024036812914956154,44636.69568463224,44284.10431536776,0.007930458773750905,1,18129.861538461537,17638.528696874604,44460.4,-12.13090595402836,1.7430303030260776,-0.0026369168356997763,0,0.9595999999999999,32711.0,3843.0,0.0,923.0,0.0,379.0,-544.0,0.0
2026-06-12 09:24:00,44255.0,44303.0,44247.0,44256.0,387,09:24:00,2026-06-12,4,6.779201410078706e-05,387,44263.728618682384,-0.00017460387824449512,-77.41143577884213,-58.79224804305892,-18.619187735783214,83.92857142857143,34.054834054146085,1.7341040462127069,1.0,47.0,8.0,39.2,0,43649.0,43648.0,2.291055718475021e-05,0.01390638960800903,-0.004181869116609556,44646.0,44247.0,-0.008735385028893771,0.00020340362058444183,0,-0.00017390407200383858,44622.35954195197,44261.34045804803,0.008123403591523177,1,9364.172772006561,2946.2074154215206,44441.85,-12.057399062826905,0.9631657541041235,6.779201410078706e-05,0,0.9595999999999999,32711.0,3843.0,0.0,923.0,0.0,379.0,-544.0,0.0
2026-06-12 09:25:00,44256.0,44320.0,44245.0,44295.0,307,09:25:00,2026-06-12,4,0.0008812364425163643,307,44263.8801862494,0.0007030520961934681,-79.31827344791964,-62.89745312403106,-16.420820323888577,83.85714285714286,40.62038404642735,26.415094339124252,39.0,25.0,11.0,43.2,0,43649.0,43648.0,2.291055718475021e-05,0.014799880867831686,-0.0029711661827266536,44614.0,44245.0,-0.007150221903438223,0.001130071194485227,0,0.0007004707441555622,44604.33821388552,44249.66178611448,0.007983353090936555,1,7082.5859375,-2495.8946617312204,44427.0,-11.97160537541943,0.7723270440232143,0.0008812364425163643,-1,0.9595999999999999,32711.0,3843.0,0.0,923.0,0.0,379.0,-544.0,0.0
2026-06-12 09:26:00,44297.0,44297.0,44210.0,44215.0,375,09:26:00,2026-06-12,4,-0.0018060729201941905,375,44263.69432345489,-0.0011000962346038345,-86.29008901830093,-67.57598030288503,-18.714108715415904,80.78571428571429,40.62038404642735,34.42622950735017,82.0,0.0,5.0,55.6,1,43649.0,43648.0,2.291055718475021e-05,0.012967078283580083,-0.004366241901961028,44594.0,44210.0,-0.008498901197470321,0.00011309658448314606,0,-0.001096499202972554,44595.43279660516,44222.367203394846,0.008400694302500232,1,8013.835186080232,-5579.759299827356,44408.9,-11.583341580372645,0.9476876421507514,-0.0018060729201941905,0,0.9595999999999999,32711.0,3843.0,0.0,923.0,0.0,379.0,-544.0,0.0
2026-06-12 09:27:00,44208.0,44274.0,44130.0,44132.0,579,09:27:00,2026-06-12,4,-0.0018771909985298985,579,44262.65602305881,-0.002951834227723225,-97.39005746781913,-73.53879573587184,-23.85126173194729,81.35714285714286,24.922600618654926,19.306930692782572,76.0,66.0,2.0,61.8,1,43649.0,43648.0,2.291055718475021e-05,0.011065545602419046,-0.005809880175445217,44550.0,44130.0,-0.009382716049382506,4.532064355313743e-05,0,-0.0029433727730588384,44607.10608695272,44172.69391304728,0.009786284130070787,1,10795.28010139417,1528.279501277239,44389.9,-11.68943237061398,1.4147831398865858,-0.0018771909985298985,0,0.9595999999999999,32711.0,3843.0,0.0,923.0,0.0,379.0,-544.0,0.0
2026-06-12 09:28:00,44134.0,44134.0,44075.0,44091.0,791,09:28:00,2026-06-12,4,-0.0009290310885525788,791,44259.98704172371,-0.0038180544780639794,-108.24741101125983,-80.48051879094945,-27.766892220310382,78.85714285714286,20.66365007497845,0.0,43.0,0.0,16.0,48.2,0,43649.0,43648.0,2.291055718475021e-05,0.010126234277990101,-0.006256677019333319,44543.0,44075.0,-0.010147497923354733,0.0003630175836642005,0,-0.0038087079989836715,44614.92490311271,44122.275096887286,0.011103568880366158,0,14299.29520295203,10189.370562017313,44368.6,-13.145159475094301,1.881541389148712,-0.0009290310885525788,0,0.9595999999999999,32711.0,3843.0,0.0,923.0,0.0,379.0,-544.0,0.0
2026-06-12 09:29:00,44093.0,44155.0,44078.0,44105.0,469,09:29:00,2026-06-12,4,0.00031752511850480225,469,44258.56756034926,-0.0034697815319001046,-114.40348673889821,-87.26511238053921,-27.138374358359002,80.35714285714286,23.08868501479627,10.144927536011352,12.0,50.0,15.0,50.4,0,43649.0,43648.0,2.291055718475021e-05,0.010446974730234131,-0.005523117838915075,44543.0,44075.0,-0.009833194890330473,0.000680657969370376,0,-0.003462632096524414,44617.00842057258,44082.891579427414,0.012043234347392802,0,8205.174533915113,238.76127146616503,44349.95,-13.274366174348918,1.1035294117621093,0.00031752511850480225,0,0.9595999999999999,32711.0,3843.0,0.0,923.0,0.0,379.0,-544.0,0.0
2026-06-12 09:30:00,44111.0,44195.0,44076.0,44076.0,602,09:30:00,2026-06-12,4,-0.0006575218229225577,602,44256.821789746406,-0.004085738253086555,-120.2362698675206,-93.8593438779355,-26.376925989585104,85.35714285714286,17.774343121717408,16.666666666071436,35.0,84.0,0.0,49.6,0,43649.0,43648.0,2.291055718475021e-05,0.009782583793442925,-0.0057275112283130735,44543.0,44075.0,-0.010484251173023585,2.268859897901253e-05,0,-0.004079002879465135,44616.30707135999,44043.492928640015,0.012921620457523264,0,9422.49715909091,-1271.651063621749,44329.9,-13.516588232908838,1.3717671186023201,-0.0006575218229225577,0,0.9595999999999999,32711.0,3843.0,0.0,923.0,0.0,379.0,-544.0,0.0
2026-06-12 09:31:00,44079.0,44244.0,44053.0,44239.0,913,09:31:00,2026-06-12,4,0.0036981577275614352,913,44255.40007969715,-0.0003705780462410885,-110.43305129458895,-97.1740853612662,-13.258965933322756,94.78571428571429,33.33333333274854,85.92233009583609,160.0,5.0,26.0,65.2,1,43649.0,43648.0,2.291055718475021e-05,0.013516919058855565,-0.001844508497712655,44543.0,44053.0,-0.006824865859955396,0.0042221869112204794,0,-0.00037003163748699835,44606.46010335053,44035.03989664947,0.012892837027826695,0,12042.399224806202,-1578.3267259773056,44320.75,-10.784654012071272,2.0070345130753857,0.0036981577275614352,0,0.9595999999999999,32711.0,3843.0,0.0,923.0,0.0,379.0,-544.0,0.0
2026-06-12 09:32:00,44233.0,44233.0,44163.0,44195.0,465,09:32:00,2026-06-12,4,-0.0009945975270688745,465,44254.86398183792,-0.0013527096561067279,-105.003942141484,-98.74005671730976,-6.263885424174248,94.0,33.71356146961726,69.06779660929152,38.0,0.0,32.0,57.6,0,43649.0,43648.0,2.291055718475021e-05,0.012508877637517183,-0.0026718780323784406,44543.0,44053.0,-0.00781267539231736,0.0032233900074909038,0,-0.0013509227871912784,44604.32404506789,44022.47595493211,0.01313029670789807,0,6342.800925925926,-2269.7550189716103,44313.4,-8.241271974375538,1.039570757878293,-0.0009945975270688745,0,0.9595999999999999,32711.0,3843.0,0.0,923.0,0.0,379.0,-544.0,0.0
2026-06-12 09:33:00,44192.0,44225.0,44161.0,44205.0,366,09:33:00,2026-06-12,4,0.00022626994003838163,366,44254.44889359283,-0.0011173767797160222,-98.75601967520197,-98.74324930888821,-0.012770366313759496,92.28571428571429,38.17427385818197,79.7235023030453,13.0,20.0,31.0,51.6,0,43649.0,43648.0,2.291055718475021e-05,0.012737977960548633,-0.0021636153708110882,44543.0,44053.0,-0.00758817322587146,0.00345038930379308,0,-0.001116206429285895,44587.49687609948,44014.203123900515,0.012940919919120135,0,5747.435168738899,-3900.3057557903085,44300.85,-6.553139077688627,0.8407028827360957,0.00022626994003838163,0,0.9595999999999999,32711.0,3843.0,0.0,923.0,0.0,379.0,-544.0,0.0
2026-06-12 09:34:00,44197.0,44201.0,44111.0,44133.0,316,09:34:00,2026-06-12,4,-0.001628775025449558,316,44253.79570939738,-0.0027296123973322346,-98.47908874378481,-98.69041719586754,0.211328452082725,93.92857142857143,32.7720207247943,7.936507936318975,64.0,4.0,22.0,62.0,1,43649.0,43648.0,2.291055718475021e-05,0.011088455634722192,-0.003398557024625348,44543.0,44053.0,-0.009204588824281948,0.0018159943704174105,0,-0.0027277814399805605,44566.47256701459,44000.52743298541,0.012780045254534364,0,5238.928625093914,-5649.597287638316,44283.5,-8.40464116694776,0.7445805843526283,-0.001628775025449558,1,0.9595999999999999,32711.0,3843.0,0.0,923.0,0.0,379.0,-544.0,0.0
2026-06-12 09:35:00,44132.0,44221.0,44129.0,44197.0,337,09:35:00,2026-06-12,4,0.001450162010287137,337,44253.32965643586,-0.0012728908055773213,-92.03443814231287,-97.3592213851566,5.324783242843736,95.35714285714286,36.0837438417424,50.684931505807846,65.0,24.0,3.0,68.0,0,43649.0,43648.0,2.291055718475021e-05,0.012554697702123474,-0.0016602477948068882,44543.0,44053.0,-0.0077677749590281805,0.003268789866751339,0,-0.0012723971140118002,44543.629620276304,43997.370379723696,0.012339125163542226,0,6213.762619941594,-203.4405737958667,44270.5,-9.681044559885148,0.7841768470022474,0.001450162010287137,-1,0.9595999999999999,32711.0,3843.0,0.0,923.0,0.0,379.0,-544.0,0.0
2026-06-12 09:36:00,44191.0,44200.0,44136.0,44160.0,272,09:36:00,2026-06-12,4,-0.0008371608932733476,272,44252.86888948781,-0.002098595906171083,-88.88795190876408,-95.66496748987811,6.7770155811140285,94.35714285714286,36.80904522548325,36.994219652537666,31.0,9.0,24.0,42.2,0,43649.0,43648.0,2.291055718475021e-05,0.011707026506907107,-0.0021207194402294138,44543.0,44053.0,-0.008598432974878015,0.0024288924704332867,0,-0.0020985493801738107,44509.937382287746,43997.76261771225,0.011573563985404284,0,6840.273348519362,1901.4362888764058,44253.85,-10.60927724863067,0.6349947472846154,-0.0008371608932733476,1,0.9595999999999999,32711.0,3843.0,0.0,923.0,0.0,379.0,-544.0,0.0
2026-06-12 09:37:00,44154.0,44165.0,44050.0,44059.0,384,09:37:00,2026-06-12,4,-0.0022871376811594013,384,44251.68353398306,-0.00435426448431238,-93.4667680857965,-95.2253276090618,1.7585595232652906,93.78571428571429,37.56410256342834,31.683168316361147,95.0,11.0,9.0,53.6,1,43649.0,43648.0,2.291055718475021e-05,0.00939311324428946,-0.003901061572565262,44509.0,44050.0,-0.010110314767799545,0.000204313280363219,0,-0.004356246479787693,44472.79804880282,43990.30195119719,0.010908414866890735,0,10100.69014925373,9280.068258369647,44231.55,-11.73123172287581,0.89271184470326,-0.0022871376811594013,0,0.9595999999999999,32711.0,3843.0,0.0,923.0,0.0,379.0,-544.0,0.0
2026-06-12 09:38:00,44051.0,44142.0,44045.0,44136.0,550,09:38:00,2026-06-12,4,0.001747656551442489,550,44250.18562783661,-0.002580455340842156,-89.84656118079874,-94.14957432340918,4.303013142610439,96.71428571428571,42.97423887517373,35.81395348787237,85.0,6.0,6.0,68.0,1,43649.0,43648.0,2.291055718475021e-05,0.011157185731631627,-0.001803655937081203,44452.0,44045.0,-0.007108791505443915,0.0020660687932795535,0,-0.002582465022907172,44436.74857108036,43994.75142891964,0.009996373286910406,1,13057.988165680474,11014.623448559116,44215.75,-12.367151940908732,1.240414975188903,0.001747656551442489,0,0.9595999999999999,32711.0,3843.0,0.0,923.0,0.0,379.0,-544.0,0.0
2026-06-12 09:39:00,44132.0,44138.0,44064.0,44094.0,278,09:39:00,2026-06-12,4,-0.0009516041326808056,278,44249.39323024443,-0.0035117595722920637,-89.33675165487512,-93.18700978970237,3.850258134827257,96.64285714285714,38.27304550695936,34.99999999952273,38.0,6.0,30.0,62.8,0,43649.0,43648.0,2.291055718475021e-05,0.010194964374899536,-0.002435429446638282,44447.0,44045.0,-0.007942043332508203,0.0011124985809966828,0,-0.0035155527054855757,44415.46671934667,43987.833280653336,0.009674603520305707,1,6731.538714991762,-158.96240981529826,44201.65,-11.795583887050979,0.629457715384061,-0.0009516041326808056,1,0.9595999999999999,32711.0,3843.0,0.0,923.0,0.0,379.0,-544.0,0.0
2026-06-12 09:40:00,44096.0,44120.0,44063.0,44109.0,198,09:40:00,2026-06-12,4,0.0003401823377329194,198,44248.828947697235,-0.003160059848420208,-86.72266440060775,-91.89414071188345,5.171476311275697,94.5,43.308080807315264,68.65671641637336,13.0,11.0,33.0,52.4,0,43649.0,43648.0,2.291055718475021e-05,0.010538614859446712,-0.0017686137259361532,44438.0,44045.0,-0.007403573518159967,0.0014530593710977082,0,-0.003164470840441889,44383.211510215384,43991.08848978462,0.008874141473952405,1,5192.379310344828,-4859.381652521579,44187.15,-10.038083675566751,0.44923425978343906,0.0003401823377329194,-1,0.9595999999999999,32711.0,3843.0,0.0,923.0,0.0,379.0,-544.0,0.0
2026-06-12 09:41:00,44112.0,44130.0,44084.0,44095.0,334,09:41:00,2026-06-12,4,-0.00031739554285969973,334,44247.921760725156,-0.0034560213144493265,-84.80310698600078,-90.47593396670692,5.672826980706134,87.5,47.441217149842075,21.126760562487604,17.0,18.0,11.0,49.6,0,43649.0,43648.0,2.291055718475021e-05,0.010217874407202681,-0.001714935788955322,44416.0,44045.0,-0.0072271253602303855,0.0011352026336700844,0,-0.0034620594109258346,44336.23350211463,44005.26649788537,0.007492899808793125,1,8444.799311926605,-3532.8480890175997,44170.75,-10.1773689239694,0.7486271433357646,-0.00031739554285969973,1,0.9595999999999999,32711.0,3843.0,0.0,923.0,0.0,379.0,-544.0,0.0
2026-06-12 09:42:00,44099.0,44166.0,44060.0,44102.0,421,09:42:00,2026-06-12,4,0.00015874815738747827,421,44246.843500705334,-0.0032735329629337696,-81.77435850462643,-88.73561887429082,6.961260369664387,90.85714285714286,50.79825834439597,61.11111110601851,3.0,64.0,39.0,31.2,0,43649.0,43648.0,2.291055718475021e-05,0.010378244633324697,-0.0012534719588018143,44373.0,44045.0,-0.006107317512901853,0.0012941310023838963,0,-0.0032801674173230672,44296.1512968182,44018.5487031818,0.006286667873783094,1,10425.009545199326,5486.815105113874,44157.35,-10.022250300611608,0.9290521902219375,0.00015874815738747827,0,0.9595999999999999,32711.0,3843.0,0.0,923.0,0.0,379.0,-544.0,0.0
2026-06-12 09:43:00,44104.0,44209.0,44103.0,44185.0,341,09:43:00,2026-06-12,4,0.0018820008162894197,341,44246.33513920517,-0.001386219649880598,-71.84842327273509,-85.35817975397967,13.50975648124458,93.0,55.27704485386032,86.53846153596524,81.0,24.0,1.0,30.4,1,43649.0,43648.0,2.291055718475021e-05,0.012279777314485733,0.0007032213425979377,44320.0,44045.0,-0.0030460288808663574,0.0031785673742762365,0,-0.0013891200946952334,44286.05597818454,44021.84402181546,0.005983880408640075,1,9584.659669211196,8459.089939973348,44153.95,-7.513496570836627,0.7852619458818992,0.0018820008162894197,-1,0.9595999999999999,32711.0,3843.0,0.0,923.0,0.0,379.0,-544.0,0.0
2026-06-12 09:44:00,44182.0,44267.0,44177.0,44264.0,572,09:44:00,2026-06-12,4,0.0017879370827202923,572,44246.22770063972,0.0004016681259365937,-56.95091363780375,-79.67672653074449,22.725812892940738,90.92857142857143,61.633663365268724,99.99999999822485,82.0,3.0,5.0,39.2,1,43649.0,43648.0,2.291055718475021e-05,0.014089669866434189,0.0024833340316412537,44320.0,44045.0,-0.0012635379061371557,0.004972187535474969,0,0.0004025039290642883,44287.798629968675,44020.90137003132,0.006044642485674592,1,13568.600214362272,6067.403988155543,44154.35,-3.71286428235913,1.2897406989824358,0.0017879370827202923,0,0.9595999999999999,32711.0,3843.0,0.0,923.0,0.0,379.0,-544.0,0.0
2026-06-12 09:45:00,44268.0,44275.0,44159.0,44178.0,711,09:45:00,2026-06-12,4,-0.0019428881257906871,711,44245.6890104961,-0.0015298441952172916,-51.49046120431012,-74.03947346545762,22.549012261147496,85.57142857142857,45.82763337805529,65.3225806443711,90.0,7.0,19.0,54.6,1,43649.0,43648.0,2.291055718475021e-05,0.012119407088363718,0.0006681993725720994,44297.0,44045.0,-0.0026864121723818163,0.0030196390055624244,0,-0.001533212011644721,44265.19393164433,44031.80606835567,0.005286427925946688,1,13203.261034047919,2664.986997664637,44148.5,-2.0041963568915584,1.5333189562183884,-0.0019428881257906871,0,0.9595999999999999,32711.0,3843.0,0.0,923.0,0.0,379.0,-544.0,0.0
2026-06-12 09:46:00,44176.0,44265.0,44164.0,44229.0,469,09:46:00,2026-06-12,4,0.0011544207524107897,469,44245.4690828648,-0.00037222077663946507,-42.55716700479388,-67.74301217332487,25.18584516853099,87.35714285714286,52.30352303423815,60.18518518434928,53.0,36.0,12.0,61.8,0,43649.0,43648.0,2.291055718475021e-05,0.013287818735824113,0.0018075072707999492,44275.0,44045.0,-0.0010389610389610155,0.0041775456919059106,0,-0.0003730324188162272,44267.72710104703,44030.672898952966,0.005369388394219093,1,8251.153937947494,-1391.2916861798676,44149.2,-1.075781441977445,1.001280956445343,0.0011544207524107897,0,0.9595999999999999,32711.0,3843.0,0.0,923.0,0.0,379.0,-544.0,0.0
2026-06-12 09:47:00,44229.0,44260.0,44208.0,44231.0,367,09:47:00,2026-06-12,4,4.521920007238833e-05,367,44245.388190651276,-0.00032519074280188786,-34.91362121309794,-61.17713398127949,26.26351276818155,86.5,51.780821916815164,38.129496402054755,2.0,29.0,21.0,61.6,0,43649.0,43648.0,2.291055718475021e-05,0.013333638800430404,0.0017404932492188572,44275.0,44045.0,-0.000993788819875754,0.004222953797252714,0,-0.0003258627026287623,44277.810443398725,44030.48955660128,0.00560130558050468,1,6598.689837398374,-5136.793970527848,44154.15,-0.045295650371274775,0.801660113584968,4.521920007238833e-05,0,0.9595999999999999,32711.0,3843.0,0.0,923.0,0.0,379.0,-544.0,0.0
2026-06-12 09:48:00,44228.0,44256.0,44193.0,44198.0,201,09:48:00,2026-06-12,4,-0.0007460830639144378,201,44245.282962258396,-0.0010686554383374056,-31.159690792679612,-55.17364534355952,24.01395455087991,84.28571428571429,54.70332850829835,61.627906974594374,30.0,28.0,5.0,51.4,0,43649.0,43648.0,2.291055718475021e-05,0.012577607734426618,0.0008718395815169812,44275.0,44045.0,-0.0017391304347825695,0.0034737200590304585,0,-0.0010707313773569626,44280.8945286138,44038.1054713862,0.005498002858446953,1,3829.223275862069,-7099.7897670981,44159.5,2.4915908807773763,0.4692972215725676,-0.0007460830639144378,1,0.9595999999999999,32711.0,3843.0,0.0,923.0,0.0,379.0,-544.0,0.0
2026-06-12 09:49:00,44204.0,44265.0,44195.0,44240.0,203,09:49:00,2026-06-12,4,0.000950269242952162,203,44245.24038613427,-0.00011843954487611564,-24.51305367362511,-49.04152700957264,24.52847333594753,82.71428571428571,53.213751867346794,57.142857140630795,36.0,25.0,9.0,42.2,0,43649.0,43648.0,2.291055718475021e-05,0.013539829091158709,0.0016698270738402816,44275.0,44045.0,-0.0007905138339920771,0.004427290271313329,0,-0.00011865137144919647,44289.87741136389,44042.62258863611,0.0055982752153005385,1,4603.136852895951,-4421.220489262865,44166.25,3.861904632474181,0.4891566265048454,0.000950269242952162,-1,0.9595999999999999,32711.0,3843.0,0.0,923.0,0.0,379.0,-544.0,0.0
2026-06-12 09:50:00,44238.0,44332.0,44225.0,44332.0,393,09:50:00,2026-06-12,4,0.002079566003616584,393,44245.590398828615,0.0019529539642818344,-11.687192071243771,-41.57066002190687,29.883467950663096,85.78571428571429,61.878453037477485,80.2395209566424,94.0,0.0,13.0,43.0,1,43649.0,43648.0,2.291055718475021e-05,0.01564755206304805,0.003462048187998466,44332.0,44045.0,0.0,0.006516063117266284,0,0.001955895411317867,44315.66235976498,44042.437640235024,0.006184486074959755,1,10668.999387630129,6168.3601601686,44179.05,5.6393340150362885,0.9714497589890707,0.002079566003616584,0,0.9595999999999999,32711.0,3843.0,0.0,923.0,0.0,379.0,-544.0,0.0
2026-06-12 09:51:00,44329.0,44350.0,44297.0,44306.0,467,09:51:00,2026-06-12,4,-0.0005864838040241516,467,44246.17239272644,0.0013521532832836483,-3.5793268036140944,-33.97239337824831,30.39306657463422,81.35714285714286,69.02927580744775,83.74999999842969,23.0,21.0,9.0,37.0,0,43649.0,43648.0,2.291055718475021e-05,0.01505189122316628,0.002797494024769948,44350.0,44045.0,-0.0009921082299887037,0.00592575774775784,0,0.0013541049665377926,44328.1805127347,44036.6194872653,0.006599030959599235,1,12686.022072348253,23129.491696961086,44182.4,5.185747121231322,1.2217135382571047,-0.0005864838040241516,0,0.9595999999999999,32711.0,3843.0,0.0,923.0,0.0,379.0,-544.0,0.0
2026-06-12 09:52:00,44312.0,44329.0,44260.0,44329.0,296,09:52:00,2026-06-12,4,0.0005191170496094966,296,44246.4770317616,0.0018650743239775206,4.64853717306687,-26.24820726798528,30.89674444105215,79.35714285714286,66.2184873933999,81.56028368620794,17.0,0.0,52.0,40.0,0,43649.0,43648.0,2.291055718475021e-05,0.015578821966138617,0.003165939111681349,44350.0,44045.0,-0.0004735062006764268,0.006447950959246079,0,0.0018674960168548276,44348.95638290779,44029.24361709221,0.00723510471622127,1,8411.14358974359,8272.634202591487,44189.1,5.173633713525271,0.7918673087191229,0.0005191170496094966,-1,0.9595999999999999,32711.0,3843.0,0.0,923.0,0.0,379.0,-544.0,0.0
2026-06-12 09:53:00,44332.0,44356.0,44306.0,44324.0,256,09:53:00,2026-06-12,4,-0.00011279297976496405,256,44246.8373953106,0.001743912316263711,10.643034167063888,-18.869958980975447,29.512993148039335,77.64285714285714,70.60931899464421,42.59259259022634,8.0,24.0,18.0,35.6,0,43649.0,43648.0,2.291055718475021e-05,0.01546427180462289,0.0029177475758030407,44356.0,44045.0,-0.0007214356569573289,0.006334430695879071,0,0.0017459558183416442,44365.880140316585,44024.21985968342,0.0077307363750727075,1,7025.971517027864,-3414.5918827458845,44195.05,3.6216260874781145,0.6950855281002034,-0.00011279297976496405,1,0.9595999999999999,32711.0,3843.0,0.0,923.0,0.0,379.0,-544.0,0.0
2026-06-12 09:54:00,44323.0,44323.0,44276.0,44294.0,226,09:54:00,2026-06-12,4,-0.000676834220738165,226,44247.03338281041,0.001061463641714631,12.825126864161575,-12.530941811948043,25.35606867610962,77.0,66.14310645562652,39.65517241174197,29.0,0.0,18.0,34.2,0,43649.0,43648.0,2.291055718475021e-05,0.01477697083552854,0.0020564168576411926,44356.0,44045.0,-0.0013977815853548248,0.0056533091156770205,0,0.0010625186285483778,44376.76865001632,44029.43134998368,0.007857758845706102,0,6111.382173382173,-5182.585889785605,44203.1,4.685123488085095,0.6212204507954336,-0.000676834220738165,1,0.9595999999999999,32711.0,3843.0,0.0,923.0,0.0,379.0,-544.0,0.0
2026-06-12 09:55:00,44294.0,44302.0,44236.0,44269.0,235,09:55:00,2026-06-12,4,-0.0005644105296428448,235,44247.1211029545,0.0004944705214739379,12.39428636343655,-7.545896176871125,19.940182540307674,78.42857142857143,64.89726027241684,0.0,25.0,8.0,33.0,20.4,1,43649.0,43648.0,2.291055718475021e-05,0.014204220027949915,0.001409288637242805,44356.0,44045.0,-0.001961403192352738,0.005085707798841978,0,0.000494922648501209,44382.8041557792,44030.59584422079,0.00796730612233897,0,7029.199324324324,-1642.9921219088276,44206.7,3.9828826565824027,0.6551435740154582,-0.0005644105296428448,1,0.9595999999999999,32711.0,3843.0,0.0,923.0,0.0,379.0,-544.0,0.0
2026-06-12 09:56:00,44266.0,44295.0,44253.0,44274.0,153,09:56:00,2026-06-12,4,0.0001129458537576511,153,44247.19080467562,0.0006058959865435081,12.314348234795034,-3.5738472945378934,15.888195529332927,73.85714285714286,64.7766323008473,8.333333332916652,8.0,21.0,13.0,17.4,0,43649.0,43648.0,2.291055718475021e-05,0.01431877018946564,0.001393274285042141,44356.0,44045.0,-0.0018486788709531554,0.005199228062208986,0,0.0006063727670150857,44389.51655394886,44035.283446051144,0.00801207597637104,0,5809.53859348199,-1731.3376813409736,44212.4,3.9257790182381385,0.4337349397578066,0.0001129458537576511,-1,0.9595999999999999,32711.0,3843.0,0.0,923.0,0.0,379.0,-544.0,0.0
2026-06-12 09:57:00,44274.0,44335.0,44274.0,44313.0,225,09:57:00,2026-06-12,4,0.0008808781677733801,225,44247.419286574586,0.0014821364609011339,15.222495305119082,0.18542122539350192,15.037074079725581,70.57142857142857,61.895910779058475,63.768115939256454,39.0,22.0,0.0,21.8,1,43649.0,43648.0,2.291055718475021e-05,0.015212261449288295,0.0019875591010534623,44356.0,44045.0,-0.0009694291640364107,0.006084686116471652,0,0.0014828844575911016,44392.03635723517,44058.16364276483,0.007549394223423731,0,9105.410958904109,4899.102528004683,44225.1,4.977026498141534,0.6525522041744416,0.0008808781677733801,-1,0.9595999999999999,32711.0,3843.0,0.0,923.0,0.0,379.0,-544.0,0.0
2026-06-12 09:58:00,44312.0,44378.0,44309.0,44365.0,224,09:58:00,2026-06-12,4,0.0011734705391195366,224,44247.80830950379,0.0026485309662453715,21.475630527675094,4.44346308584982,17.032167441825273,69.07142857142857,59.882583168613785,99.999999996875,53.0,13.0,3.0,30.8,1,43649.0,43648.0,2.291055718475021e-05,0.016403583129051838,0.0029037074545821087,44378.0,44060.0,-0.00029293794222361776,0.006922378574670747,0,0.002649205023814245,44409.07487234453,44064.02512765548,0.007800105222695791,0,9348.786453433679,3299.9307916656962,44236.55,6.752370115843486,0.681887366816798,0.0011734705391195366,-1,0.9595999999999999,32711.0,3843.0,0.0,923.0,0.0,379.0,-544.0,0.0
2026-06-12 09:59:00,44364.0,44379.0,44347.0,44364.0,158,09:59:00,2026-06-12,4,-2.2540290769756943e-05,158,44248.114526014404,0.0026189923622047646,26.0503019353564,8.764830855751136,17.285471079605266,63.07142857142857,71.83098591313231,98.91304347503545,0.0,15.0,17.0,25.0,0,43649.0,43648.0,2.291055718475021e-05,0.01638067309674869,0.002575138333176901,44379.0,44060.0,-0.00033799770161562143,0.0068996822514751045,0,0.0026188778088520447,44417.79727230865,44082.302727691356,0.007581789051476455,0,7044.7356783919595,2126.1535060560554,44250.05,8.515710524649522,0.4899224806186359,-2.2540290769756943e-05,1,0.9595999999999999,32711.0,3843.0,0.0,923.0,0.0,379.0,-544.0,0.0
2026-06-12 10:00:00,44372.0,44377.0,44340.0,44340.0,202,10:00:00,2026-06-12,4,-0.000540979172301892,202,44248.466510616956,0.00206862512085203,27.423046748372144,12.496474034275337,14.926572714096807,58.5,63.90977443384778,67.5324675298364,32.0,5.0,0.0,26.4,1,43649.0,43648.0,2.291055718475021e-05,0.015830832321473212,0.0017712870750266527,44379.0,44060.0,-0.0008787940242006157,0.006354970494779702,0,0.00206801130964633,44420.00574151828,44103.194258481715,0.007157705167381195,0,9310.47817047817,225.21466905733467,44261.6,8.253231762053675,0.6259683916931331,-0.000540979172301892,1,0.9595999999999999,32711.0,3843.0,0.0,923.0,0.0,379.0,-544.0,0.0
2026-06-12 10:01:00,44344.0,44370.0,44326.0,44356.0,207,10:01:00,2026-06-12,4,0.00036084799278301993,207,44248.81900128297,0.0024222341101107618,29.462398989358917,15.889659025292055,13.572739964066862,57.92857142857143,65.13317191062502,39.02439024104699,12.0,14.0,18.0,27.2,0,43649.0,43648.0,2.291055718475021e-05,0.016197392838323534,0.0018373945361509737,44379.0,44060.0,-0.0005182631424772862,0.006718111665909971,0,0.002420820914835574,44417.506976686775,44131.79302331323,0.0064532176623313744,1,9037.098425196851,-333.3994522062794,44274.65,8.612787389613011,0.6543385490733228,0.00036084799278301993,-1,0.9595999999999999,32711.0,3843.0,0.0,923.0,0.0,379.0,-544.0,0.0
2026-06-12 10:02:00,44360.0,44360.0,44320.0,44322.0,288,10:02:00,2026-06-12,4,-0.0007665253855171361,288,44249.22580217229,0.0016446434148490229,28.012177537268144,18.314162727687275,9.698014809580869,56.285714285714285,64.97584540843077,21.621621620745074,38.0,0.0,2.0,27.0,1,43649.0,43648.0,2.291055718475021e-05,0.015418451740016602,0.0008208076431078177,44379.0,44103.0,-0.0012843912661393614,0.004965648595333538,0,0.0016432907234670852,44404.37351781699,44166.926482183015,0.005361715039385626,1,11830.153846153846,6792.899529843272,44285.65,8.045188649504022,0.9299321924412983,-0.0007665253855171361,0,0.9595999999999999,32711.0,3843.0,0.0,923.0,0.0,379.0,-544.0,0.0
2026-06-12 10:03:00,44323.0,44340.0,44274.0,44308.0,315,10:03:00,2026-06-12,4,-0.00031587022246293284,315,44249.527746618274,0.0013214209588077043,25.439927937622997,19.73931576967442,5.700612167948577,56.0,58.80829015330747,24.999999998828116,15.0,17.0,34.0,19.4,0,43649.0,43648.0,2.291055718475021e-05,0.015097711287772571,0.0003657561896332216,44379.0,44159.0,-0.0015998557876472747,0.0033741706107474497,0,0.0013201597898871672,44400.92590506628,44182.674094933725,0.004927589534237715,1,11929.076923076924,2812.528749492,44291.8,6.823070110435314,1.0214007782068049,-0.00031587022246293284,0,0.9595999999999999,32711.0,3843.0,0.0,923.0,0.0,379.0,-544.0,0.0
2026-06-12 10:04:00,44308.0,44355.0,44266.0,44329.0,293,10:04:00,2026-06-12,4,0.0004739550419787797,293,44249.85069415943,0.001788690913052363,24.809932633768767,20.753439142493292,4.056493491275475,54.714285714285715,49.52380952160846,30.434782607372398,21.0,26.0,42.0,23.6,0,43649.0,43648.0,2.291055718475021e-05,0.015578821966138617,0.0007664513303404404,44379.0,44159.0,-0.0011266590053854047,0.0038497248578997748,0,0.0017868657071290533,44404.56082618297,44185.53917381704,0.004944607859477027,1,9952.794636015326,1013.2635141666372,44295.05,4.607602770434426,0.9950755646086091,0.0004739550419787797,0,0.9595999999999999,32711.0,3843.0,0.0,923.0,0.0,379.0,-544.0,0.0
2026-06-12 10:05:00,44327.0,44387.0,44326.0,44376.0,255,10:05:00,2026-06-12,4,0.0010602540097903734,255,44250.322396242045,0.0028401511435908796,27.78290004374867,22.159331322744368,5.6235687210043,55.285714285714285,60.41666666414931,82.92682926525877,49.0,11.0,1.0,27.0,1,43649.0,43648.0,2.291055718475021e-05,0.016655593484386434,0.0016036582819752942,44387.0,44164.0,-0.0002478203077477584,0.004800289828819745,0,0.0028366492628465207,44405.325033584464,44204.57496641553,0.0045310979285368685,1,8332.754050073638,-2956.3434605859024,44304.95,4.358070842359914,0.9387078961864949,0.0010602540097903734,0,0.9595999999999999,32711.0,3843.0,0.0,923.0,0.0,379.0,-544.0,0.0
2026-06-12 10:06:00,44372.0,44395.0,44339.0,44392.0,380,10:06:00,2026-06-12,4,0.0003605552550929314,380,44251.094219146034,0.003184232691651655,31.071887045371113,23.94184246726972,7.130044578101394,54.357142857142854,59.5744680825713,99.99999999642857,20.0,3.0,33.0,28.6,0,43649.0,43648.0,2.291055718475021e-05,0.01702215400123675,0.0017805118576673642,44395.0,44193.0,-6.757517738483912e-05,0.0045029755843684635,0,0.003179777105505198,44413.978039959366,44212.22196004063,0.004552966953761517,1,11018.262573481385,-763.524584063633,44313.1,4.809016567399752,1.4221556886174322,0.0003605552550929314,0,0.9595999999999999,32711.0,3843.0,0.0,923.0,0.0,379.0,-544.0,0.0
2026-06-12 10:07:00,44393.0,44412.0,44373.0,44403.0,301,10:07:00,2026-06-12,4,0.00024779239502614736,301,44251.799430871964,0.0034168230687258365,34.17212601194478,25.98789917620473,8.184226835740052,53.57142857142857,61.79104477353709,99.99999999594594,10.0,9.0,20.0,23.0,0,43649.0,43648.0,2.291055718475021e-05,0.017274164356571347,0.0018343159219976013,44412.0,44193.0,-0.00020264793299107895,0.004751883782499384,0,0.003411434334153071,44422.43435622966,44220.96564377033,0.004545599840694928,1,8656.284326424871,-1302.6595614651621,44321.7,6.016473624026652,1.140583554372336,0.00024779239502614736,0,0.9595999999999999,32711.0,3843.0,0.0,923.0,0.0,379.0,-544.0,0.0
2026-06-12 10:08:00,44400.0,44417.0,44360.0,44360.0,384,10:08:00,2026-06-12,4,-0.0009684030358309004,384,44252.58430414732,0.00242733159072499,32.78146279758221,27.34661190048023,5.4348508971019776,54.214285714285715,59.48275861829667,38.57142856977551,40.0,17.0,0.0,28.0,1,43649.0,43648.0,2.291055718475021e-05,0.016289032967536112,0.0006812573032135585,44417.0,44195.0,-0.0012832924330773965,0.0037334540106346028,0,0.002423103552298401,44413.21803413984,44246.381965860164,0.003763519534933017,1,10560.595164290142,2673.595189332171,44329.8,5.608854089668496,1.4063358359223352,-0.0009684030358309004,0,0.9595999999999999,32711.0,3843.0,0.0,923.0,0.0,379.0,-544.0,0.0
2026-06-12 10:09:00,44368.0,44399.0,44350.0,44392.0,135,10:09:00,2026-06-12,4,0.0007213706041477863,135,44252.86082606465,0.003144184835467048,33.87104047523462,28.65149761543111,5.219542859803511,53.0,67.3239436593168,49.99999999825582,24.0,7.0,18.0,28.6,0,43649.0,43648.0,2.291055718475021e-05,0.01702215400123675,0.0012314659858268034,44417.0,44225.0,-0.0005628475583672792,0.003776144714527897,0,0.0031381897435426133,44413.76863505241,44261.031364947594,0.0034448855842880233,1,4118.845360824742,-6261.801410743354,44337.4,5.483705721333627,0.5006489894288869,0.0007213706041477863,-1,0.9595999999999999,32711.0,3843.0,0.0,923.0,0.0,379.0,-544.0,0.0
2026-06-12 10:10:00,44389.0,44429.0,44372.0,44425.0,187,10:10:00,2026-06-12,4,0.0007433771850784421,187,44253.32658726987,0.0038793335093482463,36.97118206913001,30.315434506170895,6.655747562959114,54.07142857142857,69.71279373113322,60.185185183513376,36.0,4.0,17.0,26.0,1,43649.0,43648.0,2.291055718475021e-05,0.017778185067240538,0.0018706848239987827,44429.0,44236.0,-9.003128587183844e-05,0.004272538204177496,0,0.003871571402993945,44427.78514908249,44256.314850917515,0.0038669907720768745,1,5989.52775775054,-3080.7173934127545,44342.05,4.591430382861176,0.7210333526095198,0.0007433771850784421,-1,0.9595999999999999,32711.0,3843.0,0.0,923.0,0.0,379.0,-544.0,0.0
2026-06-12 10:11:00,44424.0,44439.0,44406.0,44409.0,204,10:11:00,2026-06-12,4,-0.0003601575689363701,204,44253.86186310595,0.003505640646096539,37.70239064475027,31.79282573388677,5.909564910863498,52.07142857142857,63.333333330870374,80.24691357727481,15.0,15.0,3.0,25.0,0,43649.0,43648.0,2.291055718475021e-05,0.01741162455039022,0.0013935490853988872,44439.0,44236.0,-0.0006750826976304445,0.003910841848268291,0,0.0034982622779802506,44436.13190771178,44258.268092288214,0.0040107112833180645,1,7480.954582989265,-2916.161952419547,44347.2,3.9251248595739607,0.8285946385019148,-0.0003601575689363701,0,0.9595999999999999,32711.0,3843.0,0.0,923.0,0.0,379.0,-544.0,0.0
2026-06-12 10:12:00,44413.0,44438.0,44390.0,44395.0,194,10:12:00,2026-06-12,4,-0.0003152514130018158,194,44254.335837847284,0.003178539672770634,36.72880886616622,32.78002236034266,3.9487865058235556,50.57142857142857,54.65838509079124,52.380952378458055,18.0,25.0,5.0,26.6,0,43649.0,43648.0,2.291055718475021e-05,0.01709088409814619,0.001003370875187405,44439.0,44236.0,-0.0009901212898579853,0.0035943575368477354,0,0.0031716477188016563,44441.46326614744,44259.53673385256,0.004102017616371261,1,7801.295289855072,8940.490857109942,44350.5,2.9546161931007555,0.8046453753595826,-0.0003152514130018158,0,0.9595999999999999,32711.0,3843.0,0.0,923.0,0.0,379.0,-544.0,0.0
2026-06-12 10:13:00,44400.0,44425.0,44381.0,44406.0,290,10:13:00,2026-06-12,4,0.0002477756504111195,290,44255.02212102525,0.003411542277888021,36.42496207250224,33.509010302774584,2.9159517697276556,51.42857142857143,56.325301202444116,26.82926829071981,6.0,19.0,19.0,19.8,0,43649.0,43648.0,2.291055718475021e-05,0.017342894453480782,0.0011588426003165467,44439.0,44236.0,-0.000742590967393489,0.0038430237815353144,0,0.0034038832268749406,44447.89613293055,44261.303867069444,0.0042068300888995665,1,12750.237623762376,11287.550771032613,44354.6,2.830270589653756,1.1943986820379144,0.0002477756504111195,0,0.9595999999999999,32711.0,3843.0,0.0,923.0,0.0,379.0,-544.0,0.0
2026-06-12 10:14:00,44406.0,44415.0,44364.0,44365.0,140,10:14:00,2026-06-12,4,-0.0009232986533351806,140,44255.301116492854,0.0024787738584894988,32.50115091424959,33.30743842506959,-0.8062875108199989,52.42857142857143,53.581661888968064,16.66666666590909,41.0,9.0,1.0,23.2,1,43649.0,43648.0,2.291055718475021e-05,0.016403583129051838,0.00015442483512045454,44439.0,44236.0,-0.00166520398748843,0.002916176869517974,0,0.002473026569123005,44447.03614834253,44269.26385165747,0.004007658044464254,1,6119.310344827586,-1820.1477138464172,44358.15,2.469152505683418,0.5870020964335975,-0.0009232986533351806,1,0.9595999999999999,32711.0,3843.0,0.0,923.0,0.0,379.0,-544.0,0.0
2026-06-12 10:15:00,44365.0,44365.0,44277.0,44315.0,465,10:15:00,2026-06-12,4,-0.001127014538487514,465,44255.76503048908,0.001338468998787217,25.06795241801592,31.65954122365886,-6.591588805642939,55.57142857142857,44.647519580613405,10.784313725173007,50.0,0.0,38.0,26.0,1,43649.0,43648.0,2.291055718475021e-05,0.015258081513894586,-0.0010245612927730911,44439.0,44253.0,-0.002790341816872504,0.0014010349580819063,0,0.0013353103837071322,44441.67347339489,44279.2265266051,0.003661976981518073,1,15936.948955916474,10428.593411457114,44360.45,2.2434921815981985,1.85999999999256,-0.001127014538487514,0,0.9595999999999999,32711.0,3843.0,0.0,923.0,0.0,379.0,-544.0,0.0
2026-06-12 10:16:00,44320.0,44352.0,44295.0,44319.0,248,10:16:00,2026-06-12,4,9.026289066915716e-05,248,44256.02130658179,0.0014230536672496677,19.27763505011535,29.18315998895016,-9.905524938834809,56.785714285714285,49.57507081956359,4.210526315656523,1.0,32.0,24.0,23.2,0,43649.0,43648.0,2.291055718475021e-05,0.015349721643107167,-0.000985061774869341,44439.0,44266.0,-0.002700330790521778,0.0011973071883612436,0,0.0014196316594393635,44435.94105836438,44289.45894163562,0.0033019206840150814,1,8220.727000747944,-3552.491143045733,44362.7,1.8261916464128964,0.9735034347361198,9.026289066915716e-05,0,0.9595999999999999,32711.0,3843.0,0.0,923.0,0.0,379.0,-544.0,0.0
2026-06-12 10:17:00,44312.0,44353.0,44287.0,44340.0,182,10:17:00,2026-06-12,4,0.00047383740607864766,182,44256.22133544914,0.0018930370018678479,16.1965871402208,26.58584541920429,-10.38925827898349,56.785714285714285,54.44444444232717,33.333333331999995,28.0,13.0,25.0,25.2,1,43649.0,43648.0,2.291055718475021e-05,0.015830832321473212,-0.0005421056012695497,44439.0,44266.0,-0.0022277729021804673,0.0016717119233723022,0,0.0018884358968772807,44434.37099333785,44293.72900666216,0.003170179158027463,1,6090.475471698113,-47.1211157869215,44364.05,1.3300825214760883,0.7205067300050654,0.00047383740607864766,-1,0.9595999999999999,32711.0,3843.0,0.0,923.0,0.0,379.0,-544.0,0.0
2026-06-12 10:18:00,44343.0,44343.0,44303.0,44311.0,132,10:18:00,2026-06-12,4,-0.0006540369869192375,132,44256.34999223723,0.0012348512195957462,11.284693910063652,23.525615117376166,-12.240921207312514,53.285714285714285,47.554347824277826,46.296296293724275,32.0,0.0,8.0,30.4,1,43649.0,43648.0,2.291055718475021e-05,0.015166441384682006,-0.001134997018801218,44439.0,44266.0,-0.00288035284322323,0.0010165815750236974,0,0.0012319284188323921,44435.556752415236,44287.14324758476,0.0033455587990552796,1,5012.041131105399,-6855.081141961795,44361.35,0.20288342431184878,0.5322580645139828,-0.0006540369869192375,1,0.9595999999999999,32711.0,3843.0,0.0,923.0,0.0,379.0,-544.0,0.0
2026-06-12 10:19:00,44317.0,44331.0,44253.0,44258.0,207,10:19:00,2026-06-12,4,-0.0011960912640202048,207,44256.427890493214,3.552273831669339e-05,3.0798237848939607,19.436456850879726,-16.356633065985765,54.5,34.22459892920014,20.388349513969274,59.0,14.0,5.0,34.0,1,43649.0,43648.0,2.291055718475021e-05,0.01395220967261532,-0.002210521450850576,44439.0,44253.0,-0.004072998942370349,0.00011298669016789567,0,3.544295551081761e-05,44443.431739624466,44268.66826037554,0.003940014479398464,1,7424.15397082658,-968.9812468518775,44356.05,-1.4990070487130358,0.8265122778964804,-0.0011960912640202048,0,0.9595999999999999,32711.0,3843.0,0.0,923.0,0.0,379.0,-544.0,0.0
2026-06-12 10:20:00,44254.0,44333.0,44236.0,44314.0,252,10:20:00,2026-06-12,4,0.0012653079669211476,252,44256.57514375125,0.0012975440612434058,1.0836454955497175,15.765894579813725,-14.682249084264008,57.42857142857143,40.579710143555275,40.579710144045364,60.0,19.0,18.0,36.0,1,43649.0,43648.0,2.291055718475021e-05,0.01523517148159144,-0.0009187291101854725,44439.0,44236.0,-0.0028128445734601857,0.0017632697350573796,0,0.0012946720756795375,44443.892995703274,44265.607004296726,0.004019546754441055,1,10937.441723800195,7958.272346100882,44354.75,-2.0962919300656524,0.9962443170547688,0.0012653079669211476,0,0.9595999999999999,32711.0,3843.0,0.0,923.0,0.0,379.0,-544.0,0.0
2026-06-12 10:21:00,44319.0,44408.0,44318.0,44398.0,280,10:21:00,2026-06-12,4,0.0018955634788102582,280,44257.08268226169,0.0031840625092712997,6.208193610793387,13.854354386009659,-7.646160775216272,61.357142857142854,49.48665297599012,72.5388601024994,79.0,10.0,1.0,51.6,1,43649.0,43648.0,2.291055718475021e-05,0.017159614195055625,0.0009277033874136809,44439.0,44236.0,-0.000922613020094941,0.0036621756035807116,0,0.0031769009237200014,44448.07159254319,44265.62840745681,0.004113078027100043,0,11805.735992402659,13554.746825868368,44356.85,-1.0143965411332163,1.0911925175327701,0.0018955634788102582,0,0.9595999999999999,32711.0,3843.0,0.0,923.0,0.0,379.0,-544.0,0.0
2026-06-12 10:22:00,44397.0,44405.0,44364.0,44393.0,161,10:22:00,2026-06-12,4,-0.0001126176854813199,161,44257.40377175522,0.003063808915319011,9.753543916333001,13.034192292074328,-3.280648375741327,60.214285714285715,53.67483296046448,96.55172413593341,4.0,8.0,29.0,46.8,0,43649.0,43648.0,2.291055718475021e-05,0.0170450640335399,0.0007348896763779815,44439.0,44236.0,-0.0010351268030333483,0.0035491454923590846,0,0.0030566953464075362,44451.43706589721,44269.36293410279,0.004104429441448122,0,6925.652131782946,-671.4594565286649,44360.4,0.9807004906880898,0.6433566433540725,-0.0001126176854813199,1,0.9595999999999999,32711.0,3843.0,0.0,923.0,0.0,379.0,-544.0,0.0
2026-06-12 10:23:00,44384.0,44390.0,44320.0,44321.0,159,10:23:00,2026-06-12,4,-0.0016218773230013417,159,44257.613272439376,0.0014322220037133347,6.676498783454008,11.762653590350265,-5.086154806896257,61.92857142857143,42.74028629734486,52.17391304250607,63.0,6.0,1.0,53.0,1,43649.0,43648.0,2.291055718475021e-05,0.015395541707713456,-0.0009028190270519297,44439.0,44236.0,-0.0026553252773464154,0.0019215118907676572,0,0.001428882489495244,44450.68663489078,44271.41336510923,0.004041231435720024,0,6654.42776203966,-3915.9193437717445,44361.05,1.4203664770972468,0.6558053206819724,-0.0016218773230013417,1,0.9595999999999999,32711.0,3843.0,0.0,923.0,0.0,379.0,-544.0,0.0
2026-06-12 10:24:00,44321.0,44325.0,44286.0,44286.0,150,10:24:00,2026-06-12,4,-0.0007896933733444467,150,44257.70787932357,0.0006392586067396958,1.397600188945944,9.6896429100694,-8.292042721123456,60.642857142857146,35.845213848265104,0.0,35.0,4.0,0.0,48.2,0,43649.0,43648.0,2.291055718475021e-05,0.01459369057710338,-0.0016434131594787024,44439.0,44236.0,-0.0034429217579152673,0.001130301112216269,0,0.0006378003213882409,44453.68818491115,44264.11181508885,0.004273694113747129,0,6629.640718562874,-4384.390161842308,44358.9,0.4621608612881461,0.6374840628957184,-0.0007896933733444467,1,0.9595999999999999,32711.0,3843.0,0.0,923.0,0.0,379.0,-544.0,0.0
2026-06-12 10:25:00,44285.0,44323.0,44250.0,44251.0,229,10:25:00,2026-06-12,4,-0.0007903174818226777,229,44257.76685700401,-0.00015289648539825406,-5.546238882983744,6.642466551458772,-12.188705434442515,63.5,34.50980392062131,0.0,34.0,38.0,1.0,43.0,0,43649.0,43648.0,2.291055718475021e-05,0.013791839446493304,-0.0022918585473472087,44439.0,44236.0,-0.0042305182384841196,0.00033909033366488067,0,-0.0001525693956057022,44458.526342960744,44246.77365703926,0.00477429614513406,0,10350.846782431052,4945.663723029533,44352.65,-1.7470536785060549,0.9786324786282965,-0.0007903174818226777,0,0.9595999999999999,32711.0,3843.0,0.0,923.0,0.0,379.0,-544.0,0.0
2026-06-12 10:26:00,44258.0,44276.0,44225.0,44227.0,275,10:26:00,2026-06-12,4,-0.0005423606246186541,275,44257.704056581424,-0.0006937561998735785,-12.837893553209142,2.746394530525189,-15.58428808373433,63.714285714285715,33.84615384524261,0.0,31.0,18.0,2.0,33.4,0,43649.0,43648.0,2.291055718475021e-05,0.013241998671217824,-0.0026474594311795586,44439.0,44225.0,-0.004770584396588475,4.522328999434607e-05,0,-0.0006923998651785432,44462.38733205325,44226.41266794675,0.005321408432778301,0,12487.08932238193,8765.08359383631,44344.4,-3.7532925843733302,1.2021857923444714,-0.0005423606246186541,0,0.9595999999999999,32711.0,3843.0,0.0,923.0,0.0,379.0,-544.0,0.0
2026-06-12 10:27:00,44224.0,44280.0,44223.0,44269.0,175,10:27:00,2026-06-12,4,0.0009496461437583648,175,44257.703078021455,0.0002552532371286661,-15.054000277137675,-0.8136844310073839,-14.24031584613029,64.64285714285714,37.56805807527051,41.584158414606414,45.0,11.0,1.0,41.6,1,43649.0,43648.0,2.291055718475021e-05,0.014204220027949915,-0.001549471443038217,44439.0,44223.0,-0.0038254686199058526,0.001040182710354317,0,0.000254792692867341,44456.88866070572,44218.51133929427,0.005376402506477394,0,7841.169028340081,1827.4418798969753,44337.7,-4.7791987628197194,0.786693639016468,0.0009496461437583648,-1,0.9595999999999999,32711.0,3843.0,0.0,923.0,0.0,379.0,-544.0,0.0
2026-06-12 10:28:00,44264.0,44269.0,44222.0,44237.0,129,10:28:00,2026-06-12,4,-0.0007228534640493223,129,44257.673877589936,-0.00046712526390600863,-19.17141722292581,-4.48523098939107,-14.686186233534741,64.35714285714286,38.19188191783268,42.85714285583091,27.0,5.0,15.0,34.4,0,43649.0,43648.0,2.291055718475021e-05,0.013471098994249274,-0.0021327925597007273,44439.0,44222.0,-0.00454555683071166,0.0003391976844104668,0,-0.0004663468250024026,44458.34444616251,44204.755553837495,0.005720280304320762,0,5956.756784968685,-4245.150266276426,44331.55,-4.7573256614877675,0.6151645207409864,-0.0007228534640493223,1,0.9595999999999999,32711.0,3843.0,0.0,923.0,0.0,379.0,-544.0,0.0
2026-06-12 10:29:00,44242.0,44274.0,44235.0,44260.0,130,10:29:00,2026-06-12,4,0.0005199267581437184,130,44257.67125922142,5.261778833647073e-05,-20.34407816651219,-7.657000424815294,-12.687077741696896,60.857142857142854,44.66019417354321,67.01030927627804,18.0,14.0,7.0,31.0,0,43649.0,43648.0,2.291055718475021e-05,0.01399802973722161,-0.0014653146816859496,44439.0,44222.0,-0.004027993429194986,0.0008593008005065158,0,5.25379222894288e-05,44452.23662227126,44197.663377728735,0.005743339688877665,0,6134.115138592751,-5087.634131360038,44324.95,-4.386123163241439,0.6206731916895648,0.0005199267581437184,-1,0.9595999999999999,32711.0,3843.0,0.0,923.0,0.0,379.0,-544.0,0.0
2026-06-12 10:30:00,44256.0,44268.0,44230.0,44253.0,162,10:30:00,2026-06-12,4,-0.00015815634884774887,162,44257.653442047995,-0.00010514434648208313,-21.589392829824646,-10.443478905817166,-11.14591392400748,59.5,43.629343628164456,37.09677419175338,3.0,12.0,23.0,24.8,0,43649.0,43648.0,2.291055718475021e-05,0.013837659511099595,-0.0014294949832284725,44439.0,44222.0,-0.004185512725308756,0.0007010085477816314,0,-0.00010500508385719162,44438.30473706841,44194.39526293159,0.00550382588224914,0,8230.75315729047,496.8444469725465,44316.35,-4.815315183241022,0.7780979827051966,-0.00015815634884774887,1,0.9595999999999999,32711.0,3843.0,0.0,923.0,0.0,379.0,-544.0,0.0
2026-06-12 10:31:00,44253.0,44315.0,44253.0,44294.0,310,10:31:00,2026-06-12,4,0.000926490859376683,310,44257.79070750471,0.0008181450523500212,-19.04837847395538,-12.16445881944481,-6.883919654510571,59.214285714285715,45.72490706200716,90.14084506661376,41.0,21.0,0.0,26.8,1,43649.0,43648.0,2.291055718475021e-05,0.01477697083552854,-0.00037462819280258385,44438.0,44222.0,-0.003240469868130806,0.0016281488851702405,0,0.0008171699885645359,44424.75667902975,44196.44332097025,0.005152567513405305,0,15155.78366445916,15443.012383354908,44310.6,-4.725754005895206,1.4519906323117004,0.000926490859376683,0,0.9595999999999999,32711.0,3843.0,0.0,923.0,0.0,379.0,-544.0,0.0
2026-06-12 10:32:00,44287.0,44291.0,44248.0,44277.0,116,10:32:00,2026-06-12,4,-0.0003837991601571833,116,44257.81525554149,0.00043347698813724875,-18.196605078628636,-13.370888071281577,-4.825717007347059,59.642857142857146,46.76806083525713,63.07692307401184,10.0,4.0,29.0,19.8,0,43649.0,43648.0,2.291055718475021e-05,0.014387500286375076,-0.0006252158348887696,44425.0,44222.0,-0.0033314575126617146,0.0012437248428383782,0,0.000433018268005582,44412.51094563481,44196.88905436519,0.004866794973662288,0,6063.910271546635,-114.44986841610108,44304.7,-4.568533072231329,0.5534351145011764,-0.0003837991601571833,1,0.9595999999999999,32711.0,3843.0,0.0,923.0,0.0,379.0,-544.0,0.0
2026-06-12 10:33:00,44276.0,44335.0,44272.0,44302.0,178,10:33:00,2026-06-12,4,0.0005646272331008007,178,44257.93472265546,0.0009956469415185365,-15.327590537235665,-13.762228564472395,-1.5653619727632702,58.57142857142857,54.41767068120111,79.51807228628248,26.0,33.0,4.0,19.6,1,43649.0,43648.0,2.291055718475021e-05,0.014960251093953702,5.6434045530986664e-05,44415.0,44222.0,-0.00254418552290887,0.0018090543168558229,0,0.0009947127471989288,44396.198119498025,44202.801880501975,0.004365652862809881,1,8801.066964285714,692.905978464538,44299.5,-3.802208439999807,0.872549019603566,0.0005646272331008007,0,0.9595999999999999,32711.0,3843.0,0.0,923.0,0.0,379.0,-544.0,0.0
2026-06-12 10:34:00,44319.0,44333.0,44311.0,44314.0,102,10:34:00,2026-06-12,4,0.00027086813236421037,102,44258.02760598196,0.001264683426842875,-11.947848767907999,-13.399352605159518,1.4515038372515185,53.857142857142854,49.99999999845815,68.51851851471193,5.0,14.0,3.0,17.0,0,43649.0,43648.0,2.291055718475021e-05,0.01523517148159144,0.00038490234654987594,44408.0,44222.0,-0.002116735723293053,0.0020804124643841963,0,0.00126357218765716,44388.95108694282,44204.948913057175,0.004153833929551374,1,5207.405529953917,-6564.08032389281,44296.95,-3.0805270070821553,0.5047006432434206,0.00027086813236421037,-1,0.9595999999999999,32711.0,3843.0,0.0,923.0,0.0,379.0,-544.0,0.0
2026-06-12 10:35:00,44310.0,44311.0,44280.0,44286.0,163,10:35:00,2026-06-12,4,-0.0006318544929367897,163,44258.11034009982,0.0006301593015577072,-11.397363350144587,-12.998954754156532,1.6015914040119448,49.57142857142857,35.92964823994217,56.9230769204497,24.0,1.0,6.0,21.2,1,43649.0,43648.0,2.291055718475021e-05,0.01459369057710338,-0.0002144687383594222,44408.0,44222.0,-0.0027472527472526855,0.0014472434534846582,0,0.0006296273865331973,44387.21695589507,44203.78304410493,0.004141141014101565,1,8306.810126582279,3698.768211594231,44295.5,-2.076529126705991,0.871657754006034,-0.0006318544929367897,0,0.9595999999999999,32711.0,3843.0,0.0,923.0,0.0,379.0,-544.0,0.0
2026-06-12 10:36:00,44283.0,44307.0,44264.0,44277.0,109,10:36:00,2026-06-12,4,-0.00020322449532583775,109,44258.14987862584,0.0004259129996589641,-11.554135591490194,-12.709990921623266,1.1558553301330718,49.714285714285715,35.572139302243755,24.489795916867976,6.0,24.0,13.0,14.2,0,43649.0,43648.0,2.291055718475021e-05,0.014387500286375076,-0.0003702583229104355,44408.0,44222.0,-0.0029499189335254247,0.0012437248428383782,0,0.0004255740443082163,44384.77407209536,44202.025927904644,0.004125854962380641,1,7224.8398203592815,-1790.9500635805666,44293.4,-1.3769907109557773,0.6053873923876402,-0.00020322449532583775,1,0.9595999999999999,32711.0,3843.0,0.0,923.0,0.0,379.0,-544.0,0.0
2026-06-12 10:37:00,44276.0,44390.0,44268.0,44387.0,254,10:37:00,2026-06-12,4,0.002484359825643212,254,44258.48698326736,0.0029036920485154853,-2.7703630103133037,-10.722065339361274,7.95170232904797,53.214285714285715,57.49999999817046,74.82993197126197,111.0,3.0,8.0,34.4,1,43649.0,43648.0,2.291055718475021e-05,0.01690760383972103,0.002060017044524541,44408.0,44222.0,-0.00047288776796972456,0.0037311745285151347,0,0.00290124936890423,44394.30562147831,44197.19437852169,0.004449890631868935,1,13987.962779156327,16861.673627481276,44295.75,-0.2708990122338196,1.383065613932028,0.002484359825643212,0,0.9595999999999999,32711.0,3843.0,0.0,923.0,0.0,379.0,-544.0,0.0
2026-06-12 10:38:00,44387.0,44427.0,44356.0,44424.0,258,10:38:00,2026-06-12,4,0.0008335773987879769,258,44259.0310809424,0.0037273504418996063,7.094648134603631,-7.158722644568294,14.253370779171924,55.5,65.61085972642861,94.2307692289571,37.0,3.0,31.0,36.6,1,43649.0,43648.0,2.291055718475021e-05,0.017755275034937394,0.0027674068991046736,44427.0,44222.0,-6.752650415287849e-05,0.004567862150060953,0,0.003723785683016768,44415.38504056389,44187.414959436115,0.005145888868698674,0,12936.108352144469,5572.8951968556075,44301.4,1.3319637434957174,1.358252171616961,0.0008335773987879769,0,0.9595999999999999,32711.0,3843.0,0.0,923.0,0.0,379.0,-544.0,0.0
2026-06-12 10:39:00,44418.0,44472.0,44414.0,44431.0,495,10:39:00,2026-06-12,4,0.00015757248334224983,495,44260.32772473218,0.0038561005767800555,15.301199337780417,-2.6667382480985515,17.967937585878968,54.42857142857143,71.73913043235665,99.99999999805195,13.0,41.0,4.0,38.2,0,43649.0,43648.0,2.291055718475021e-05,0.017915645261059408,0.002729629057064805,44472.0,44222.0,-0.000921928404389258,0.0047261544027858374,0,0.0038517734750426608,44435.8158224795,44184.28417752051,0.005676627423326819,0,17195.734949179045,13800.85285866438,44310.05,3.75902504662127,2.422314656215208,0.00015757248334224983,0,0.9595999999999999,32711.0,3843.0,0.0,923.0,0.0,379.0,-544.0,0.0
2026-06-12 10:40:00,44438.0,44440.0,44366.0,44395.0,273,10:40:00,2026-06-12,4,-0.0008102450991425147,273,44260.88184467286,0.003030173592062699,18.684665957502148,1.6035425930215883,17.08112336448056,56.07142857142857,69.71830985686373,54.9999999979375,43.0,2.0,29.0,42.0,1,43649.0,43648.0,2.291055718475021e-05,0.01709088409814619,0.0018256040402490322,44472.0,44222.0,-0.0017314265155603137,0.003912079960200717,0,0.0030265345641034133,44445.49238141316,44182.707618586835,0.005930048513369791,0,8725.583153347732,-3762.0772294662847,44314.1,4.1426096183039105,1.329113924044162,-0.0008102450991425147,0,0.9595999999999999,32711.0,3843.0,0.0,923.0,0.0,379.0,-544.0,0.0
2026-06-12 10:41:00,44394.0,44416.0,44379.0,44399.0,158,10:41:00,2026-06-12,4,9.010023651301324e-05,158,44261.195212265855,0.0031134447922895876,21.44168777114828,5.571171628646927,15.870516142501355,54.642857142857146,66.75257731717903,23.404255317655043,5.0,17.0,15.0,41.8,0,43649.0,43648.0,2.291055718475021e-05,0.01718252422735877,0.0019147382946529863,44472.0,44222.0,-0.0016414822809857521,0.004002532676043508,0,0.0031097242694295606,44445.677503622675,44182.62249637733,0.005936140200034121,0,4878.332406119611,-6228.902639555496,44314.15,2.8780128844686623,0.7927747114862379,9.010023651301324e-05,-1,0.9595999999999999,32711.0,3843.0,0.0,923.0,0.0,379.0,-544.0,0.0
2026-06-12 10:42:00,44398.0,44402.0,44369.0,44385.0,146,10:42:00,2026-06-12,4,-0.0003153224171715818,146,44261.45681596205,0.002791213686247152,22.240588761662366,8.905055055250015,13.33553370641235,53.642857142857146,69.99999999735135,7.407407406995873,13.0,4.0,16.0,22.2,0,43649.0,43648.0,2.291055718475021e-05,0.016861783775114738,0.0016078530930015717,44472.0,44222.0,-0.001956287101996718,0.003685948170593739,0,0.0027879198677148863,44444.3129511355,44183.1870488645,0.005892660907077244,0,4872.338345864661,-7166.54254077272,44313.75,0.8350250112552546,0.7353311508399127,-0.0003153224171715818,1,0.9595999999999999,32711.0,3843.0,0.0,923.0,0.0,379.0,-544.0,0.0
2026-06-12 10:43:00,44392.0,44416.0,44372.0,44379.0,190,10:43:00,2026-06-12,4,-0.00013518080432584068,190,44261.80564072299,0.0026477536914848356,22.134421859504073,11.550928416100827,10.583493443403245,54.0,66.85552407666862,16.66666666458333,13.0,24.0,7.0,17.4,0,43649.0,43648.0,2.291055718475021e-05,0.01672432358129587,0.0014069204238135586,44472.0,44222.0,-0.002091203453858561,0.003550269096829552,0,0.002644476946633119,44450.427938542925,44182.87206145708,0.006037366928363084,0,6681.465927099842,-2342.671189218599,44316.65,0.5754376146650638,0.9495252373765641,-0.00013518080432584068,0,0.9595999999999999,32711.0,3843.0,0.0,923.0,0.0,379.0,-544.0,0.0
2026-06-12 10:44:00,44375.0,44383.0,44340.0,44363.0,171,10:44:00,2026-06-12,4,-0.00036053088172338654,171,44262.051659439225,0.0022806972739874104,20.52264526255749,13.34527178539216,7.177373477165329,54.357142857142854,65.19337016322456,0.0,12.0,8.0,23.0,17.2,0,43649.0,43648.0,2.291055718475021e-05,0.016357763064445547,0.0009589241998623447,44472.0,44222.0,-0.0024509803921568076,0.0031884582334583875,0,0.0022776895694040676,44454.99398342544,44186.00601657456,0.006069154609060686,0,8087.497867803838,6578.406706477193,44320.5,1.4329508746074437,0.85011185681904,-0.00036053088172338654,0,0.9595999999999999,32711.0,3843.0,0.0,923.0,0.0,379.0,-544.0,0.0
2026-06-12 10:45:00,44360.0,44375.0,44335.0,44359.0,111,10:45:00,2026-06-12,4,-9.016522777993696e-05,111,44262.20169263926,0.0021869293360712895,18.706892712099943,14.417595970733718,4.2892967413662255,52.785714285714285,59.99999999741539,0.0,1.0,15.0,24.0,8.8,0,43649.0,43648.0,2.291055718475021e-05,0.01626612293523297,0.0007467417469244347,44472.0,44222.0,-0.0025409246267313695,0.0030980055176155967,0,0.00218378662048006,44457.28116503144,44194.51883496856,0.005927963787827673,0,6345.166237113402,3022.8358268649085,44325.9,2.7418126428030702,0.568501920611685,-9.016522777993696e-05,1,0.9595999999999999,32711.0,3843.0,0.0,923.0,0.0,379.0,-544.0,0.0
2026-06-12 10:46:00,44358.0,44400.0,44358.0,44373.0,103,10:46:00,2026-06-12,4,0.00031560675398445426,103,44262.37095835242,0.002499392582283343,18.18791971430619,15.171660719448212,3.016258994857978,52.5,64.90683229531462,41.17647058460208,15.0,27.0,0.0,10.8,1,43649.0,43648.0,2.291055718475021e-05,0.016586863387477,0.0008977470608934618,44472.0,44222.0,-0.0022261198057204035,0.0034145900230653655,0,0.0024953994218233676,44457.47575450025,44208.924245499744,0.005606441876528221,0,6339.0,-512.5610619532001,44333.2,3.734488053586098,0.5518349852635851,0.00031560675398445426,-1,0.9595999999999999,32711.0,3843.0,0.0,923.0,0.0,379.0,-544.0,0.0
2026-06-12 10:47:00,44379.0,44382.0,44359.0,44362.0,101,10:47:00,2026-06-12,4,-0.00024789849683370946,101,44262.522978401015,0.0022474322497957186,16.696554320435098,15.47663943964559,1.2199148807895082,49.642857142857146,59.74025973754427,48.27586206397146,17.0,3.0,3.0,11.6,1,43649.0,43648.0,2.291055718475021e-05,0.016334853032142403,0.0005446813501331461,44472.0,44222.0,-0.0024734664508004483,0.00316584505449769,0,0.002243614013737303,44458.9298344668,44216.7701655332,0.005461691735923026,0,6628.050295857988,-1804.5724348885215,44337.85,3.914667027673096,0.5520634052989776,-0.00024789849683370946,1,0.9595999999999999,32711.0,3843.0,0.0,923.0,0.0,379.0,-544.0,0.0
2026-06-12 10:48:00,44358.0,44363.0,44340.0,44341.0,95,10:48:00,2026-06-12,4,-0.0004733781164059092,95,44262.6388968195,0.0017703667276405084,13.662617851492541,15.11383512201498,-1.451217270522438,49.07142857142857,54.25867507646808,30.43478260671077,17.0,5.0,1.0,12.4,1,43649.0,43648.0,2.291055718475021e-05,0.015853742353776356,-4.6230469036362277e-05,44472.0,44230.0,-0.0029456736823168976,0.002509608862762774,0,0.0017671563679200197,44454.438320274,44231.66167972601,0.005023935894080073,1,7250.249569707401,1426.4139011836949,44343.05,3.869069776361327,0.524137931031591,-0.0004733781164059092,1,0.9595999999999999,32711.0,3843.0,0.0,923.0,0.0,379.0,-544.0,0.0
2026-06-12 10:49:00,44350.0,44378.0,44341.0,44370.0,64,10:49:00,2026-06-12,4,0.0006540222367561466,64,44262.73050373667,0.002423472186251007,13.443293064134195,14.779726710438823,-1.3364336463046271,49.285714285714285,63.2075471670286,47.5409836042193,20.0,8.0,9.0,14.0,1,43649.0,43648.0,2.291055718475021e-05,0.016518133290567564,0.0004836685754099425,44472.0,44230.0,-0.0022935779816513247,0.003165272439520616,0,0.00241878249149814,44453.33946310427,44243.76053689574,0.0047257221760018345,1,5990.886075949367,-549.1622086301194,44348.55,3.4624164283213985,0.35965158752256454,0.0006540222367561466,-1,0.9595999999999999,32711.0,3843.0,0.0,923.0,0.0,379.0,-544.0,0.0
2026-06-12 10:50:00,44365.0,44391.0,44359.0,44378.0,84,10:50:00,2026-06-12,4,0.00018030200585972267,84,44262.86603988604,0.0026011411012158755,13.756434121736675,14.575068192698394,-0.8186340709617195,48.5,65.93059936617341,63.79310344497622,13.0,13.0,6.0,16.4,0,43649.0,43648.0,2.291055718475021e-05,0.01670141354899272,0.0005230550019388333,44472.0,44248.0,-0.002113689512502201,0.002937985897667625,0,0.0025957497297690426,44450.072683436905,44259.5273165631,0.0042959356568804345,1,8339.489932885906,2582.1162493251354,44354.8,3.82291879286081,0.4826199367969973,0.00018030200585972267,-1,0.9595999999999999,32711.0,3843.0,0.0,923.0,0.0,379.0,-544.0,0.0
2026-06-12 10:51:00,44371.0,44376.0,44315.0,44333.0,149,10:51:00,2026-06-12,4,-0.0010140159538509774,149,44263.032234525956,0.0015807268942471307,10.255260487414489,13.711106651641614,-3.4558461642271254,44.285714285714285,39.285714283531746,45.1219512178614,38.0,5.0,18.0,21.0,1,43649.0,43648.0,2.291055718475021e-05,0.015670462095351195,-0.0005354314732255962,44472.0,44248.0,-0.003125562151466021,0.0019209907792442163,0,0.0015773871050977102,44448.30699978303,44265.19300021697,0.0041282104655110926,1,13398.817444219067,8480.4913477755,44356.75,3.0895484185226523,0.8975903614403761,-0.0010140159538509774,0,0.9595999999999999,32711.0,3843.0,0.0,923.0,0.0,379.0,-544.0,0.0
2026-06-12 10:52:00,44339.0,44371.0,44319.0,44371.0,207,10:52:00,2026-06-12,4,0.0008571493018745269,207,44263.298141429026,0.0024332090714714715,10.426645697145432,13.05421446074238,-2.6275687635969476,42.92857142857143,39.52569169741755,50.54945054778408,32.0,0.0,20.0,24.0,1,43649.0,43648.0,2.291055718475021e-05,0.016541043322870708,0.0002152770028933386,44472.0,44264.0,-0.0022710919230076844,0.0024173142960418757,0,0.0024278254784496772,44445.07692841809,44277.8230715819,0.003770252253616342,1,15333.550918196996,15594.796368694275,44361.45,2.9087760479190816,1.2137203166155748,0.0008571493018745269,0,0.9595999999999999,32711.0,3843.0,0.0,923.0,0.0,379.0,-544.0,0.0
2026-06-12 10:53:00,44376.0,44400.0,44370.0,44400.0,160,10:53:00,2026-06-12,4,0.0006535800410176762,160,44263.58481343213,0.0030818829325019556,12.755489998809935,12.99446956835589,-0.23897956954595578,40.92857142857143,44.36363636137784,59.82142856982621,24.0,0.0,6.0,25.4,0,43649.0,43648.0,2.291055718475021e-05,0.017205434259661912,0.0007584577049949049,44472.0,44264.0,-0.0016189962223421117,0.003072474245436403,0,0.003074744408045044,44446.731393492584,44285.96860650741,0.0036235297017935364,1,10698.795180722891,2829.0761986932935,44366.35,2.604002272582817,0.9431181844919356,0.0006535800410176762,0,0.9595999999999999,32711.0,3843.0,0.0,923.0,0.0,379.0,-544.0,0.0
2026-06-12 10:54:00,44401.0,44403.0,44382.0,44399.0,77,10:54:00,2026-06-12,4,-2.2522522522550048e-05,77,44263.7273883011,0.003056060112430776,14.354949323489564,13.266565519382626,1.0883838041069378,37.142857142857146,50.833333330368056,98.529411760359,2.0,2.0,17.0,21.8,0,43649.0,43648.0,2.291055718475021e-05,0.01718252422735877,0.00064006346544786,44472.0,44264.0,-0.0016414822809857521,0.003049882523043488,0,0.0030486991769076073,44448.26974618503,44292.930253814964,0.0035009554157497402,1,5049.812407680945,-6231.150675271203,44370.6,3.1224109070205874,0.45724465557923255,-2.2522522522550048e-05,1,0.9595999999999999,32711.0,3843.0,0.0,923.0,0.0,379.0,-544.0,0.0
2026-06-12 10:55:00,44396.0,44402.0,44372.0,44392.0,156,10:55:00,2026-06-12,4,-0.0001576612085857354,156,44264.00210010007,0.002891692884219259,14.886093246546807,13.590471064815464,1.2956221817313427,36.642857142857146,48.55967077909533,78.37837837202338,4.0,6.0,20.0,20.0,0,43649.0,43648.0,2.291055718475021e-05,0.01702215400123675,0.00036280954301767815,44472.0,44264.0,-0.001798884691491235,0.002891740466293085,0,0.002884401215522969,44443.011533237644,44308.78846676236,0.003024683814306482,1,9245.863818424566,-3970.1743792091265,44375.9,3.2573326615799005,0.928295150247377,-0.0001576612085857354,0,0.9595999999999999,32711.0,3843.0,0.0,923.0,0.0,379.0,-544.0,0.0
2026-06-12 10:56:00,44387.0,44392.0,44362.0,44386.0,97,10:56:00,2026-06-12,4,-0.00013515948819609047,97,44264.16047349604,0.0027525547802247125,14.653957080889086,13.80316826803019,0.8507888128588963,36.42857142857143,50.21276595445541,0.0,1.0,5.0,24.0,12.6,0,43649.0,43648.0,2.291055718475021e-05,0.016884693807417882,0.0001047737394198543,44472.0,44268.0,-0.0019338010433530778,0.002665582361976989,0,0.002745286623862395,44429.7356220362,44332.9643779638,0.002180448410703974,1,6177.104734576757,-4226.3548088978505,44381.35,3.3809407354898475,0.5792773962342236,-0.00013515948819609047,1,0.9595999999999999,32711.0,3843.0,0.0,923.0,0.0,379.0,-544.0,0.0
2026-06-12 10:57:00,44390.0,44410.0,44373.0,44393.0,116,10:57:00,2026-06-12,4,0.00015770738521148076,116,44264.368862595205,0.0029059747311451912,14.863491913143662,14.015232997052884,0.8482589160907779,35.92857142857143,52.9661016917732,34.99999999475,3.0,17.0,17.0,6.8,0,43649.0,43648.0,2.291055718475021e-05,0.0170450640335399,0.0002557363234579672,44472.0,44315.0,-0.0017763986328475946,0.001760126368046897,0,0.002898295520891893,44430.25701702472,44333.04298297528,0.002190410542407388,1,8497.6699669967,6827.694339836149,44381.65,2.490387779295955,0.7225163500422142,0.00015770738521148076,-1,0.9595999999999999,32711.0,3843.0,0.0,923.0,0.0,379.0,-544.0,0.0
2026-06-12 10:58:00,44397.0,44439.0,44392.0,44425.0,184,10:58:00,2026-06-12,4,0.0007208343657783001,184,44264.7667937469,0.0036198814058979855,17.41097940949112,14.694382279540532,2.7165971299505873,36.214285714285715,62.3015872981261,86.6666666608889,28.0,14.0,5.0,7.6,1,43649.0,43648.0,2.291055718475021e-05,0.017778185067240538,0.000975627341899971,44472.0,44315.0,-0.0010568447562511005,0.0024822294933994704,0,0.003610344043898612,44430.492147759534,44332.90785224046,0.002198750735530015,1,12974.920634920634,4033.216246452864,44381.7,1.307015745031793,1.173095313986783,0.0007208343657783001,0,0.9595999999999999,32711.0,3843.0,0.0,923.0,0.0,379.0,-544.0,0.0
2026-06-12 10:59:00,44422.0,44422.0,44370.0,44396.0,130,10:59:00,2026-06-12,4,-0.0006527855936971916,130,44265.00547969482,0.0029593246151357563,16.89506813843036,15.134519451318498,1.7605486871118625,37.285714285714285,56.6787003581462,57.352941173940316,26.0,0.0,26.0,12.4,1,43649.0,43648.0,2.291055718475021e-05,0.017113794130449334,0.0003616497990647252,44440.0,44315.0,-0.000990099009900968,0.0018278235360487008,0,0.0029516599343888407,44423.529207968895,44336.3707920311,0.0019639142436571983,1,8450.190336749634,3679.8560164426676,44379.95,-0.3154478176083998,0.9379509379441707,-0.0006527855936971916,0,0.9595999999999999,32711.0,3843.0,0.0,923.0,0.0,379.0,-544.0,0.0
2026-06-12 11:00:00,44400.0,44417.0,44396.0,44417.0,50,11:00:00,2026-06-12,4,0.0004730155869898667,50,44265.106837606836,0.00343144235368963,17.97354143729899,15.702323848514599,2.271217588784392,35.785714285714285,57.74647887039278,64.63414633909875,17.0,0.0,4.0,15.0,1,43649.0,43648.0,2.291055718475021e-05,0.017594904808815377,0.0008100304071218747,44439.0,44315.0,-0.0004950606449289927,0.002301703712061327,0,0.0034224778907475267,44427.259932844725,44334.84006715528,0.0020824172859687197,1,3848.9601386481804,-5470.569987306174,44381.05,-0.13519100799509365,0.39231071007930707,0.0004730155869898667,-1,0.9595999999999999,32711.0,3843.0,0.0,923.0,0.0,379.0,-544.0,0.0
2026-06-12 11:01:00,44415.0,44417.0,44389.0,44410.0,137,11:01:00,2026-06-12,4,-0.0001575973163427946,137,44265.37491220481,0.003267228349065911,18.055267908639507,16.17291266053958,1.8823552480999268,36.142857142857146,58.57142856849999,36.84210526121883,5.0,2.0,21.0,15.8,0,43649.0,43648.0,2.291055718475021e-05,0.017434534582693364,0.0006399048254231667,44439.0,44315.0,-0.0006525799410427631,0.0021437436533904516,0,0.003258672237936138,44428.95709804897,44334.242901951024,0.002134087011237712,1,9860.891410048622,-2400.037204459602,44381.6,-0.022531809281425633,1.083860759485096,-0.0001575973163427946,0,0.9595999999999999,32711.0,3843.0,0.0,923.0,0.0,379.0,-544.0,0.0
2026-06-12 11:02:00,44411.0,44449.0,44411.0,44432.0,178,11:02:00,2026-06-12,4,0.0004953839225398937,178,44265.784454559376,0.0037549440835335716,19.668526335939532,16.872035395619573,2.796490940319959,37.285714285714285,66.1921708152075,85.99999999484,21.0,17.0,0.0,19.4,1,43649.0,43648.0,2.291055718475021e-05,0.017938555293362555,0.0010825985519540698,44449.0,44315.0,-0.0003824607977682202,0.002640189552070346,0,0.0037449471135538883,44436.40740125234,44331.49259874765,0.002363800484289625,1,11647.858615611192,3784.1375772981005,44383.95,0.9013079104415396,1.3906249999891358,0.0004953839225398937,0,0.9595999999999999,32711.0,3843.0,0.0,923.0,0.0,379.0,-544.0,0.0
2026-06-12 11:03:00,44439.0,44439.0,44383.0,44391.0,83,11:03:00,2026-06-12,4,-0.0009227583723442345,83,44265.94433939528,0.0028250986728282487,17.437677225309017,16.985163761557462,0.4525134637515542,38.642857142857146,53.58361774487996,31.428571427224483,48.0,0.0,8.0,23.4,1,43649.0,43648.0,2.291055718475021e-05,0.016999243968933608,0.00014532083799423322,44449.0,44315.0,-0.0013048662512092218,0.0017149949227123612,0,0.002817549363567159,44437.043508358984,44332.05649164102,0.0023653955423218027,1,6374.48615916955,6561.580087988068,44384.55,0.788624874805801,0.6767223807527376,-0.0009227583723442345,1,0.9595999999999999,32711.0,3843.0,0.0,923.0,0.0,379.0,-544.0,0.0
2026-06-12 11:04:00,44400.0,44442.0,44400.0,44442.0,219,11:04:00,2026-06-12,4,0.0011488815300397803,219,44266.436281644324,0.003966068495748131,19.55951707053464,17.500034423352897,2.059482647181742,40.0,59.52380952132937,64.03508771761311,42.0,0.0,0.0,26.6,1,43649.0,43648.0,2.291055718475021e-05,0.018167655616394003,0.0012052671299998604,44449.0,44315.0,-0.00015748385790456126,0.002865846778743025,0,0.00395516222345138,44445.8319053164,44331.1680946836,0.002583187326284966,1,14591.901049475262,4797.750469704556,44388.5,1.554698343457977,1.7512994801939121,0.0011488815300397803,0,0.9595999999999999,32711.0,3843.0,0.0,923.0,0.0,379.0,-544.0,0.0
2026-06-12 11:05:00,44443.0,44453.0,44428.0,44446.0,320,11:05:00,2026-06-12,4,9.000495027233768e-05,320,44267.213051258346,0.004038811942704116,21.318115045323793,18.263650547747076,3.054464497576717,37.285714285714285,69.15254236959954,57.2916666648763,3.0,7.0,15.0,23.8,0,43649.0,43648.0,2.291055718475021e-05,0.018259295745606585,0.0011972648748616109,44453.0,44315.0,-0.00015746968708523257,0.0029561096694120962,0,0.004027381633340724,44453.84275193223,44331.85724806777,0.0027478637632965064,1,15178.996798292423,3031.577132940622,44392.85,2.0052293678236066,2.3616236162187336,9.000495027233768e-05,0,0.9595999999999999,32711.0,3843.0,0.0,923.0,0.0,379.0,-544.0,0.0
2026-06-12 11:06:00,44446.0,44460.0,44408.0,44418.0,253,11:06:00,2026-06-12,4,-0.0006299779507716874,253,44267.77479509324,0.0033935567261313766,20.219374255837465,18.654795289365154,1.564578966472311,37.285714285714285,58.24561403222653,66.26506023856874,28.0,14.0,10.0,28.4,0,43649.0,43648.0,2.291055718475021e-05,0.017617814841118525,0.0005158226921439741,44460.0,44315.0,-0.0009446693657219761,0.002324269434728595,0,0.0033838240009991575,44456.32916400795,44333.87083599205,0.0027583748660526914,1,10672.131054131054,6741.947174486279,44395.1,2.3769532416112438,1.769230769218397,-0.0006299779507716874,0,0.9595999999999999,32711.0,3843.0,0.0,923.0,0.0,379.0,-544.0,0.0
2026-06-12 11:07:00,44418.0,44430.0,44404.0,44410.0,157,11:07:00,2026-06-12,4,-0.00018010716376248848,157,44268.09126379683,0.0032056664778592685,18.489940597341047,18.621824350960335,-0.13188375361928806,37.0,51.893939391187445,9.999999999250008,8.0,12.0,6.0,25.8,0,43649.0,43648.0,2.291055718475021e-05,0.017434534582693364,0.0002815473844247924,44460.0,44315.0,-0.0011246063877642573,0.0021437436533904516,0,0.0031963226804024606,44457.004975456366,44337.995024543634,0.002680555232000214,1,6756.172480620155,-5369.916190006571,44397.5,2.027552181308222,1.0768175582916542,-0.00018010716376248848,0,0.9595999999999999,32711.0,3843.0,0.0,923.0,0.0,379.0,-544.0,0.0
2026-06-12 11:08:00,44413.0,44415.0,44372.0,44377.0,277,11:08:00,2026-06-12,4,-0.0007430758838099516,277,44268.54532695375,0.002449926290670688,14.291781000545598,17.75581568087739,-3.4640346803317925,38.57142857142857,46.283783781594686,0.0,36.0,2.0,5.0,23.4,1,43649.0,43648.0,2.291055718475021e-05,0.016678503516689577,-0.0005022601707685123,44460.0,44315.0,-0.0018668466036886671,0.0013990748053706106,0,0.0024427113275716284,44453.55514769525,44345.04485230475,0.0024439641028236535,1,10026.451060358891,-3394.523239186118,44399.3,1.452936677866901,1.7882504841717997,-0.0007430758838099516,0,0.9595999999999999,32711.0,3843.0,0.0,923.0,0.0,379.0,-544.0,0.0
2026-06-12 11:09:00,44375.0,44375.0,44325.0,44360.0,236,11:09:00,2026-06-12,4,-0.0003830813259120269,236,44268.81799434951,0.0020597343634095673,9.4836299660019,16.101378537902292,-6.617748571900393,40.142857142857146,44.771241828017004,0.0,15.0,0.0,35.0,18.0,0,43649.0,43648.0,2.291055718475021e-05,0.016289032967536112,-0.0008738974927250745,44460.0,44315.0,-0.0022492127755285147,0.0010154575200270561,0,0.0020537042814329554,44454.36068279355,44343.239317206455,0.002502801102441813,1,8422.333065164923,-2108.105660954436,44398.8,0.8334253104519116,1.4434250764437713,-0.0003830813259120269,0,0.9595999999999999,32711.0,3843.0,0.0,923.0,0.0,379.0,-544.0,0.0
2026-06-12 11:10:00,44362.0,44384.0,44346.0,44384.0,92,11:10:00,2026-06-12,4,0.0005410279531108397,92,44268.94635128882,0.002598969665963825,7.523014426515147,14.385705715624864,-6.862691289109717,40.714285714285715,49.6913580225442,32.432432431117604,22.0,0.0,16.0,21.8,1,43649.0,43648.0,2.291055718475021e-05,0.016838873742811594,-0.0003400969839478324,44460.0,44315.0,-0.001709401709401671,0.0015570348640414858,0,0.0025913509217794866,44454.2510843417,44343.9489156583,0.002484333436565017,1,4022.983251231527,-4045.4698828792275,44399.1,0.3603806520634146,0.5613178767506937,0.0005410279531108397,-1,0.9595999999999999,32711.0,3843.0,0.0,923.0,0.0,379.0,-544.0,0.0
2026-06-12 11:11:00,44382.0,44386.0,44353.0,44356.0,78,11:11:00,2026-06-12,4,-0.0006308579668349301,78,44269.04820816793,0.0019641667339038386,3.667569038858346,12.242078380271561,-8.574509341413215,40.42857142857143,44.63768115760891,34.78260869413988,26.0,4.0,3.0,21.4,1,43649.0,43648.0,2.291055718475021e-05,0.016197392838323534,-0.000996616010044966,44460.0,44319.0,-0.002339181286549655,0.0008348563821385673,0,0.0019583626630946625,44450.32310444018,44350.17689555982,0.002255532544982304,1,4118.771428571428,-5892.0944172802865,44400.25,0.2139673373222302,0.48643592141885605,-0.0006308579668349301,1,0.9595999999999999,32711.0,3843.0,0.0,923.0,0.0,379.0,-544.0,0.0
2026-06-12 11:12:00,44360.0,44363.0,44344.0,44356.0,92,11:12:00,2026-06-12,4,0.0,92,44269.15474509378,0.0019617554345973415,0.605125284557289,9.914687761128707,-9.309562476571418,38.42857142857143,38.977635781004196,46.15384615118343,4.0,3.0,12.0,20.6,0,43649.0,43648.0,2.291055718475021e-05,0.016197392838323534,-0.0009797407628464065,44460.0,44325.0,-0.002339181286549655,0.0006993795826282979,0,0.00195599623658416,44451.81684843701,44347.18315156299,0.002356641333213644,1,5265.486451612903,-3748.1854364188625,44399.5,0.15766191878994243,0.595084087965103,0.0,0,0.9595999999999999,32711.0,3843.0,0.0,923.0,0.0,379.0,-544.0,0.0
2026-06-12 11:13:00,44356.0,44366.0,44318.0,44345.0,164,11:13:00,2026-06-12,4,-0.0002479935070790473,164,44269.318818981556,0.0017095628086780637,-2.678614127333276,7.396027383436311,-10.074641510769588,37.92857142857143,41.35593220142718,0.0,11.0,10.0,27.0,15.6,0,43649.0,43648.0,2.291055718475021e-05,0.015945382482988938,-0.0011656258622534045,44460.0,44318.0,-0.0025865946918577918,0.0006092332686492936,0,0.0017046558817580741,44454.46025630691,44339.03974369309,0.0025997513920235885,0,10985.770392749244,17307.52207180144,44396.75,-0.5292900081304677,1.0594315245409598,-0.0002479935070790473,0,0.9595999999999999,32711.0,3843.0,0.0,923.0,0.0,379.0,-544.0,0.0
2026-06-12 11:14:00,44342.0,44375.0,44326.0,44362.0,85,11:14:00,2026-06-12,4,0.00038335776299480706,85,44269.41660689879,0.002091362394117916,-3.8646935625438346,5.143883194240283,-9.008576756784118,39.92857142857143,40.54982817674331,60.71428570778062,20.0,13.0,16.0,16.6,1,43649.0,43648.0,2.291055718475021e-05,0.016334853032142403,-0.0007410761145987651,44460.0,44318.0,-0.0022042285200179444,0.0009928245859469969,0,0.002085451101392441,44454.6429581744,44335.1570418256,0.0026914333932230336,0,7379.197651663405,7916.016413231351,44394.9,-1.204948170336551,0.5476804123676052,0.00038335776299480706,-1,0.9595999999999999,32711.0,3843.0,0.0,923.0,0.0,379.0,-544.0,0.0
2026-06-12 11:15:00,44361.0,44384.0,44361.0,44369.0,89,11:15:00,2026-06-12,4,0.0001577927054685624,89,44269.539205615474,0.0022467095020475662,-4.191511427023215,3.2768042699875832,-7.468315697010798,39.57142857142857,42.955326458414525,68.57142856555103,8.0,15.0,0.0,13.8,0,43649.0,43648.0,2.291055718475021e-05,0.016495223258264417,-0.0005575109108827131,44460.0,44318.0,-0.0020467836257309483,0.00115077395189311,0,0.002240423356542837,44454.6031450457,44332.8968549543,0.0027415185716773136,0,7773.30905511811,4762.755780592734,44393.75,-1.2950596290498768,0.5861047085901475,0.0001577927054685624,-1,0.9595999999999999,32711.0,3843.0,0.0,923.0,0.0,379.0,-544.0,0.0
2026-06-12 11:16:00,44366.0,44383.0,44361.0,44381.0,91,11:16:00,2026-06-12,4,0.0002704591043296567,91,44269.668759084016,0.0025148424200291085,-3.442533840192482,1.9329366479515702,-5.375470488144052,38.357142857142854,40.92526690187561,99.99999999166667,15.0,2.0,5.0,11.6,1,43649.0,43648.0,2.291055718475021e-05,0.01677014364590216,-0.00028157275276785386,44460.0,44318.0,-0.0017768780926675266,0.0014215442935150183,0,0.0025078275179019876,44454.528034962845,44332.471965037155,0.0027494130880801613,0,7751.767754318618,-2943.8105137943817,44393.5,-0.7320355656664058,0.600461893760472,0.0002704591043296567,-1,0.9595999999999999,32711.0,3843.0,0.0,923.0,0.0,379.0,-544.0,0.0
2026-06-12 11:17:00,44377.0,44414.0,44368.0,44406.0,137,11:17:00,2026-06-12,4,0.0005633041166264174,137,44269.9019681821,0.0030742790421291887,-0.8221948893769877,1.3819103404858586,-2.2041052298628463,37.642857142857146,52.830188676454256,99.99999999318182,29.0,8.0,9.0,16.6,1,43649.0,43648.0,2.291055718475021e-05,0.017342894453480782,0.0002669270613357453,44460.0,44318.0,-0.0012145748987853978,0.0019856491718939938,0,0.0030656749102729967,44455.432005591545,44332.86799440846,0.0027608144582807505,0,10748.448763250883,4565.877308934783,44394.15,-0.16893832399667527,0.8977719528119413,0.0005633041166264174,0,0.9595999999999999,32711.0,3843.0,0.0,923.0,0.0,379.0,-544.0,0.0
2026-06-12 11:18:00,44402.0,44402.0,44288.0,44298.0,574,11:18:00,2026-06-12,4,-0.002432103769760885,574,44270.35810557844,0.0006243883177009652,-7.375237649968767,-0.36951925760506654,-7.0057183923637005,42.42857142857143,27.639751551593307,25.5172413787824,104.0,0.0,10.0,35.2,1,43649.0,43648.0,2.291055718475021e-05,0.014868610964741121,-0.002023078413437947,44460.0,44288.0,-0.0036437246963561937,0.0002257947976878562,0,0.0006227363019019056,44460.817950200064,44314.78204979994,0.0032900008651052487,0,26052.30737704918,23515.079861511218,44387.8,-1.340278755454786,3.3352701917296037,-0.002432103769760885,0,0.9595999999999999,32711.0,3843.0,0.0,923.0,0.0,379.0,-544.0,0.0
2026-06-12 11:19:00,44294.0,44335.0,44282.0,44319.0,245,11:19:00,2026-06-12,4,0.00047406203440325534,245,44270.49407593992,0.001095671622206788,-10.750125993450638,-2.445640604774181,-8.304485388676458,44.42857142857143,31.268436576879765,29.87012986954798,25.0,16.0,12.0,36.2,0,43649.0,43648.0,2.291055718475021e-05,0.015349721643107167,-0.001463366825169811,44460.0,44282.0,-0.0031713900134952054,0.0008355539496860838,0,0.001092870825153712,44463.01686043997,44304.88313956002,0.0035628582151869936,0,9558.235035211268,2330.3939670873674,44383.95,-2.1512158311471072,1.3775653640631007,0.00047406203440325534,0,0.9595999999999999,32711.0,3843.0,0.0,923.0,0.0,379.0,-544.0,0.0
2026-06-12 11:20:00,44317.0,44317.0,44282.0,44293.0,146,11:20:00,2026-06-12,4,-0.000586655836097405,146,44270.54619862816,0.0005071950382337138,-15.345834798252326,-5.02567944346981,-10.320155354782516,43.357142857142854,31.45400593341141,13.54838709651196,24.0,0.0,11.0,39.4,0,43649.0,43648.0,2.291055718475021e-05,0.014754060803225395,-0.0019097408047951529,44460.0,44282.0,-0.003756185335132619,0.0002484079309877547,0,0.0005059698018002401,44464.93492143192,44290.56507856808,0.003929217746817752,0,5420.601844090528,-4956.85194814004,44377.75,-3.6941804269259473,0.7993430057443234,-0.000586655836097405,1,0.9595999999999999,32711.0,3843.0,0.0,923.0,0.0,379.0,-544.0,0.0
2026-06-12 11:21:00,44294.0,44306.0,44252.0,44267.0,308,11:21:00,2026-06-12,4,-0.000587000203192356,308,44270.56437090713,-8.051333787541125e-05,-20.845654120545078,-8.189674378884863,-12.655979741660214,45.357142857142854,29.859154928399917,28.767123286489024,27.0,12.0,15.0,41.8,0,43649.0,43648.0,2.291055718475021e-05,0.014158399963343626,-0.0023348794021265484,44460.0,44252.0,-0.004340980656770033,0.0003389677302720705,0,-8.033181672391154e-05,44469.3381438523,44271.8618561477,0.004450611163802089,0,9669.670921985815,-6288.362953024143,44370.6,-3.8749386092584817,1.6108786610794412,-0.000587000203192356,0,0.9595999999999999,32711.0,3843.0,0.0,923.0,0.0,379.0,-544.0,0.0
2026-06-12 11:22:00,44267.0,44274.0,44225.0,44228.0,236,11:22:00,2026-06-12,4,-0.0008810174622179145,236,44270.476385422306,-0.000959474324434683,-28.028183172245917,-12.157376137557074,-15.870807034688843,45.785714285714285,29.362880885287865,0.0,39.0,7.0,3.0,43.8,0,43649.0,43648.0,2.291055718475021e-05,0.01326490870352097,-0.0029846439617316,44460.0,44225.0,-0.005218173639226154,6.78349349915191e-05,0,-0.0009575293600216556,44473.530385879654,44247.26961412035,0.00510051243359619,0,6917.036447978794,-2763.270182730022,44360.4,-5.3059720912617365,1.2158681092157864,-0.0008810174622179145,0,0.9595999999999999,32711.0,3843.0,0.0,923.0,0.0,379.0,-544.0,0.0
2026-06-12 11:23:00,44233.0,44291.0,44231.0,44238.0,185,11:23:00,2026-06-12,4,0.00022610111241738728,185,44270.43460504821,-0.0007326470891368525,-32.53839045581117,-16.233579001207893,-16.304811454603275,46.57142857142857,32.76836158062498,13.333333332799995,5.0,53.0,2.0,24.0,0,43649.0,43648.0,2.291055718475021e-05,0.01349400902655242,-0.002587212743290944,44460.0,44225.0,-0.0049932523616733025,0.00029395138496324946,0,-0.0007312873508003891,44477.28513559933,44228.21486440067,0.005615666924794095,0,7307.169642857143,3480.365931733812,44352.75,-5.633453701460755,0.9287148594330888,0.00022610111241738728,0,0.9595999999999999,32711.0,3843.0,0.0,923.0,0.0,379.0,-544.0,0.0
2026-06-12 11:24:00,44244.0,44278.0,44244.0,44251.0,135,11:24:00,2026-06-12,4,0.0002938650029387091,135,44270.411937982455,-0.0004384855964215669,-34.66418373546185,-19.919699948058685,-14.744483787403162,46.714285714285715,30.61224489670971,37.09677419175338,7.0,27.0,0.0,20.4,0,43649.0,43648.0,2.291055718475021e-05,0.013791839446493304,-0.002079236500748593,44460.0,44225.0,-0.004700854700854596,0.0005879027699264989,0,-0.00043776583517776555,44468.21048376581,44218.18951623418,0.0056383158529746055,0,5914.737623762377,-3883.206914193834,44343.2,-6.175260194814012,0.692307692304142,0.0002938650029387091,-1,0.9595999999999999,32711.0,3843.0,0.0,923.0,0.0,379.0,-544.0,0.0
2026-06-12 11:25:00,44251.0,44259.0,44235.0,44242.0,113,11:25:00,2026-06-12,4,-0.00020338523423202304,113,44270.37472643871,-0.0006409416367954676,-36.65260657580802,-23.266281273608556,-13.386325302199467,46.07142857142857,32.40740740600708,71.87499999326172,9.0,8.0,7.0,17.4,0,43649.0,43648.0,2.291055718475021e-05,0.013585649155765,-0.0020526470123835056,44460.0,44225.0,-0.004903283850652162,0.00038439796495194157,0,-0.0006400362357321257,44455.96683334941,44210.03316665059,0.0055474176504819945,0,5117.037871033777,-2602.2684577164387,44333.0,-6.176680102073348,0.6119685892195399,-0.00020338523423202304,1,0.9595999999999999,32711.0,3843.0,0.0,923.0,0.0,379.0,-544.0,0.0
2026-06-12 11:26:00,44244.0,44270.0,44216.0,44260.0,223,11:26:00,2026-06-12,4,0.000406853216400771,223,44270.31134648704,-0.00023291786692749972,-36.35689676039328,-25.884404370965502,-10.472492389427781,48.57142857142857,35.96491227922951,77.4999999941875,16.0,10.0,28.0,15.2,1,43649.0,43648.0,2.291055718475021e-05,0.01399802973722161,-0.0014686938100533801,44430.0,44216.0,-0.003826243529146887,0.0009951148905373397,0,-0.00023262996557345727,44445.34518810276,44204.85481189724,0.005425602563908775,0,11065.0,5142.661989264458,44325.1,-6.2341117518082765,1.2175812175745697,0.000406853216400771,0,0.9595999999999999,32711.0,3843.0,0.0,923.0,0.0,379.0,-544.0,0.0
2026-06-12 11:27:00,44260.0,44308.0,44243.0,44243.0,596,11:27:00,2026-06-12,4,-0.00038409399005878697,596,44270.267641008984,-0.0006159357614482738,-37.06701702740975,-28.120926902254354,-8.946090125155393,49.785714285714285,35.34482758478498,40.90909090630165,17.0,48.0,0.0,10.8,1,43649.0,43648.0,2.291055718475021e-05,0.013608559188068144,-0.0016641563291531609,44415.0,44216.0,-0.0038725655746931474,0.0006106386828297312,0,-0.0006152897269990183,44435.35394064086,44198.14605935914,0.005352555890982858,0,21061.364217252398,25608.281477505712,44316.75,-5.9648379007372245,2.9058995611754956,-0.00038409399005878697,0,0.9595999999999999,32711.0,3843.0,0.0,923.0,0.0,379.0,-544.0,0.0
2026-06-12 11:28:00,44246.0,44267.0,44210.0,44233.0,482,11:28:00,2026-06-12,4,-0.00022602445584607445,482,44270.05854861407,-0.0008371018658892017,-37.998683709229226,-30.09647826364933,-7.902205445579895,50.357142857142854,31.085043986993583,39.999999997333326,13.0,21.0,23.0,12.4,1,43649.0,43648.0,2.291055718475021e-05,0.013379458865036694,-0.0017276185382158289,44414.0,44210.0,-0.004075291574728598,0.0005202442886224718,0,-0.0008363557881781476,44430.21914313093,44188.88085686907,0.005446642682262731,0,13763.916074887024,16898.21029623599,44309.55,-5.289513454987727,2.2382168562700806,-0.00022602445584607445,0,0.9595999999999999,32711.0,3843.0,0.0,923.0,0.0,379.0,-544.0,0.0
2026-06-12 11:29:00,44229.0,44262.0,44229.0,44248.0,129,11:29:00,2026-06-12,4,0.00033911333167546687,129,44270.01910138427,-0.0004973817909100803,-37.099007363540295,-31.496984083627524,-5.602023279912771,51.07142857142857,32.664756445681064,35.71428571173469,19.0,14.0,0.0,14.8,1,43649.0,43648.0,2.291055718475021e-05,0.01372310934958387,-0.0012628670807003854,44414.0,44210.0,-0.0037375602287566144,0.0008595340420719101,0,-0.0004970008629991226,44425.15530646169,44182.744693538305,0.0054715349968429165,0,3699.281918340894,-6656.771876781841,44303.95,-4.7715628391140585,0.6142857142827891,0.00033911333167546687,-1,0.9595999999999999,32711.0,3843.0,0.0,923.0,0.0,379.0,-544.0,0.0
2026-06-12 11:30:00,44248.0,44256.0,44224.0,44229.0,114,11:30:00,2026-06-12,4,-0.0004293979388898528,114,44269.969678249676,-0.0009254507863330142,-37.48702153869817,-32.694991574641655,-4.792029964056518,51.785714285714285,28.651685392131668,34.09090908858471,19.0,8.0,5.0,16.8,1,43649.0,43648.0,2.291055718475021e-05,0.013287818735824113,-0.001517060154144048,44414.0,44210.0,-0.004165353266987793,0.00042976702103595505,0,-0.0009249027738197602,44415.66300902367,44176.73699097632,0.005393826514404054,0,3265.6126943005183,-8449.477127590104,44296.2,-4.6370728900478735,0.540028422545997,-0.0004293979388898528,1,0.9595999999999999,32711.0,3843.0,0.0,923.0,0.0,379.0,-544.0,0.0
2026-06-12 11:31:00,44227.0,44280.0,44216.0,44255.0,260,11:31:00,2026-06-12,4,0.0005878496009406042,260,44269.904190183,-0.00033666642057706184,-35.289744649853674,-33.21394218968406,-2.075802460169612,53.07142857142857,28.85154061511507,68.33333332991667,28.0,25.0,11.0,19.2,1,43649.0,43648.0,2.291055718475021e-05,0.013883479575705885,-0.0008161901418229294,44414.0,44210.0,-0.003579952267303022,0.0010178692603483145,0,-0.0003365049266726735,44408.48940872859,44173.810591271416,0.005298548749742667,0,7277.86211258697,-4712.360876810484,44291.15,-4.152603671217932,1.1807447774696607,0.0005878496009406042,0,0.9595999999999999,32711.0,3843.0,0.0,923.0,0.0,379.0,-544.0,0.0
2026-06-12 11:32:00,44251.0,44262.0,44227.0,44245.0,148,11:32:00,2026-06-12,4,-0.00022596316800360672,148,44269.85636981274,-0.0005614739204279147,-33.963789883375284,-33.36391172842231,-0.5998781549529753,47.142857142857146,39.768339766190124,47.27272727014876,6.0,11.0,18.0,17.0,0,43649.0,43648.0,2.291055718475021e-05,0.013654379252674435,-0.0009167765594233257,44414.0,44210.0,-0.003805106497951011,0.0007916760913820224,0,-0.0005612743151891237,44400.49931518613,44170.70068481387,0.005189014721992073,0,5779.576345984113,5623.508760792738,44285.6,-4.14184288308346,0.6636771300418669,-0.00022596316800360672,1,0.9595999999999999,32711.0,3843.0,0.0,923.0,0.0,379.0,-544.0,0.0
2026-06-12 11:33:00,44244.0,44249.0,44205.0,44210.0,176,11:33:00,2026-06-12,4,-0.0007910498361396456,176,44269.7472791375,-0.0013496187082516222,-35.32990748932207,-33.75711088060226,-1.5727966087198055,46.5,30.0366300350897,36.61971830831184,34.0,5.0,5.0,21.2,1,43649.0,43648.0,2.291055718475021e-05,0.012852528122064359,-0.0015549184317116861,44414.0,44205.0,-0.004593146305218972,0.00011310937676733146,0,-0.0013493412574512509,44394.91218840605,44162.787811593946,0.005242330747345528,0,9408.657799274486,18811.30948472683,44278.85,-3.9168145348807673,0.7871198568837786,-0.0007910498361396456,1,0.9595999999999999,32711.0,3843.0,0.0,923.0,0.0,379.0,-544.0,0.0
2026-06-12 11:34:00,44207.0,44231.0,44202.0,44224.0,122,11:34:00,2026-06-12,4,0.0003166704365529238,122,44269.66831620029,-0.0010315938189122394,-34.880798405785754,-33.98184838563896,-0.8989500201467919,45.92857142857143,36.78160919342933,23.72881355811549,17.0,7.0,5.0,20.8,0,43649.0,43648.0,2.291055718475021e-05,0.01317326857430839,-0.0010830785632888547,44414.0,44202.0,-0.004277930382311787,0.0004977150355187436,0,-0.0010315406527222591,44383.51961479729,44160.380385202705,0.005040194289941584,0,6579.668292682927,-959.3391700792544,44271.95,-4.334951790595721,0.541139942335147,0.0003166704365529238,-1,0.9595999999999999,32711.0,3843.0,0.0,923.0,0.0,379.0,-544.0,0.0
2026-06-12 11:35:00,44230.0,44258.0,44212.0,44255.0,94,11:35:00,2026-06-12,4,0.0007009768451520237,94,44269.63478556263,-0.00033058292966542396,-31.65849586562399,-33.517177881635966,1.8586820160119757,45.357142857142854,47.74436089974277,56.249999997890626,25.0,3.0,18.0,22.0,1,43649.0,43648.0,2.291055718475021e-05,0.013883479575705885,-0.000254143958433338,44414.0,44202.0,-0.003579952267303022,0.0011990407673860642,0,-0.00033060820744087554,44368.17437856572,44164.32562143428,0.004605060449697967,1,5199.9625,-1002.8656276629215,44266.25,-4.36936611449287,0.4164820558244729,0.0007009768451520237,-1,0.9595999999999999,32711.0,3843.0,0.0,923.0,0.0,379.0,-544.0,0.0
2026-06-12 11:36:00,44254.0,44286.0,44252.0,44268.0,181,11:36:00,2026-06-12,4,0.00029375211840476645,181,44269.632558474514,-3.6877615199475766e-05,-27.736082241674012,-32.36095875364358,4.624876511969568,44.285714285714285,58.333333329930554,99.99999999482759,14.0,18.0,2.0,19.2,0,43649.0,43648.0,2.291055718475021e-05,0.01418130999564677,0.00016719158800380674,44414.0,44202.0,-0.003287251767460637,0.0014931451065562308,0,-3.688514106256145e-05,44347.10257068709,44174.097429312904,0.0039087843674551525,1,11113.04854368932,1811.5131624260598,44260.6,-4.121606590957082,0.7862728062520146,0.00029375211840476645,-1,0.9595999999999999,32711.0,3843.0,0.0,923.0,0.0,379.0,-544.0,0.0
2026-06-12 11:37:00,44268.0,44284.0,44254.0,44271.0,87,11:37:00,2026-06-12,4,6.776904310101806e-05,87,44269.63259614734,3.0888077728879194e-05,-24.107569205909385,-30.710280844096744,6.602711638187358,41.92857142857143,57.08154506094788,99.99999999361702,3.0,13.0,14.0,18.6,0,43649.0,43648.0,2.291055718475021e-05,0.014250040092556204,0.0003875369035688662,44402.0,44202.0,-0.0029503175532633002,0.001561015338672423,0,3.0899093585275024e-05,44307.35563176157,44200.344368238424,0.0024181232485568274,1,5835.722727272727,-1130.673359685202,44253.85,-4.088367465177962,0.3820816864278345,6.776904310101806e-05,-1,0.9595999999999999,32711.0,3843.0,0.0,923.0,0.0,379.0,-544.0,0.0
2026-06-12 11:38:00,44268.0,44324.0,44264.0,44320.0,232,11:38:00,2026-06-12,4,0.0011068193625622946,232,44269.729607594934,0.0011355477625605399,-17.081155070125533,-27.984455689302504,10.90330061917697,43.357142857142854,62.825278807139206,99.99999999538461,52.0,4.0,4.0,22.2,1,43649.0,43648.0,2.291055718475021e-05,0.01537263167541031,0.001469892068570893,44335.0,44202.0,-0.0003383331453704672,0.0026695624632368975,0,0.0011359269958516396,44312.98982297749,44196.9101770225,0.002622975417551859,1,14360.670391061452,17616.872989106083,44254.95,-2.5527348713755766,1.1016144349425376,0.0011068193625622946,0,0.9595999999999999,32711.0,3843.0,0.0,923.0,0.0,379.0,-544.0,0.0
2026-06-12 11:39:00,44325.0,44355.0,44306.0,44342.0,259,11:39:00,2026-06-12,4,0.000496389891696758,259,44269.9407175631,0.0016277248459994414,-9.626486957247835,-24.312861942891573,14.686374985643738,45.142857142857146,67.7304964505382,99.99999999594594,17.0,13.0,19.0,22.2,0,43649.0,43648.0,2.291055718475021e-05,0.015876652386079503,0.0019409753683672878,44355.0,44202.0,-0.0002930898433096541,0.003167277498755641,0,0.0016282339030529078,44320.08980180834,44192.11019819166,0.002891795788980004,1,13463.749120750294,2115.261683434154,44256.1,-1.016705602725675,1.225745385701724,0.000496389891696758,0,0.9595999999999999,32711.0,3843.0,0.0,923.0,0.0,379.0,-544.0,0.0
2026-06-12 11:40:00,44349.0,44380.0,44340.0,44376.0,228,11:40:00,2026-06-12,4,0.0007667673988542845,228,44270.21434112916,0.00238954476379293,-0.96398074964236,-19.64308570424173,18.67910495459937,44.142857142857146,69.46308724505879,99.99999999714285,27.0,4.0,9.0,22.6,1,43649.0,43648.0,2.291055718475021e-05,0.016655593484386434,0.002615213425138751,44380.0,44202.0,-9.013068949977264e-05,0.003936473462739154,0,0.002390082723681765,44342.48170088362,44178.01829911638,0.0037158263174571393,1,10250.990881458967,7565.932037092647,44260.25,1.4462018558840544,1.0584958217221054,0.0007667673988542845,0,0.9595999999999999,32711.0,3843.0,0.0,923.0,0.0,379.0,-544.0,0.0
2026-06-12 11:41:00,44372.0,44406.0,44372.0,44397.0,322,11:41:00,2026-06-12,4,0.0004732287723092643,322,44270.704356651506,0.0028528040198103582,7.5090822990532615,-14.212652103582734,21.721734402635995,41.92857142857143,75.496688738222,99.9999999961039,25.0,9.0,0.0,24.8,1,43649.0,43648.0,2.291055718475021e-05,0.017136704162752477,0.002942389039177194,44406.0,44202.0,-0.00020267531414673237,0.0044115650875525,0,0.0028530588613008942,44369.27573488851,44164.22426511149,0.004632178097037216,1,12673.61170212766,-1174.777112065654,44266.75,2.6663683949485675,1.4900509023531234,0.0004732287723092643,0,0.9595999999999999,32711.0,3843.0,0.0,923.0,0.0,379.0,-544.0,0.0
2026-06-12 11:42:00,44395.0,44395.0,44361.0,44366.0,176,11:42:00,2026-06-12,4,-0.0006982453769398544,176,44270.93164968432,0.002147421496975863,11.589013949174841,-9.05231889303122,20.64133284220606,40.42857142857143,70.5882352910581,63.953488369862086,29.0,0.0,5.0,30.0,0,43649.0,43648.0,2.291055718475021e-05,0.016426493161354982,0.0020858908176758966,44406.0,44202.0,-0.0009007791739854773,0.0037102393556851794,0,0.002147289647808148,44383.50785073025,44163.79214926975,0.004962674219552684,0,6416.118323746919,-5234.523262277358,44273.65,3.9655550308325656,0.8259033317652469,-0.0006982453769398544,0,0.9595999999999999,32711.0,3843.0,0.0,923.0,0.0,379.0,-544.0,0.0
2026-06-12 11:43:00,44360.0,44361.0,44300.0,44303.0,190,11:43:00,2026-06-12,4,-0.0014200063111391437,190,44271.05109240204,0.0007216658924874868,9.627832034610037,-5.316288707502968,14.944120742113006,42.785714285714285,57.41239891966638,18.260869564741014,57.0,1.0,3.0,31.0,1,43649.0,43648.0,2.291055718475021e-05,0.014983161126256845,0.0005894721626852367,44406.0,44202.0,-0.0023195063730126037,0.002284964481245141,0,0.0007215705615785533,44386.161444053,44167.638555947,0.004935370093796043,0,7163.889361702128,-3011.515233459528,44276.9,3.761840477629804,0.8905554253532199,-0.0014200063111391437,0,0.9595999999999999,32711.0,3843.0,0.0,923.0,0.0,379.0,-544.0,0.0
2026-06-12 11:44:00,44307.0,44320.0,44292.0,44320.0,115,11:44:00,2026-06-12,4,0.0003837211926958073,115,44271.107834101385,0.0011043808996564707,9.337699970099493,-2.385490971982476,11.723190942081969,42.5,62.33062330386821,15.315315314901397,13.0,0.0,15.0,30.2,0,43649.0,43648.0,2.291055718475021e-05,0.01537263167541031,0.0008954310433409077,44406.0,44202.0,-0.001936675224068776,0.0026695624632368975,0,0.0011041503939922229,44390.521684196334,44170.17831580366,0.0049760981652734355,0,4943.549951503394,-6099.336110578908,44280.35,3.072283372960189,0.541558747348521,0.0003837211926958073,-1,0.9595999999999999,32711.0,3843.0,0.0,923.0,0.0,379.0,-544.0,0.0
2026-06-12 11:45:00,44321.0,44333.0,44303.0,44323.0,85,11:45:00,2026-06-12,4,6.768953068592154e-05,85,44271.159187143596,0.0011709838596559202,9.243292227591155,-0.05973433206774992,9.303026559658905,40.07142857142857,59.82658959295499,24.09638554129772,2.0,10.0,18.0,25.2,0,43649.0,43648.0,2.291055718475021e-05,0.015441361772319747,0.0008716387712150932,44406.0,44202.0,-0.0018691167860198652,0.00273743269535309,0,0.0011706337413717484,44394.59103029084,44174.208969709165,0.004976516800084629,0,4242.629504504504,-3387.544788876538,44284.4,2.428080811046751,0.4029390850893438,6.768953068592154e-05,-1,0.9595999999999999,32711.0,3843.0,0.0,923.0,0.0,379.0,-544.0,0.0
2026-06-12 11:46:00,44333.0,44333.0,44267.0,44285.0,146,11:46:00,2026-06-12,4,-0.0008573426888973668,146,44271.20241510496,0.00031166049581543234,6.0326503526521265,1.1587426048762255,4.873907747775901,42.285714285714285,55.34759358081587,34.48275861890606,48.0,0.0,18.0,29.8,1,43649.0,43648.0,2.291055718475021e-05,0.014570780544800235,-1.4677440660833488e-05,44406.0,44202.0,-0.0027248570013060688,0.0018777430885479872,0,0.0003115588208604137,44395.24115407411,44176.058845925894,0.004949285110373437,0,9080.912921348314,2675.9536096335037,44285.65,1.9761997791173274,0.7049734427778611,-0.0008573426888973668,1,0.9595999999999999,32711.0,3843.0,0.0,923.0,0.0,379.0,-544.0,0.0
2026-06-12 11:47:00,44288.0,44295.0,44271.0,44293.0,94,11:47:00,2026-06-12,4,0.00018064807496886992,94,44271.220058301806,0.0004919661502328443,4.08661868024501,1.7443178199499827,2.3423008602950275,40.857142857142854,61.95965417617454,22.4489795904623,5.0,2.0,17.0,25.0,0,43649.0,43648.0,2.291055718475021e-05,0.014754060803225395,0.00010951010597639403,44406.0,44202.0,-0.002544701166508973,0.0020587303741911667,0,0.0004917780873257026,44395.91050442743,44180.38949557257,0.004866335777287108,0,6608.796825396826,3368.524421174321,44288.15,1.7615036918188114,0.5164835164806787,0.00018064807496886992,-1,0.9595999999999999,32711.0,3843.0,0.0,923.0,0.0,379.0,-544.0,0.0
2026-06-12 11:48:00,44293.0,44295.0,44210.0,44213.0,300,11:48:00,2026-06-12,4,-0.001806154471361121,300,44271.10183525922,-0.0013124099661089975,-3.8663875437850947,0.6221767472029673,-4.488564290988062,44.857142857142854,48.66828087002093,6.34920634905518,80.0,2.0,3.0,29.6,1,43649.0,43648.0,2.291055718475021e-05,0.012921258218973794,-0.0016743005589657449,44406.0,44202.0,-0.004346259514479927,0.0002488575177593718,0,-0.0013119343931415892,44397.407640855796,44176.89235914421,0.004979215906003968,0,17924.18918918919,32247.830431949424,44287.15,0.6209861712025002,1.7351069982548577,-0.001806154471361121,0,0.9595999999999999,32711.0,3843.0,0.0,923.0,0.0,379.0,-544.0,0.0
2026-06-12 11:49:00,44213.0,44249.0,44213.0,44224.0,184,11:49:00,2026-06-12,4,0.00024879560310320237,184,44271.005556994125,-0.0010617684509923646,-9.17582105215115,-1.3374228126678562,-7.838398239483293,44.142857142857146,46.05597964212523,19.191919191337604,11.0,25.0,0.0,29.2,0,43649.0,43648.0,2.291055718475021e-05,0.01317326857430839,-0.00139886352217793,44406.0,44202.0,-0.0040985452416339215,0.0004977150355187436,0,-0.0010614101536519827,44398.50029284597,44173.39970715402,0.005082889397019731,0,10058.363411619282,1076.3791027806035,44285.95,0.06774203381809557,1.0475377170449898,0.00024879560310320237,0,0.9595999999999999,32711.0,3843.0,0.0,923.0,0.0,379.0,-544.0,0.0
2026-06-12 11:50:00,44224.0,44231.0,44170.0,44191.0,352,11:50:00,2026-06-12,4,-0.0007462011577423766,352,44270.687173883685,-0.00179999857627448,-15.863544501124125,-4.24264715035911,-11.620897350765015,46.07142857142857,40.677966100316006,8.870967741720861,33.0,7.0,21.0,35.4,0,43649.0,43648.0,2.291055718475021e-05,0.012417237508304603,-0.0021012079970102286,44406.0,44170.0,-0.00484168806017194,0.00047543581616480703,0,-0.0017994554220691992,44401.81064036729,44166.28935963272,0.005318422337942479,0,14456.53531598513,11874.685662041193,44284.05,-0.9257555350581465,1.8768328445647728,-0.0007462011577423766,0,0.9595999999999999,32711.0,3843.0,0.0,923.0,0.0,379.0,-544.0,0.0
2026-06-12 11:51:00,44191.0,44238.0,44189.0,44236.0,179,11:51:00,2026-06-12,4,0.0010183068950690988,179,44270.578218792114,-0.0007810654430855256,-17.332689146314806,-6.860655549550249,-10.472033596764557,47.42857142857143,46.153846152426034,62.9213483124858,45.0,2.0,2.0,34.8,1,43649.0,43648.0,2.291055718475021e-05,0.013448188961946128,-0.0010636111744660487,44406.0,44170.0,-0.003828311489438278,0.0014942268508036792,0,-0.0007808445838731543,44402.14691688453,44164.05308311547,0.005376629770026378,0,7139.985572587917,-6016.564265626959,44283.1,-0.914486481971161,0.9754768392317413,0.0010183068950690988,0,0.9595999999999999,32711.0,3843.0,0.0,923.0,0.0,379.0,-544.0,0.0
2026-06-12 11:52:00,44236.0,44280.0,44234.0,44258.0,185,11:52:00,2026-06-12,4,0.000497332489375113,185,44270.548269469735,-0.00028344508844468447,-16.53121912023198,-8.794768263686596,-7.736450856545385,46.42857142857143,42.7570093443958,66.99999999798999,22.0,22.0,2.0,38.2,0,43649.0,43648.0,2.291055718475021e-05,0.01395220967261532,-0.000581477404239691,44406.0,44170.0,-0.0033328829437462657,0.001992302467738239,0,-0.0002833605886975363,44402.0606971127,44165.4393028873,0.005343300741815923,0,6823.108333333334,-3216.4825885577243,44283.75,-0.49677154944109586,0.9981116805988773,0.000497332489375113,0,0.9595999999999999,32711.0,3843.0,0.0,923.0,0.0,379.0,-544.0,0.0
2026-06-12 11:53:00,44260.0,44273.0,44249.0,44254.0,79,11:53:00,2026-06-12,4,-9.037914049436768e-05,79,44270.536807743345,-0.00037353980628606606,-16.03398512120475,-10.242611635190228,-5.791373486014523,44.642857142857146,39.26829268158596,94.36619717911128,6.0,13.0,5.0,23.4,0,43649.0,43648.0,2.291055718475021e-05,0.01386056954340274,-0.0007214477729391911,44406.0,44170.0,-0.0034229608611448135,0.0019017432646592281,0,-0.0003734098002491673,44400.04778815481,44171.85221184519,0.00515277590995822,0,3571.0582226762003,-7529.796632027351,44285.95,0.4290483819782019,0.4376731301914811,-9.037914049436768e-05,1,0.9595999999999999,32711.0,3843.0,0.0,923.0,0.0,379.0,-544.0,0.0
2026-06-12 11:54:00,44250.0,44290.0,44250.0,44271.0,132,11:54:00,2026-06-12,4,0.0003841460658924323,132,44270.536480302995,1.0470162185882549e-05,-14.105565490965091,-11.015202406345201,-3.0903630846198897,44.642857142857146,36.64122137274051,90.69767441227691,21.0,19.0,0.0,25.4,0,43649.0,43648.0,2.291055718475021e-05,0.014250040092556204,-0.0003906223539851952,44406.0,44170.0,-0.0030401297122009856,0.0022866198777450244,0,1.0465962726155718e-05,44398.90808002622,44177.69191997378,0.004994911975678372,0,6303.961165048544,-1170.9048975519884,44288.3,1.1742628677767288,0.729281767951772,0.0003841460658924323,-1,0.9595999999999999,32711.0,3843.0,0.0,923.0,0.0,379.0,-544.0,0.0
2026-06-12 11:55:00,44281.0,44329.0,44274.0,44321.0,173,11:55:00,2026-06-12,4,0.0011294075128187586,173,44270.61532784259,0.0011381064343535165,-8.445344236606616,-10.501230772397484,2.0558865357908687,46.357142857142854,40.99526066214708,94.36619717911128,40.0,8.0,7.0,26.8,1,43649.0,43648.0,2.291055718475021e-05,0.015395541707713456,0.0006637827488733934,44406.0,44170.0,-0.001914155744719139,0.00341860991623266,0,0.0011375672172016156,44401.96284652638,44181.237153473616,0.004983466234066067,0,10250.712566844919,5023.523101291691,44291.6,1.7726592711770222,0.9353879426821553,0.0011294075128187586,0,0.9595999999999999,32711.0,3843.0,0.0,923.0,0.0,379.0,-544.0,0.0
2026-06-12 11:56:00,44320.0,44340.0,44290.0,44324.0,137,11:56:00,2026-06-12,4,6.768800342960013e-05,137,44270.694171848685,0.0012040883737759504,-3.6751384762246744,-9.136012313162922,5.460873836938248,47.357142857142854,44.67005075983406,99.99999999571429,4.0,16.0,30.0,18.6,0,43649.0,43648.0,2.291055718475021e-05,0.01546427180462289,0.0006682560323652173,44406.0,44170.0,-0.0018465973066702282,0.003486529318541918,0,0.001203443960214242,44405.08285655653,44183.71714344347,0.004997600444143172,0,8601.116147308781,14085.622834967353,44294.4,1.9080543603568099,0.7496580027318761,6.768800342960013e-05,-1,0.9595999999999999,32711.0,3843.0,0.0,923.0,0.0,379.0,-544.0,0.0
2026-06-12 11:57:00,44324.0,44327.0,44295.0,44320.0,84,11:57:00,2026-06-12,4,-9.024456276507387e-05,84,44270.73830785408,0.001112737081621671,-0.2150041798959137,-7.351810686509521,7.136806506613607,44.92857142857143,52.53731343064023,92.98245613545707,4.0,3.0,25.0,15.0,0,43649.0,43648.0,2.291055718475021e-05,0.01537263167541031,0.0005226105242246556,44406.0,44170.0,-0.001936675224068776,0.0033959701154629074,0,0.0011120811557913998,44407.521205777055,44186.17879422294,0.004996798001530762,0,6153.520661157025,-238.64440143701424,44296.85,1.9305324431047555,0.4600219058025191,-9.024456276507387e-05,1,0.9595999999999999,32711.0,3843.0,0.0,923.0,0.0,379.0,-544.0,0.0
2026-06-12 11:58:00,44323.0,44326.0,44302.0,44321.0,99,11:58:00,2026-06-12,4,2.256317689530718e-05,99,44270.793009286754,0.0011340883526236635,2.578149518711143,-5.365818645465389,7.943968164176532,44.642857142857146,50.15673980971099,49.99999998125,2.0,3.0,19.0,14.2,0,43649.0,43648.0,2.291055718475021e-05,0.015395541707713456,0.0005440561303386468,44406.0,44170.0,-0.001914155744719139,0.00341860991623266,0,0.0011334199619667563,44407.61613774228,44186.18386225772,0.0049988210345319525,0,7020.4464,-3151.260115606936,44296.9,1.1966151595342933,0.5626598465441168,2.256317689530718e-05,-1,0.9595999999999999,32711.0,3843.0,0.0,923.0,0.0,379.0,-544.0,0.0
2026-06-12 11:59:00,44319.0,44325.0,44294.0,44301.0,69,11:59:00,2026-06-12,4,-0.0004512533561968901,69,44270.82298073974,0.0006816457709266321,3.141695584359695,-3.664315799500372,6.806011383860067,44.714285714285715,46.726190474243545,3.9999999995199857,18.0,6.0,7.0,13.6,1,43649.0,43648.0,2.291055718475021e-05,0.014937341061650556,0.00013884232591376461,44406.0,44170.0,-0.0023645453317118776,0.0029658139008376058,0,0.000681276023290807,44403.55002178249,44186.14997821751,0.0049080207646029885,1,5439.090747330961,-3676.296594328856,44294.85,0.10159297789271095,0.41453890056825154,-0.0004512533561968901,1,0.9595999999999999,32711.0,3843.0,0.0,923.0,0.0,379.0,-544.0,0.0
2026-06-12 12:00:00,44301.0,44320.0,44286.0,44317.0,86,12:00:00,2026-06-12,4,0.0003611656621747006,86,44270.86130665828,0.0010421910028387718,4.823770757335296,-1.9666984881332383,6.790469245468534,42.42857142857143,55.095541398817396,45.9459459422206,16.0,3.0,15.0,8.8,1,43649.0,43648.0,2.291055718475021e-05,0.015303901578500876,0.0005666950390477261,44406.0,44170.0,-0.002004233662117687,0.0033280507131536493,0,0.0010416959611514152,44394.34978230043,44189.450217699574,0.004626118197703206,1,8023.709473684211,3039.2175723605046,44291.9,-1.1174609481254514,0.53969250078105,0.0003611656621747006,-1,0.9595999999999999,32711.0,3843.0,0.0,923.0,0.0,379.0,-544.0,0.0
2026-06-12 12:01:00,44320.0,44324.0,44290.0,44304.0,78,12:01:00,2026-06-12,4,-0.00029334115576418185,78,44270.89442752642,0.0007477954286144498,5.049627137792413,-0.5634333629481081,5.613060500740521,43.142857142857146,51.72413792876446,32.65306122249062,16.0,4.0,14.0,11.2,1,43649.0,43648.0,2.291055718475021e-05,0.01500607115855999,0.0003782126910115129,44395.0,44170.0,-0.0020497803806734534,0.0030337333031468638,0,0.000747519262848273,44377.30699948676,44197.19300051324,0.004066949268096795,1,8307.0,1832.5809025477358,44287.25,-2.178482015671854,0.5300713557558269,-0.00029334115576418185,1,0.9595999999999999,32711.0,3843.0,0.0,923.0,0.0,379.0,-544.0,0.0
2026-06-12 12:02:00,44301.0,44307.0,44257.0,44285.0,114,12:02:00,2026-06-12,4,-0.000428855182376342,114,44270.91108134417,0.000318243250741767,3.653365018340992,0.27992631330971196,3.3734387050312797,40.642857142857146,63.95348836862268,33.33333333125,16.0,6.0,28.0,13.6,1,43649.0,43648.0,2.291055718475021e-05,0.014570780544800235,4.0647469017660646e-05,44361.0,44170.0,-0.0017132165640990577,0.002603577088521562,0,0.0003181549358634129,44365.27724217388,44201.12275782612,0.0037069246203471464,1,11319.484304932736,10811.354012593682,44283.2,-2.630102596577583,0.7913918778147074,-0.000428855182376342,1,0.9595999999999999,32711.0,3843.0,0.0,923.0,0.0,379.0,-544.0,0.0
2026-06-12 12:03:00,44285.0,44295.0,44252.0,44270.0,124,12:03:00,2026-06-12,4,-0.0003387151405668254,124,44270.91320641041,-2.0627684054191435e-05,1.321212474402273,0.48818354552822424,0.8330289288740489,41.142857142857146,58.77862595105763,0.0,15.0,10.0,18.0,16.2,0,43649.0,43648.0,2.291055718475021e-05,0.01422713006025306,-0.00026083097813881065,44340.0,44170.0,-0.0015787099684257651,0.0022639800769752717,0,-2.0622729114323347e-05,44363.277338714746,44199.82266128526,0.0036912591684230356,1,11654.946921443736,4525.634258903677,44281.55,-2.3367703801368975,0.880994671396938,-0.0003387151405668254,0,0.9595999999999999,32711.0,3843.0,0.0,923.0,0.0,379.0,-544.0,0.0
2026-06-12 12:04:00,44273.0,44292.0,44264.0,44290.0,117,12:04:00,2026-06-12,4,0.0004517732098485716,117,44270.92881466062,0.0004307834926893262,1.0744124758930411,0.6054293316011876,0.4689831442918535,38.785714285714285,69.87951806836018,37.03703703497942,17.0,2.0,9.0,16.0,1,43649.0,43648.0,2.291055718475021e-05,0.01468533070631596,0.0002247061599974902,44340.0,44170.0,-0.001127649977446975,0.002716776092370326,0,0.0004306947562023989,44359.88529096125,44200.21470903876,0.003605925962651001,1,9984.450867052023,2019.3220982930332,44280.05,-1.6257500747951363,0.8306709265116744,0.0004517732098485716,0,0.9595999999999999,32711.0,3843.0,0.0,923.0,0.0,379.0,-544.0,0.0
2026-06-12 12:05:00,44289.0,44313.0,44289.0,44309.0,90,12:05:00,2026-06-12,4,0.00042899074283142546,90,44270.964229479425,0.0008591583938270497,2.384476152546995,0.9612386957903492,1.4232374567566457,37.0,66.36771300031772,72.22222221820988,20.0,4.0,0.0,16.8,1,43649.0,43648.0,2.291055718475021e-05,0.015120621320075717,0.0006696123588083563,44340.0,44170.0,-0.0006991429860171245,0.0031469323069956276,0,0.0008589956835539437,44357.83372274235,44200.86627725765,0.0035449356299198996,1,7624.875717017208,-3263.937197479494,44279.35,-0.8694041984315823,0.6378454996411209,0.00042899074283142546,-1,0.9595999999999999,32711.0,3843.0,0.0,923.0,0.0,379.0,-544.0,0.0
2026-06-12 12:06:00,44315.0,44323.0,44290.0,44310.0,264,12:06:00,2026-06-12,4,2.2568778351939045e-05,264,44271.08032494219,0.0008791218730635771,3.463477880381106,1.4616865327085007,2.0017913476726052,36.07142857142857,62.871287124355455,99.9999999925,5.0,8.0,20.0,14.6,0,43649.0,43648.0,2.291055718475021e-05,0.01514353135237886,0.0006639476429858854,44340.0,44170.0,-0.000676589986468185,0.0031695721077653802,0,0.0008789328748438651,44360.250288258794,44200.9497117412,0.003597525248474223,1,16499.069111424542,4156.279923564636,44280.6,-0.21453630236619212,1.7959183673347219,2.2568778351939045e-05,0,0.9595999999999999,32711.0,3843.0,0.0,923.0,0.0,379.0,-544.0,0.0
2026-06-12 12:07:00,44316.0,44354.0,44308.0,44331.0,272,12:07:00,2026-06-12,4,0.00047393364928915993,272,44271.27496924749,0.001349069589570122,5.94459344628558,2.358267915423917,3.5863255308616635,37.642857142857146,67.5799086714789,99.99999999268293,15.0,23.0,8.0,14.4,1,43649.0,43648.0,2.291055718475021e-05,0.015624642030744906,0.001095240783605237,44354.0,44170.0,-0.0005185552599539947,0.003645007923930187,0,0.001348727618190227,44365.15209265174,44199.84790734826,0.0037329460916496887,1,13907.764705882353,3929.423752063308,44282.5,0.5532965748677089,1.7447081462364034,0.00047393364928915993,0,0.9595999999999999,32711.0,3843.0,0.0,923.0,0.0,379.0,-544.0,0.0
2026-06-12 12:08:00,44331.0,44337.0,44309.0,44337.0,161,12:08:00,2026-06-12,4,0.0001353454693104883,161,44271.38318989836,0.0014821495370989006,8.299375232149032,3.54648937876894,4.752885853380092,36.785714285714285,65.86538461095137,99.99999998928571,6.0,0.0,22.0,12.6,0,43649.0,43648.0,2.291055718475021e-05,0.015762102224563777,0.0010905716356542827,44354.0,44170.0,-0.0003832799747486048,0.0037808467285487036,0,0.0014815700190259798,44367.933432594895,44209.4665674051,0.003578042823333987,1,7896.3019911504425,355.97468628565906,44288.7,2.1115937790411436,1.0808996307413168,0.0001353454693104883,0,0.9595999999999999,32711.0,3843.0,0.0,923.0,0.0,379.0,-544.0,0.0
2026-06-12 12:09:00,44334.0,44344.0,44321.0,44327.0,56,12:09:00,2026-06-12,4,-0.00022554525565554595,56,44271.422735755405,0.001255375608241018,9.251989164287806,4.687589335872714,4.564399828415093,34.285714285714285,51.78571428139881,72.97297296705625,7.0,10.0,6.0,10.6,0,43649.0,43648.0,2.291055718475021e-05,0.015533001901532326,0.000748410896772367,44354.0,44170.0,-0.0006087387834242547,0.0035544487208511765,0,0.0012547399750663846,44368.64171076176,44219.05828923824,0.0033770697630375176,1,2944.61684460261,-8215.283041293735,44293.85,2.9922810440689602,0.3928446159214813,-0.00022554525565554595,1,0.9595999999999999,32711.0,3843.0,0.0,923.0,0.0,379.0,-544.0,0.0
2026-06-12 12:10:00,44329.0,44343.0,44320.0,44336.0,88,12:10:00,2026-06-12,4,0.00020303652401465477,88,44271.48721610065,0.0014572084191444752,10.610852055127907,5.872241879723752,4.738610175404155,32.357142857142854,53.448275857768536,59.9999999928,7.0,7.0,9.0,8.0,0,43649.0,43648.0,2.291055718475021e-05,0.01573919219226063,0.0007877908223497987,44354.0,44189.0,-0.0004058258556161698,0.0033266197469957836,0,0.00145623435759719,44360.42568449486,44241.774315505136,0.0026782939698951702,1,4639.200951248514,-6664.308715773469,44301.1,4.200304860836345,0.6803247004199434,0.00020303652401465477,-1,0.9595999999999999,32711.0,3843.0,0.0,923.0,0.0,379.0,-544.0,0.0
2026-06-12 12:11:00,44339.0,44354.0,44326.0,44352.0,101,12:11:00,2026-06-12,4,0.00036088054853844476,101,44271.5742600538,0.0018166451338227337,12.830920108572172,7.263977525493437,5.566942583078736,32.07142857142857,58.602150533223494,71.42857142244898,13.0,2.0,13.0,9.6,1,43649.0,43648.0,2.291055718475021e-05,0.01610575270911095,0.0010179001464782579,44354.0,44234.0,-4.5091761735129975e-05,0.002667631233892421,0,0.0018151967288661253,44361.95557000121,44251.84442999879,0.0024851916970589525,1,6607.008849557522,-1632.780943583287,44306.9,4.109400366234359,0.8051016341107604,0.00036088054853844476,0,0.9595999999999999,32711.0,3843.0,0.0,923.0,0.0,379.0,-544.0,0.0
2026-06-12 12:12:00,44351.0,44385.0,44349.0,44373.0,213,12:12:00,2026-06-12,4,0.00047348484848486194,213,44271.82027298305,0.0022854205314591725,16.099282029543247,9.031038426303398,7.068243603239848,32.92857142857143,62.62135921904515,99.99999999347826,22.0,12.0,2.0,11.0,1,43649.0,43648.0,2.291055718475021e-05,0.016586863387477,0.0013619135844955602,44385.0,44249.0,-0.0002703616086515654,0.002802323216343809,0,0.002283314742335335,44370.168052074805,44255.1319479252,0.0025960104879668567,1,15268.899838449111,41853.60488050092,44312.65,4.244381556356675,1.6791486006962622,0.00047348484848486194,0,0.9595999999999999,32711.0,3843.0,0.0,923.0,0.0,379.0,-544.0,0.0
2026-06-12 12:13:00,44371.0,44371.0,44347.0,44357.0,107,12:13:00,2026-06-12,4,-0.0003605796317580623,107,44271.92987524519,0.0019215364000289155,17.200143568428757,10.664859454728472,6.5352841137002855,32.57142857142857,63.861386134187825,69.81132075076539,14.0,0.0,10.0,12.6,1,43649.0,43648.0,2.291055718475021e-05,0.016220302870626677,0.0008845204409965343,44385.0,44250.0,-0.0006308437535203192,0.0024180790960451433,0,0.0019195475577490587,44371.526794244106,44264.0732057559,0.002424614680516716,1,8400.35221238938,8107.325594785144,44317.8,3.7696580897549645,0.8343079921962238,-0.0003605796317580623,0,0.9595999999999999,32711.0,3843.0,0.0,923.0,0.0,379.0,-544.0,0.0
2026-06-12 12:14:00,44357.0,44358.0,44306.0,44326.0,118,12:14:00,2026-06-12,4,-0.000698875036634572,118,44272.01089342651,0.0012194862054821854,15.39369442005409,11.610626447793596,3.7830679722604934,33.857142857142854,52.073732715534405,30.882352939814027,31.0,1.0,20.0,17.4,1,43649.0,43648.0,2.291055718475021e-05,0.015510091869229182,0.00012296778808017876,44385.0,44252.0,-0.00132927790920353,0.0016722408026755475,0,0.0012181506450955745,44369.619124162426,44271.48087583758,0.002214283178454309,1,8342.054226475278,2626.0678870347724,44320.55,3.0807842570799253,0.9251274010119551,-0.000698875036634572,0,0.9595999999999999,32711.0,3843.0,0.0,923.0,0.0,379.0,-544.0,0.0
2026-06-12 12:15:00,44331.0,44394.0,44328.0,44389.0,113,12:15:00,2026-06-12,4,0.0014212877318051653,113,44272.14208289054,0.0026395360967776415,18.828599566833873,13.054221071601653,5.77437849523222,36.285714285714285,65.91760299279832,57.27272727116529,58.0,5.0,3.0,27.6,1,43649.0,43648.0,2.291055718475021e-05,0.016953423904327317,0.0014676038575082196,44394.0,44252.0,-0.00011262783258998711,0.0030959052698182436,0,0.0026364508828626075,44381.7899788779,44266.11002112209,0.002609874746176945,1,7693.185582822086,-4961.532484842408,44323.95,2.55006188977541,0.9072661581621255,0.0014212877318051653,0,0.9595999999999999,32711.0,3843.0,0.0,923.0,0.0,379.0,-544.0,0.0
2026-06-12 12:16:00,44386.0,44386.0,44358.0,44361.0,92,12:16:00,2026-06-12,4,-0.0006307869066660698,92,44272.246463478885,0.0020047217751718977,19.071575399015273,14.257691937084378,4.813883461930896,34.92857142857143,63.76811593879437,51.639344261025265,25.0,0.0,3.0,30.0,0,43649.0,43648.0,2.291055718475021e-05,0.016311942999839256,0.0007941199030811919,44394.0,44252.0,-0.0007433436950939149,0.002463165506643712,0,0.002002299710803035,44385.96678572075,44265.63321427925,0.002714752388935969,1,6347.141524105754,-2444.195953183271,44325.8,1.8051437571359588,0.7522485690862449,-0.0006307869066660698,1,0.9595999999999999,32711.0,3843.0,0.0,923.0,0.0,379.0,-544.0,0.0
2026-06-12 12:17:00,44359.0,44359.0,44292.0,44309.0,179,12:17:00,2026-06-12,4,-0.001172200807015189,179,44272.34707297073,0.000827896631928135,14.896453040768392,14.385444157821182,0.5110088829472108,36.785714285714285,56.2300319463667,44.0559440550198,50.0,0.0,17.0,35.6,1,43649.0,43648.0,2.291055718475021e-05,0.015120621320075717,-0.0003666081973592847,44394.0,44252.0,-0.0019146731540297809,0.0012880773750338678,0,0.0008269085234548231,44385.83964649064,44264.66035350936,0.0027338659789009037,1,13023.499178981938,5611.861090100686,44325.25,1.0604561540858788,1.408894136155774,-0.001172200807015189,0,0.9595999999999999,32711.0,3843.0,0.0,923.0,0.0,379.0,-544.0,0.0
2026-06-12 12:18:00,44311.0,44312.0,44276.0,44289.0,135,12:18:00,2026-06-12,4,-0.00045137556704055726,135,44272.3787800445,0.0003754309213444091,9.86014403597801,13.48038413345255,-3.6202400974745395,37.357142857142854,49.84025558882504,0.0,22.0,1.0,13.0,37.2,0,43649.0,43648.0,2.291055718475021e-05,0.014662420674012815,-0.0007817496979603592,44394.0,44252.0,-0.0023651844843897295,0.0008361204013377738,0,0.0003749966429998606,44386.36497763497,44260.93502236503,0.002829865213490649,1,9386.208791208792,2200.679016722297,44323.65,-0.06768349842368165,1.047729918501764,-0.00045137556704055726,0,0.9595999999999999,32711.0,3843.0,0.0,923.0,0.0,379.0,-544.0,0.0
2026-06-12 12:19:00,44292.0,44295.0,44260.0,44260.0,135,12:19:00,2026-06-12,4,-0.0006547901284743585,135,44272.37765210623,-0.0002795795654684631,3.4885612654325087,11.482019559848542,-7.993458294416033,38.142857142857146,42.41486067927614,0.0,32.0,3.0,0.0,37.4,0,43649.0,43648.0,2.291055718475021e-05,0.01399802973722161,-0.001389841521966652,44394.0,44252.0,-0.0030184259134116544,0.00018078278947843758,0,-0.00027926907210550967,44389.86696819156,44253.33303180843,0.003080528148422594,1,9136.238532110092,4394.256843669943,44321.6,-0.9475294298138703,1.0215664018083876,-0.0006547901284743585,0,0.9595999999999999,32711.0,3843.0,0.0,923.0,0.0,379.0,-544.0,0.0
2026-06-12 12:20:00,44264.0,44291.0,44253.0,44290.0,126,12:20:00,2026-06-12,4,0.0006778129236331143,126,44272.3859515525,0.0003978563176328093,0.8499871715248446,9.355613082183803,-8.505625910658958,38.5,47.15909090721526,37.97468354286172,26.0,1.0,11.0,31.0,0,43649.0,43648.0,2.291055718475021e-05,0.01468533070631596,-0.0006825322510590378,44394.0,44252.0,-0.002342658917871732,0.0008587182500225786,0,0.0003974266491615728,44389.95275233382,44250.54724766618,0.003145413319366059,0,8366.626686656671,-3575.745986793466,44320.25,-1.1280252226439784,0.9392471114354137,0.0006778129236331143,0,0.9595999999999999,32711.0,3843.0,0.0,923.0,0.0,379.0,-544.0,0.0
2026-06-12 12:21:00,44295.0,44306.0,44260.0,44292.0,84,12:21:00,2026-06-12,4,4.515692029793961e-05,84,44272.399335994036,0.0004427287497388475,-1.0674140379123855,7.2710076581645655,-8.338421696076951,38.5,44.14414414228823,52.459016390862665,3.0,11.0,32.0,26.6,0,43649.0,43648.0,2.291055718475021e-05,0.01473115077092225,-0.0006238767679799103,44394.0,44252.0,-0.002297607784835737,0.0009039139473921879,0,0.00044225674178301547,44390.14382204184,44249.15617795816,0.003181154275443925,0,5645.71775417299,-3985.092512047228,44319.65,-0.9024527537781749,0.6247675715833042,4.515692029793961e-05,-1,0.9595999999999999,32711.0,3843.0,0.0,923.0,0.0,379.0,-544.0,0.0
2026-06-12 12:22:00,44300.0,44304.0,44286.0,44304.0,48,12:22:00,2026-06-12,4,0.00027092928745586775,48,44272.41371014594,0.0007134530784983778,-1.6002222328970674,5.496761679952239,-7.096983912849306,37.785714285714285,45.132743360967964,99.99999999318182,4.0,0.0,14.0,17.4,0,43649.0,43648.0,2.291055718475021e-05,0.01500607115855999,-0.00037454366592505904,44394.0,44252.0,-0.0020273009866197678,0.0011750881316098442,0,0.0007126773972838231,44389.624480773615,44251.57551922638,0.003114780971991114,0,4027.6363636363635,-5591.581426556573,44320.6,-0.22562362369589548,0.3659931376258788,0.00027092928745586775,-1,0.9595999999999999,32711.0,3843.0,0.0,923.0,0.0,379.0,-544.0,0.0
2026-06-12 12:23:00,44299.0,44317.0,44288.0,44310.0,82,12:23:00,2026-06-12,4,0.0001354279523293478,82,44272.4449365634,0.0008482717295241212,-1.520795921474928,4.093250159666805,-5.614046081141733,38.214285714285715,47.46268656518066,99.999999985,11.0,7.0,11.0,15.2,0,43649.0,43648.0,2.291055718475021e-05,0.01514353135237886,-0.00028427935184303856,44394.0,44253.0,-0.0018921475875117834,0.0012880482679140106,0,0.0008473118327128837,44387.65511832095,44257.544881679045,0.0029355280746595266,1,7649.305263157895,-857.3603799519111,44322.6,0.5302316661116634,0.6354126307583463,0.0001354279523293478,-1,0.9595999999999999,32711.0,3843.0,0.0,923.0,0.0,379.0,-544.0,0.0
2026-06-12 12:24:00,44311.0,44352.0,44310.0,44333.0,105,12:24:00,2026-06-12,4,0.0005190701873165615,105,44272.51751560141,0.001366140617083195,0.3935215125020477,3.3533044302338544,-2.9597829177318067,39.57142857142857,49.570200571077415,99.99999999268293,22.0,19.0,1.0,13.2,1,43649.0,43648.0,2.291055718475021e-05,0.015670462095351195,0.00018612626128742553,44394.0,44253.0,-0.0013740595575978426,0.0018077870426863308,0,0.001364530750846655,44388.088273111985,44261.411726888015,0.002857919023208661,1,10460.595505617977,8528.37134461089,44324.75,1.1507311091126724,0.8174386920917289,0.0005190701873165615,0,0.9595999999999999,32711.0,3843.0,0.0,923.0,0.0,379.0,-544.0,0.0
2026-06-12 12:25:00,44332.0,44343.0,44320.0,44339.0,122,12:25:00,2026-06-12,4,0.00013533936345377917,122,44272.604940286095,0.0014996872174893553,2.36749076689739,3.1561416975665617,-0.7886509306691716,39.214285714285715,48.08259586822078,99.99999999142857,7.0,4.0,12.0,9.4,0,43649.0,43648.0,2.291055718475021e-05,0.01580792228917007,0.000287639942472005,44394.0,44253.0,-0.0012389061584898583,0.0019433710708878056,0,0.0014978722475712052,44389.43852326482,44263.06147673518,0.002851065599495499,1,12266.1179138322,20454.879255181066,44326.25,1.2748022364321456,0.9381007304810604,0.00013533936345377917,0,0.9595999999999999,32711.0,3843.0,0.0,923.0,0.0,379.0,-544.0,0.0
2026-06-12 12:26:00,44335.0,44347.0,44333.0,44343.0,173,12:26:00,2026-06-12,4,9.021403279274587e-05,173,44272.74257210764,0.001586922874225056,4.206156242376892,3.366144606528628,0.8400116358482639,37.642857142857146,45.341614904860926,99.99999999090909,8.0,4.0,2.0,10.4,0,43649.0,43648.0,2.291055718475021e-05,0.015899562418382647,0.00034064325176690535,44394.0,44253.0,-0.0011488038924178684,0.002033760423022122,0,0.0015849482581479172,44391.02527226639,44264.77472773361,0.0028481056971519387,1,14474.224528301887,8922.27337038767,44327.9,1.1957782260072538,1.3784860557659084,9.021403279274587e-05,0,0.9595999999999999,32711.0,3843.0,0.0,923.0,0.0,379.0,-544.0,0.0
2026-06-12 12:27:00,44342.0,44364.0,44342.0,44353.0,125,12:27:00,2026-06-12,4,0.00022551473738818828,125,44272.85909527349,0.001810158782699115,6.396493509571883,3.9722143871372793,2.4242791224346036,37.357142857142854,49.36708860540779,99.999999985,11.0,11.0,0.0,11.8,0,43649.0,43648.0,2.291055718475021e-05,0.0161286627414141,0.000541406302871697,44394.0,44253.0,-0.0009235482272378942,0.0022597338033579135,0,0.0018078662890322296,44393.111744541704,44264.888255458296,0.0028925418819148872,0,9133.649093904449,-1268.5189968399766,44329.0,0.958832255117062,1.0579771476846551,0.00022551473738818828,0,0.9595999999999999,32711.0,3843.0,0.0,923.0,0.0,379.0,-544.0,0.0
2026-06-12 12:28:00,44356.0,44377.0,44338.0,44373.0,184,12:28:00,2026-06-12,4,0.0004509277839153114,184,44273.050618142486,0.002257567085665284,9.635116798577656,5.104794869425355,4.530321929152301,36.42857142857143,57.70491803013814,99.99999999117647,17.0,4.0,18.0,13.0,1,43649.0,43648.0,2.291055718475021e-05,0.016586863387477,0.0009519340954820607,44394.0,44253.0,-0.00047303689687794586,0.0027116805640294965,0,0.002254626170913034,44397.813274402004,44263.786725598,0.0030233279977803064,0,11515.700987306065,-611.78029739948,44330.8,1.0264797947046975,1.5423302598361917,0.0004509277839153114,0,0.9595999999999999,32711.0,3843.0,0.0,923.0,0.0,379.0,-544.0,0.0
2026-06-12 12:29:00,44367.0,44400.0,44363.0,44397.0,182,12:29:00,2026-06-12,4,0.0005408694476369824,182,44273.28977662634,0.002794240590609273,13.97722773100395,6.879281441741075,7.097946289262875,34.214285714285715,51.50375939578553,99.99999999444445,30.0,3.0,4.0,14.6,1,43649.0,43648.0,2.291055718475021e-05,0.017136704162752477,0.0014142548771491977,44400.0,44253.0,-6.756756756756605e-05,0.0032540166768353957,0,0.0027903953231167714,44407.50368123313,44261.096318766875,0.0033023497036437414,0,10280.221374045801,-2897.5667373788665,44334.3,1.443785967754271,1.4490445859757242,0.0005408694476369824,0,0.9595999999999999,32711.0,3843.0,0.0,923.0,0.0,379.0,-544.0,0.0
2026-06-12 12:30:00,44394.0,44410.0,44381.0,44390.0,171,12:30:00,2026-06-12,4,-0.00015766831092189904,171,44273.52738179062,0.002630750814250272,16.661477290821495,8.835720611557159,7.825756679264336,34.07142857142857,55.91836734374344,86.2745097988466,4.0,16.0,9.0,14.0,0,43649.0,43648.0,2.291055718475021e-05,0.016976333936630464,0.0011953898549743737,44410.0,44253.0,-0.00045034902049087035,0.0030958353106003414,0,0.0026269846450904977,44414.334543236924,44259.665456763076,0.0034884878650753314,0,9090.646706586826,-47.0812781129526,44337.0,1.804687676239031,1.3179190751343515,-0.00015766831092189904,0,0.9595999999999999,32711.0,3843.0,0.0,923.0,0.0,379.0,-544.0,0.0
2026-06-12 12:31:00,44386.0,44406.0,44361.0,44373.0,148,12:31:00,2026-06-12,4,-0.0003829691371930455,148,44273.708964711936,0.0022426635944867747,17.21852207653137,10.512280904552002,6.70624117197937,32.357142857142854,65.23809523374604,49.999999996875,13.0,20.0,12.0,15.0,0,43649.0,43648.0,2.291055718475021e-05,0.016586863387477,0.0007882620006968349,44410.0,44253.0,-0.0008331456879081101,0.0027116805640294965,0,0.002239409159583297,44416.799369245804,44259.3006307542,0.0035522251991596063,0,8107.65925925926,-2959.4739667203435,44338.05,1.635431799110325,1.1203633610816022,-0.0003829691371930455,0,0.9595999999999999,32711.0,3843.0,0.0,923.0,0.0,379.0,-544.0,0.0
2026-06-12 12:32:00,44375.0,44382.0,44356.0,44372.0,97,12:32:00,2026-06-12,4,-2.253622698489277e-05,97,44273.81647444309,0.0022176431438564446,17.378958622866776,11.885616448214957,5.4933421746518185,31.642857142857142,71.72774868584195,0.0,3.0,7.0,16.0,13.4,0,43649.0,43648.0,2.291055718475021e-05,0.01656395335517385,0.0007668365735937398,44410.0,44253.0,-0.0008556631389326536,0.002689083225995917,0,0.002214432891806289,44416.657150769264,44259.342849230736,0.003548069410855812,0,5503.943734015345,-4646.08442391036,44338.0,0.8345682688115272,0.7680126682441171,-2.253622698489277e-05,1,0.9595999999999999,32711.0,3843.0,0.0,923.0,0.0,379.0,-544.0,0.0
2026-06-12 12:33:00,44371.0,44386.0,44362.0,44371.0,84,12:33:00,2026-06-12,4,-2.253673487784269e-05,84,44273.912279693046,0.0021928877595821295,17.22683388142468,12.953859934856903,4.272973946567779,30.857142857142858,84.0490797473823,0.0,0.0,15.0,9.0,10.0,0,43649.0,43648.0,2.291055718475021e-05,0.016541043322870708,0.0007284832437577599,44410.0,44253.0,-0.0008781805899571971,0.002666485887962338,0,0.0021896835114009164,44418.312482483205,44259.08751751679,0.003591105850338685,0,5465.049853372434,-3988.271649130734,44338.7,0.383426934613774,0.6711945665148126,-2.253673487784269e-05,1,0.9595999999999999,32711.0,3843.0,0.0,923.0,0.0,379.0,-544.0,0.0
2026-06-12 12:34:00,44377.0,44390.0,44371.0,44374.0,80,12:34:00,2026-06-12,4,6.761172838110063e-05,80,44274.00825272091,0.002258475146598995,17.150646874521044,13.793217322789733,3.357429551731311,29.5,80.88235293285034,59.999999964000004,3.0,13.0,3.0,4.6,0,43649.0,43648.0,2.291055718475021e-05,0.016609773419780142,0.0007419752780152211,44410.0,44253.0,-0.0008106282368835666,0.0027342779020630755,0,0.0022550578871315544,44421.98432285017,44260.21567714983,0.003648277685946901,0,6120.551724137931,-2450.9016370563118,44341.1,0.6878967388046235,0.6490872210900682,6.761172838110063e-05,-1,0.9595999999999999,32711.0,3843.0,0.0,923.0,0.0,379.0,-544.0,0.0
2026-06-12 12:35:00,44377.0,44377.0,44356.0,44373.0,73,12:35:00,2026-06-12,4,-2.2535719114813446e-05,73,44274.08757389658,0.002234092931634763,16.815735152587877,14.397720888749364,2.418014263838513,27.714285714285715,79.9999999917037,59.999999964000004,4.0,0.0,17.0,4.6,0,43649.0,43648.0,2.291055718475021e-05,0.016586863387477,0.0007374780955473092,44410.0,44253.0,-0.0008331456879081101,0.0027116805640294965,0,0.002230756808217825,44419.48825005068,44261.11174994933,0.003571840968630095,0,6720.392116182573,2210.139567105967,44340.3,0.5187423880199626,0.6020618556651376,-2.2535719114813446e-05,1,0.9595999999999999,32711.0,3843.0,0.0,923.0,0.0,379.0,-544.0,0.0
2026-06-12 12:36:00,44374.0,44413.0,44358.0,44410.0,102,12:36:00,2026-06-12,4,0.0008338403984404774,102,44274.22742125962,0.0030666278475857704,19.313274570995418,15.380831625198574,3.9324429457968435,30.357142857142858,83.12499999272656,97.56097560261749,36.0,3.0,16.0,9.2,1,43649.0,43648.0,2.291055718475021e-05,0.017434534582693364,0.0015165951592988366,44413.0,44253.0,-6.754779006146697e-05,0.0035477820712719243,0,0.00306188900644142,44427.47338892125,44258.02661107875,0.0038212961046055678,0,10389.495412844037,9010.797141096107,44342.75,0.9134232622974763,0.8377823408555418,0.0008338403984404774,0,0.9595999999999999,32711.0,3843.0,0.0,923.0,0.0,379.0,-544.0,0.0
2026-06-12 12:37:00,44407.0,44420.0,44365.0,44365.0,156,12:37:00,2026-06-12,4,-0.0010132852961044492,156,44274.42222425692,0.0020458262624926914,17.46019833673199,15.796704967505258,1.6634933692267335,32.214285714285715,63.819095472897146,44.57831325140078,42.0,13.0,0.0,17.0,1,43649.0,43648.0,2.291055718475021e-05,0.016403583129051838,0.00043860094192081623,44420.0,44253.0,-0.0012381809995497246,0.002530901859760863,0,0.002042544871877221,44429.272536730685,44261.82746326932,0.003775916038054777,0,13981.69696969697,12843.85068515415,44345.55,1.0035835827267177,1.293532338297732,-0.0010132852961044492,0,0.9595999999999999,32711.0,3843.0,0.0,923.0,0.0,379.0,-544.0,0.0
2026-06-12 12:38:00,44368.0,44390.0,44355.0,44390.0,71,12:38:00,2026-06-12,4,0.0005635072692438126,71,44274.506594696795,0.0026085757738751624,17.80368335734238,16.198100645472685,1.605582711869694,31.714285714285715,64.17910447314176,57.94392523202026,22.0,0.0,13.0,21.4,1,43649.0,43648.0,2.291055718475021e-05,0.016976333936630464,0.0008883758055133543,44420.0,44253.0,-0.0006753714542998498,0.0030958353106003414,0,0.0026041001768454582,44432.115642662815,44269.08435733718,0.003675965721447492,0,6538.775933609959,-270.2464074012672,44350.6,2.3229432367385052,0.6047700170306237,0.0005635072692438126,-1,0.9595999999999999,32711.0,3843.0,0.0,923.0,0.0,379.0,-544.0,0.0
2026-06-12 12:39:00,44397.0,44397.0,44365.0,44376.0,81,12:39:00,2026-06-12,4,-0.00031538634827665835,81,44274.60360658859,0.002290170552680361,16.753095457730524,16.309099607924253,0.4439958498062708,32.357142857142854,58.85167463720611,29.761904760841844,21.0,0.0,11.0,25.0,0,43649.0,43648.0,2.291055718475021e-05,0.016655593484386434,0.0004418753550783676,44420.0,44253.0,-0.0009905447996397796,0.0027794725781302336,0,0.002285947313384425,44426.47785143607,44286.32214856393,0.0031597628047393485,1,7441.937888198758,-2837.055513784966,44356.4,3.078293520361605,0.7061900610226138,-0.00031538634827665835,1,0.9595999999999999,32711.0,3843.0,0.0,923.0,0.0,379.0,-544.0,0.0
2026-06-12 12:40:00,44379.0,44379.0,44360.0,44361.0,76,12:40:00,2026-06-12,4,-0.0003380205516495538,76,44274.68347773808,0.0019495683646235462,14.542485616642807,15.955776809667965,-1.4132911930251577,32.714285714285715,54.09090908746695,46.296296293724275,18.0,0.0,1.0,27.8,0,43649.0,43648.0,2.291055718475021e-05,0.016311942999839256,2.366999962810794e-05,44420.0,44260.0,-0.0013282305267897046,0.0022819701762313085,0,0.0019458209998415006,44422.67236232465,44297.22763767534,0.0028278824626561685,1,6937.111111111111,-5038.434085543293,44359.95,3.247225482600662,0.6773618538264049,-0.0003380205516495538,1,0.9595999999999999,32711.0,3843.0,0.0,923.0,0.0,379.0,-544.0,0.0
2026-06-12 12:41:00,44364.0,44378.0,44350.0,44375.0,119,12:41:00,2026-06-12,4,0.0003155925249656022,119,44274.809617723055,0.0022629206797726655,13.761609124434472,15.516943272621267,-1.7553341481867957,33.142857142857146,54.91071428228236,32.55813953261223,11.0,3.0,14.0,22.8,0,43649.0,43648.0,2.291055718475021e-05,0.016632683452083286,0.0002456941536062089,44420.0,44286.0,-0.0010130571814497746,0.0020096644537776725,0,0.002258366162661774,44418.296135022516,44309.90386497748,0.002443242848272193,1,10498.260437375746,6055.391015027205,44364.1,3.043927252393429,1.0443176831852188,0.0003155925249656022,0,0.9595999999999999,32711.0,3843.0,0.0,923.0,0.0,379.0,-544.0,0.0
2026-06-12 12:42:00,44372.0,44402.0,44367.0,44401.0,104,12:42:00,2026-06-12,4,0.0005859154929577226,104,44274.94602462501,0.0028470723669517025,15.067057922562526,15.42696620260952,-0.3599082800469944,32.857142857142854,56.08695651832514,72.72727272330579,29.0,1.0,5.0,20.2,1,43649.0,43648.0,2.291055718475021e-05,0.01722834429196506,0.0007223520051748394,44420.0,44288.0,-0.00042773525438990486,0.002551481213872775,0,0.0028410403080304588,44417.57520462752,44320.32479537247,0.00219185735193304,1,10238.81152993348,3758.259856172592,44368.95,2.829354952159245,0.8907922912129268,0.0005859154929577226,0,0.9595999999999999,32711.0,3843.0,0.0,923.0,0.0,379.0,-544.0,0.0
2026-06-12 12:43:00,44403.0,44408.0,44390.0,44397.0,93,12:43:00,2026-06-12,4,-9.008806107968503e-05,93,44275.07654568134,0.002753771734146242,15.599052759593178,15.461383514006254,0.13766924558692395,31.5,49.999999996666666,90.90909090289256,6.0,5.0,7.0,17.0,0,43649.0,43648.0,2.291055718475021e-05,0.017136704162752477,0.0005341049685282942,44420.0,44310.0,-0.0005177847816298848,0.001963439404197654,0,0.002747676064630273,44414.75815898139,44331.84184101861,0.001868608328945054,1,8729.219873150105,2583.36465040698,44373.3,3.009471381281048,0.7928388746735479,-9.008806107968503e-05,1,0.9595999999999999,32711.0,3843.0,0.0,923.0,0.0,379.0,-544.0,0.0
2026-06-12 12:44:00,44398.0,44410.0,44391.0,44397.0,85,12:44:00,2026-06-12,4,0.0,85,44275.19656371446,0.0027510535410103718,15.83809084832319,15.536724980869643,0.30136586745354776,30.785714285714285,51.72413792746731,86.666666658,1.0,12.0,6.0,13.0,0,43649.0,43648.0,2.291055718475021e-05,0.017136704162752477,0.0004619562155645339,44420.0,44320.0,-0.0005177847816298848,0.001737364620938589,0,0.002744773388742621,44414.60511775026,44338.39488224974,0.0017173557062976426,1,7911.415094339623,-2464.0704604988427,44376.5,2.795052756621109,0.7308684436738533,0.0,0,0.9595999999999999,32711.0,3843.0,0.0,923.0,0.0,379.0,-544.0,0.0
2026-06-12 12:45:00,44397.0,44397.0,44356.0,44373.0,114,12:45:00,2026-06-12,4,-0.0005405770660179554,114,44275.32611557492,0.0022060568039659924,13.93035042383417,15.215450069462548,-1.285099645628378,30.5,49.999999996666666,0.0,24.0,0.0,17.0,14.2,1,43649.0,43648.0,2.291055718475021e-05,0.016586863387477,-0.00011717464881398915,44420.0,44333.0,-0.0010580819450697646,0.0009022624230257167,0,0.002200942904964087,44412.057907399896,44344.3420926001,0.0015258801573699798,1,9822.372815533981,-406.72563723048097,44378.2,2.0847912785855875,0.9836065573685624,-0.0005405770660179554,0,0.9595999999999999,32711.0,3843.0,0.0,923.0,0.0,379.0,-544.0,0.0
2026-06-12 12:46:00,44373.0,44389.0,44372.0,44386.0,85,12:46:00,2026-06-12,4,0.000292970950803495,85,44275.42923927544,0.0024973391026206055,13.31396860494715,14.83515377655947,-1.52118517161232,29.857142857142858,53.15315314980115,35.13513513228635,13.0,3.0,1.0,14.6,0,43649.0,43648.0,2.291055718475021e-05,0.016884693807417882,0.0001273085949074608,44420.0,44338.0,-0.0007654209815398297,0.0010825928097793975,0,0.0024914350771130527,44409.995448729016,44350.70455127098,0.0013359718311828027,1,7843.679833679834,-1014.4549597084522,44380.35,1.5887932608112614,0.7623318385581853,0.000292970950803495,-1,0.9595999999999999,32711.0,3843.0,0.0,923.0,0.0,379.0,-544.0,0.0
2026-06-12 12:47:00,44387.0,44395.0,44349.0,44353.0,90,12:47:00,2026-06-12,4,-0.0007434776731402026,90,44275.52122337875,0.001749923535182097,10.046843606047332,13.877491742457043,-3.8306481364097102,31.428571428571427,46.456692910825225,18.571428570632648,34.0,8.0,4.0,15.6,1,43649.0,43648.0,2.291055718475021e-05,0.0161286627414141,-0.0006162637293306144,44420.0,44338.0,-0.0015083295812696644,0.0003383102530560617,0,0.001745790121557061,44409.995448729016,44350.70455127098,0.0013359718311828027,1,8547.687366167023,804.2458450734488,44380.35,0.8675763072794259,0.8200455580790884,-0.0007434776731402026,0,0.9595999999999999,32711.0,3843.0,0.0,923.0,0.0,379.0,-544.0,0.0
2026-06-12 12:48:00,44355.0,44359.0,44311.0,44322.0,222,12:48:00,2026-06-12,4,-0.0006989380650689325,222,44275.65953400442,0.001046635250232386,4.899701870665012,12.081933768098638,-7.182231897433626,33.5,40.780141841947085,16.883116882459092,33.0,4.0,11.0,21.0,1,43649.0,43648.0,2.291055718475021e-05,0.015418451740016602,-0.0012573854494815349,44420.0,44311.0,-0.0022062134173795093,0.00024824535668343644,0,0.0010442263022406844,44417.257372052496,44338.34262794751,0.0017782482255764038,1,16509.201342281878,6807.752721595689,44377.8,-0.09013434524027096,1.9883564710972828,-0.0006989380650689325,0,0.9595999999999999,32711.0,3843.0,0.0,923.0,0.0,379.0,-544.0,0.0
2026-06-12 12:49:00,44316.0,44329.0,44308.0,44327.0,109,12:49:00,2026-06-12,4,0.00011281079373670622,109,44275.71571016978,0.0011582938639755974,1.2100643073790707,9.907559875954725,-8.697495568575654,33.5,41.95804195598807,7.246376811279134,11.0,2.0,8.0,23.0,0,43649.0,43648.0,2.291055718475021e-05,0.015533001901532326,-0.001065932307664613,44420.0,44308.0,-0.0020936515083295345,0.00042881646655230595,0,0.0011557205371176022,44418.695827196294,44329.90417280371,0.0020009702551382247,1,7792.9725806451615,-64.64727539864809,44374.3,-1.3632159277688516,1.0092592592499143,0.00011281079373670622,0,0.9595999999999999,32711.0,3843.0,0.0,923.0,0.0,379.0,-544.0,0.0
2026-06-12 12:50:00,44328.0,44337.0,44319.0,44324.0,59,12:50:00,2026-06-12,4,-6.767884133818125e-05,59,44275.74960814605,0.0010897701852815845,-1.9337835192127386,7.539291196921233,-9.473074716133972,30.857142857142858,32.93650793467813,12.820512819526627,4.0,9.0,5.0,19.0,0,43649.0,43648.0,2.291055718475021e-05,0.01546427180462289,-0.0010592504113046573,44420.0,44308.0,-0.0021611886537595193,0.00036110860341246817,0,0.0010874307961044457,44420.04992085209,44321.95007914791,0.002210899950512327,1,4628.52389380531,-4585.057108984035,44371.0,-2.106788252007599,0.5761718749943733,-6.767884133818125e-05,1,0.9595999999999999,32711.0,3843.0,0.0,923.0,0.0,379.0,-544.0,0.0
2026-06-12 12:51:00,44324.0,44381.0,44323.0,44367.0,212,12:51:00,2026-06-12,4,0.0009701290497248216,212,44275.94338136861,0.002056570942985324,-0.9446753090596758,5.842497895725051,-6.787173204784727,31.071428571428573,50.3999999971776,94.1176470532872,43.0,14.0,1.0,25.0,1,43649.0,43648.0,2.291055718475021e-05,0.01644940319365813,-8.338836213981314e-05,44420.0,44308.0,-0.0011931562359297346,0.0013315879750834764,0,0.002052178997207303,44419.77180559157,44321.628194408426,0.0022119013489338784,1,13592.202312138728,-1766.8928797133237,44370.7,-1.5998990486247222,2.0075757575567463,0.0009701290497248216,0,0.9595999999999999,32711.0,3843.0,0.0,923.0,0.0,379.0,-544.0,0.0
2026-06-12 12:52:00,44364.0,44370.0,44356.0,44358.0,69,12:52:00,2026-06-12,4,-0.0002028534721753017,69,44276.00961084508,0.0018518016839266741,-0.8769161665259162,4.498615083274858,-5.375531249800774,29.571428571428573,43.1623931598108,78.18181817755372,6.0,6.0,2.0,19.4,0,43649.0,43648.0,2.291055718475021e-05,0.01624321290292982,-0.0002704530087897167,44420.0,44308.0,-0.0013957676722196894,0.001128464385663963,0,0.0018478789532322861,44419.392093963725,44320.607906036275,0.0022263734038189546,1,4561.403874813711,-4146.77284231368,44370.0,-0.9690293706048119,0.6621880998017065,-0.0002028534721753017,1,0.9595999999999999,32711.0,3843.0,0.0,923.0,0.0,379.0,-544.0,0.0
2026-06-12 12:53:00,44357.0,44366.0,44330.0,44366.0,65,12:53:00,2026-06-12,4,0.00018035078227152113,65,44276.06655284352,0.0020311977589324054,-0.17565853444102686,3.563760359731681,-3.739418894172708,29.857142857142858,47.807017540924136,84.99999999575,9.0,0.0,27.0,14.6,0,43649.0,43648.0,2.291055718475021e-05,0.016426493161354982,-8.45170414527897e-05,44420.0,44308.0,-0.0012156686177397296,0.0013090186873701971,0,0.002026909035017727,44419.17138892184,44320.32861107816,0.0022277064406193902,1,5610.486381322958,2121.545680755542,44369.75,-0.28171553492145773,0.6295399515677527,0.00018035078227152113,-1,0.9595999999999999,32711.0,3843.0,0.0,923.0,0.0,379.0,-544.0,0.0
2026-06-12 12:54:00,44361.0,44375.0,44352.0,44375.0,47,12:54:00,2026-06-12,4,0.00020285804444841737,47,44276.1147098667,0.002233377765444782,1.0937103628893965,3.0697503603632246,-1.976039997473828,30.142857142857142,53.15315314980115,65.38461537707101,14.0,0.0,9.0,15.2,0,43649.0,43648.0,2.291055718475021e-05,0.016632683452083286,0.00011719683207940925,44420.0,44308.0,-0.0010130571814497746,0.0015121422767897105,0,0.0022286620659389706,44419.24151248342,44320.35848751658,0.0022286110139517596,1,4614.2146017699115,-6605.248733202628,44369.8,-0.20283655655515448,0.46259842519229727,0.00020285804444841737,-1,0.9595999999999999,32711.0,3843.0,0.0,923.0,0.0,379.0,-544.0,0.0
2026-06-12 12:55:00,44373.0,44400.0,44365.0,44390.0,122,12:55:00,2026-06-12,4,0.00033802816901418176,122,44276.26364037251,0.0025687885624517135,3.2723474150625407,3.110269771303088,0.16207764375945288,30.642857142857142,53.36322869620141,99.999999990625,17.0,10.0,8.0,17.8,0,43649.0,43648.0,2.291055718475021e-05,0.016976333936630464,0.00043609908802323406,44420.0,44308.0,-0.0006753714542998498,0.0018506815924888994,0,0.002563324170988831,44420.901053917376,44320.39894608263,0.002265058272410857,1,10515.68932038835,13053.624737006683,44370.65,0.14649537976142782,1.1725132147893078,0.00033802816901418176,0,0.9595999999999999,32711.0,3843.0,0.0,923.0,0.0,379.0,-544.0,0.0
2026-06-12 12:56:00,44390.0,44403.0,44382.0,44396.0,103,12:56:00,2026-06-12,4,0.00013516557783277428,103,44276.39905635375,0.002701234657633761,5.420597556621942,3.572335328366859,1.8482622282550834,29.642857142857142,48.768472903040596,99.99999999,6.0,7.0,8.0,10.4,0,43649.0,43648.0,2.291055718475021e-05,0.017113794130449334,0.0005871090681869672,44420.0,44308.0,-0.0005402971634398798,0.001986097318768575,0,0.0026955392928377318,44418.24503623633,44321.65496376366,0.0021769254297709355,1,11263.024630541871,10074.952268017163,44369.95,0.045075755440832914,0.9894332372623493,0.00013516557783277428,0,0.9595999999999999,32711.0,3843.0,0.0,923.0,0.0,379.0,-544.0,0.0
2026-06-12 12:57:00,44395.0,44412.0,44389.0,44403.0,104,12:57:00,2026-06-12,4,0.00015767186232995556,104,44276.544388890754,0.0028560406611355085,7.600330886256415,4.37793443994477,3.2223964463116452,30.0,51.45631067611462,99.99999998928571,8.0,9.0,6.0,10.8,0,43649.0,43648.0,2.291055718475021e-05,0.017274164356571347,0.0007020216646364927,44412.0,44308.0,-0.00020264793299107895,0.00214408233276153,0,0.0028499062155227526,44422.268355041306,44321.43164495869,0.002272537883424112,0,10471.455782312925,12693.907167421958,44371.85,0.46202597262003303,1.0246305418618262,0.00015767186232995556,0,0.9595999999999999,32711.0,3843.0,0.0,923.0,0.0,379.0,-544.0,0.0
2026-06-12 12:58:00,44400.0,44419.0,44388.0,44390.0,116,12:58:00,2026-06-12,4,-0.0002927730108326365,116,44276.7030686223,0.002558838475441666,8.18444867002836,5.139237285961489,3.045211384066871,30.857142857142858,48.401826480924086,49.99999999423077,10.0,19.0,2.0,11.0,0,43649.0,43648.0,2.291055718475021e-05,0.016976333936630464,0.00040904312080747247,44419.0,44308.0,-0.000652873770233444,0.0018506815924888994,0,0.002553351536564214,44422.268355041306,44321.43164495869,0.002272537883424112,0,10465.934959349594,-47.31440757030571,44371.85,0.27044904683548465,1.1180722891458499,-0.0002927730108326365,0,0.9595999999999999,32711.0,3843.0,0.0,923.0,0.0,379.0,-544.0,0.0
2026-06-12 12:59:00,44394.0,44394.0,44347.0,44350.0,122,12:59:00,2026-06-12,4,-0.0009011038522189763,122,44276.82142472009,0.001652751325077135,5.3579375471163075,5.182977338192453,0.17496020892385467,31.285714285714285,45.106382976036215,11.66666666608333,44.0,0.0,3.0,17.0,1,43649.0,43648.0,2.291055718475021e-05,0.01605993264450466,-0.00046314503651639314,44419.0,44308.0,-0.0015533893153830219,0.000947910083957729,0,0.0016492600447799229,44421.85086691395,44319.24913308606,0.002312383637973575,0,9542.68077601411,-1527.4261674459246,44370.55,0.1352266567814074,1.1531190926167,-0.0009011038522189763,0,0.9595999999999999,32711.0,3843.0,0.0,923.0,0.0,379.0,-544.0,0.0
2026-06-12 13:00:00,44345.0,44365.0,44344.0,44344.0,72,13:00:00,2026-06-12,4,-0.00013528748590752038,72,44276.88095742349,0.0015158936475459708,2.6037429346106364,4.667130457476089,-2.063387522865453,31.571428571428573,40.78947368170591,0.0,1.0,20.0,0.0,13.8,0,43649.0,43648.0,2.291055718475021e-05,0.01592247245068579,-0.0005792241101471615,44419.0,44308.0,-0.0016884666471554586,0.0008124943576780534,0,0.0015127224790004764,44422.21606269379,44317.1839373062,0.0023672038663228694,0,6175.566731141199,-4102.475472825665,44369.7,-0.48454143787141063,0.6818181818117253,-0.00013528748590752038,1,0.9595999999999999,32711.0,3843.0,0.0,923.0,0.0,379.0,-544.0,0.0
2026-06-12 13:01:00,44344.0,44374.0,44327.0,44373.0,203,13:01:00,2026-06-12,4,0.0006539779902579035,203,44277.06409686078,0.0021667178051677297,2.729616181968595,4.279627602374591,-1.5500114204059958,31.642857142857142,54.46428571088169,38.66666666512,29.0,1.0,17.0,18.4,1,43649.0,43648.0,2.291055718475021e-05,0.016586863387477,7.662904330896332e-05,44419.0,44308.0,-0.0010355928769220147,0.001467003701363152,0,0.0021621989636873237,44422.08117455777,44317.11882544223,0.0023656365871122086,0,14599.22042139384,3949.274936351325,44369.6,-0.507078248934854,1.84881602912706,0.0006539779902579035,0,0.9595999999999999,32711.0,3843.0,0.0,923.0,0.0,379.0,-544.0,0.0
2026-06-12 13:02:00,44371.0,44404.0,44366.0,44387.0,215,13:02:00,2026-06-12,4,0.00031550717778827675,215,44277.323159253385,0.002477043166140266,3.9139372027566424,4.206489522451001,-0.2925523196943587,30.928571428571427,65.70048308734393,87.75510203544357,16.0,17.0,5.0,20.0,0,43649.0,43648.0,2.291055718475021e-05,0.01690760383972103,0.00040794340179716284,44419.0,44308.0,-0.0007204124361196623,0.0017829737293490616,0,0.002471930580803507,44419.97229137331,44317.82770862669,0.0023021662188294255,0,13108.798076923076,3737.0183333309637,44368.9,-0.37186827749519785,1.8638925010674998,0.00031550717778827675,0,0.9595999999999999,32711.0,3843.0,0.0,923.0,0.0,379.0,-544.0,0.0
2026-06-12 13:03:00,44382.0,44386.0,44330.0,44335.0,188,13:03:00,2026-06-12,4,-0.001171514182080391,188,44277.475130740306,0.0012991903691399838,0.6490726212941809,3.495006142219637,-2.845933520925456,33.5,51.574803146763585,45.26315789330748,47.0,4.0,5.0,27.4,1,43649.0,43648.0,2.291055718475021e-05,0.015716282159957486,-0.0006942284372197102,44419.0,44308.0,-0.0018910826448141137,0.00060937076825854,0,0.0012966038989422697,44417.21615554843,44314.38384445158,0.002317828397027581,0,10418.725,6870.880768662178,44365.8,-0.8789782216229046,1.5653621981551593,-0.001171514182080391,0,0.9595999999999999,32711.0,3843.0,0.0,923.0,0.0,379.0,-544.0,0.0
2026-06-12 13:04:00,44335.0,44346.0,44312.0,44314.0,141,13:04:00,2026-06-12,4,-0.00047366640351864664,141,44277.54764905299,0.000823269419434252,-3.5914802288170904,2.0777088680122917,-5.669189096829382,34.642857142857146,48.16176470340344,16.09195402243361,21.0,11.0,2.0,22.8,0,43649.0,43648.0,2.291055718475021e-05,0.01523517148159144,-0.0010741259624022187,44419.0,44308.0,-0.002363853306017642,0.00013541572627967556,0,0.0008217086367844363,44415.7892940168,44307.5107059832,0.0024408151643051817,0,7629.150183150183,-4774.275637368724,44361.65,-1.7917673361934952,1.147274206662756,-0.00047366640351864664,0,0.9595999999999999,32711.0,3843.0,0.0,923.0,0.0,379.0,-544.0,0.0
2026-06-12 13:05:00,44314.0,44324.0,44302.0,44311.0,156,13:05:00,2026-06-12,4,-6.769869567180287e-05,156,44277.607534357434,0.0007541614712731325,-7.112238385132514,0.23971941738333058,-7.3519578025158445,32.07142857142857,37.93103448046967,0.0,3.0,10.0,9.0,23.2,0,43649.0,43648.0,2.291055718475021e-05,0.015166441384682006,-0.001071946670934957,44419.0,44302.0,-0.0024313919719038605,0.00020315109927316593,0,0.000752785328703606,44416.890109871274,44300.20989012873,0.0026303884987795953,0,7655.056478405316,-4160.36738571678,44358.55,-2.3327150323759533,1.247999999990016,-6.769869567180287e-05,0,0.9595999999999999,32711.0,3843.0,0.0,923.0,0.0,379.0,-544.0,0.0
2026-06-12 13:06:00,44310.0,44316.0,44260.0,44262.0,240,13:06:00,2026-06-12,4,-0.0011058202252262062,240,44277.61209312906,-0.00035259564350985725,-13.698447899216262,-2.5479140459365883,-11.150533853279674,35.07142857142857,32.352941174805366,0.0,48.0,6.0,2.0,27.0,1,43649.0,43648.0,2.291055718475021e-05,0.0140438498018279,-0.0020370961177930036,44419.0,44260.0,-0.0035345235147120936,4.5187528242204135e-05,0,-0.00035200148648395583,44423.38231287531,44281.31768712469,0.003203091284917547,0,11300.936170212766,846.7554045363188,44352.35,-3.0316144417556687,1.8079096045061553,-0.0011058202252262062,0,0.9595999999999999,32711.0,3843.0,0.0,923.0,0.0,379.0,-544.0,0.0
2026-06-12 13:07:00,44261.0,44282.0,44244.0,44248.0,187,13:07:00,2026-06-12,4,-0.00031629840495228656,187,44277.57181038996,-0.0006678733539544203,-19.819285006837163,-6.0021882381167035,-13.817096768720459,35.214285714285715,28.776978415816984,0.0,13.0,21.0,4.0,26.4,0,43649.0,43648.0,2.291055718475021e-05,0.01372310934958387,-0.002234644429962643,44419.0,44244.0,-0.0038497039555144457,9.0407738902448e-05,0,-0.0006668262499681567,44432.081484043905,44262.11851595609,0.003832561048812877,0,9072.780701754386,1892.2559969950776,44347.1,-3.2798599691406674,1.3590116278971003,-0.00031629840495228656,0,0.9595999999999999,32711.0,3843.0,0.0,923.0,0.0,379.0,-544.0,0.0
2026-06-12 13:08:00,44244.0,44269.0,44234.0,44243.0,132,13:08:00,2026-06-12,4,-0.00011299945760256946,132,44277.52996252628,-0.0007798529537555737,-24.787812256327015,-9.759313041758766,-15.02849921456825,36.07142857142857,25.912408757800094,0.0,1.0,25.0,9.0,17.2,0,43649.0,43648.0,2.291055718475021e-05,0.013608559188068144,-0.0022585224549902115,44419.0,44234.0,-0.003962268398658143,0.00020346339919518464,0,-0.0007786989089921901,44439.61220966502,44246.68779033498,0.004350715258840109,0,6822.518691588785,-1087.5658320289272,44343.15,-3.4717095125971102,0.9917355371826317,-0.00011299945760256946,0,0.9595999999999999,32711.0,3843.0,0.0,923.0,0.0,379.0,-544.0,0.0
2026-06-12 13:09:00,44244.0,44250.0,44226.0,44235.0,191,13:09:00,2026-06-12,4,-0.00018081956467685956,191,44277.445234915984,-0.0009586197823923146,-29.036227483062248,-13.614695930019462,-15.421531553042787,35.285714285714285,20.973782770435832,0.0,9.0,6.0,9.0,14.8,0,43649.0,43648.0,2.291055718475021e-05,0.013425278929642985,-0.0023354394764826675,44419.0,44226.0,-0.004142371507688059,0.0002035002035001989,0,-0.0009572986693516768,44446.361677908535,44230.73832209147,0.004863112479254721,0,9325.480132450331,-1748.0463636007264,44338.55,-3.1114473077515927,1.3921282798732355,-0.00018081956467685956,0,0.9595999999999999,32711.0,3843.0,0.0,923.0,0.0,379.0,-544.0,0.0
2026-06-12 13:10:00,44231.0,44240.0,44189.0,44214.0,287,13:10:00,2026-06-12,4,-0.00047473719905055667,287,44277.247607825164,-0.0014284448840488591,-33.70907442727912,-17.633571629471394,-16.075502797807726,37.42857142857143,17.730496453020464,0.0,17.0,9.0,25.0,17.6,0,43649.0,43648.0,2.291055718475021e-05,0.01294416825127694,-0.002685355507911146,44419.0,44189.0,-0.0046151421688915865,0.0005657516576523441,0,-0.001426646888160468,44454.36468431434,44211.73531568566,0.0054728778784377645,0,12236.661523625844,3487.222854686287,44333.05,-3.168189126232749,1.9313593539573934,-0.00047473719905055667,0,0.9595999999999999,32711.0,3843.0,0.0,923.0,0.0,379.0,-544.0,0.0
2026-06-12 13:11:00,44216.0,44236.0,44207.0,44220.0,134,13:11:00,2026-06-12,4,0.00013570362328674257,134,44277.16549184525,-0.0012910829139632914,-36.50735537300352,-21.40832837817782,-15.0990269948257,37.857142857142854,17.437722419060037,17.14285714138775,4.0,16.0,9.0,8.8,0,43649.0,43648.0,2.291055718475021e-05,0.013081628445095809,-0.0023846211114544095,44419.0,44189.0,-0.004480064837119151,0.0007015320554889068,0,-0.0012896692403108459,44455.845020321525,44195.55497967847,0.005872215004907998,0,6364.640171858217,-671.1282745110955,44325.7,-3.9352188556754233,0.9260539046238698,0.00013570362328674257,0,0.9595999999999999,32711.0,3843.0,0.0,923.0,0.0,379.0,-544.0,0.0
2026-06-12 13:12:00,44226.0,44237.0,44207.0,44223.0,174,13:12:00,2026-06-12,4,6.784260515613205e-05,174,44277.06174356521,-0.0012209876047853357,-38.04438625215698,-24.735539952973657,-13.308846299183326,37.785714285714285,19.188191880927548,29.999999997000003,3.0,11.0,16.0,6.8,0,43649.0,43648.0,2.291055718475021e-05,0.013150358542005244,-0.002164988114564874,44419.0,44189.0,-0.004412526171232932,0.0007694222544071881,0,-0.0012198335828174655,44455.86868504511,44182.03131495488,0.0061787874056182315,0,8382.137254901962,-1011.5756659710992,44318.95,-4.420532471180456,1.1603867955907945,6.784260515613205e-05,0,0.9595999999999999,32711.0,3843.0,0.0,923.0,0.0,379.0,-544.0,0.0
2026-06-12 13:13:00,44218.0,44275.0,44206.0,44258.0,218,13:13:00,2026-06-12,4,0.0007914433665738851,218,44276.98907198675,-0.0004288699928505474,-36.02303567312629,-26.993039097004186,-9.029996576122102,39.357142857142854,32.70676691557183,99.99999999318182,40.0,17.0,12.0,14.6,1,43649.0,43648.0,2.291055718475021e-05,0.01395220967261532,-0.0012535669112495311,44419.0,44189.0,-0.0036245750692270513,0.0015614745751204699,0,-0.00042851615333790047,44451.172634302544,44175.92736569746,0.006211311632786715,0,9609.804780876493,-2146.710307936169,44313.55,-4.398524351471419,1.3832487309556902,0.0007914433665738851,0,0.9595999999999999,32711.0,3843.0,0.0,923.0,0.0,379.0,-544.0,0.0
2026-06-12 13:14:00,44256.0,44263.0,44222.0,44227.0,115,13:14:00,2026-06-12,4,-0.0007004383388313773,115,44276.93966021627,-0.0011278932238656416,-36.501771992428985,-28.894785676089146,-7.606986316339839,40.785714285714285,29.896907215056515,55.07246376572148,29.0,7.0,5.0,18.6,1,43649.0,43648.0,2.291055718475021e-05,0.013241998671217824,-0.0017864337117984674,44419.0,44189.0,-0.004322474616717974,0.0008599425196315631,0,-0.0011271496218079387,44445.76190568575,44166.53809431425,0.0063021456698786294,0,5480.716594827586,-1388.8036922165254,44306.15,-4.4105338437961805,0.7142857142812777,-0.0007004383388313773,1,0.9595999999999999,32711.0,3843.0,0.0,923.0,0.0,379.0,-544.0,0.0
2026-06-12 13:15:00,44226.0,44263.0,44225.0,44245.0,118,13:15:00,2026-06-12,4,0.00040699120446796577,118,44276.898025508955,-0.0007204214145845888,-35.02497825976752,-30.120824192824823,-4.904154066942699,40.142857142857146,27.142857141500002,63.095238092984694,19.0,18.0,1.0,19.0,0,43649.0,43648.0,2.291055718475021e-05,0.013654379252674435,-0.0012167345013081644,44419.0,44189.0,-0.003917242621400664,0.0012672837131412508,0,-0.000720063602232894,44435.198279707794,44162.60172029221,0.006153574003317911,0,6878.66930171278,-1793.6570441028482,44298.9,-4.524024147683019,0.7338308457665806,0.00040699120446796577,-1,0.9595999999999999,32711.0,3843.0,0.0,923.0,0.0,379.0,-544.0,0.0
2026-06-12 13:16:00,44243.0,44249.0,44222.0,44239.0,146,13:16:00,2026-06-12,4,-0.00013560854333827255,146,44276.83456499348,-0.0008545002226376489,-33.94743356027902,-30.886146066315664,-3.061287493963359,39.357142857142854,22.794117645885592,32.727272725487595,4.0,6.0,17.0,19.0,0,43649.0,43648.0,2.291055718475021e-05,0.013516919058855565,-0.0011751809902904027,44419.0,44189.0,-0.004052319953173101,0.0011315033153046882,0,-0.0008542259664983619,44421.771842087175,44160.32815791283,0.005902855863077047,0,8377.294422827497,-1282.555042639046,44291.05,-5.077453735934043,0.8959803620687575,-0.00013560854333827255,0,0.9595999999999999,32711.0,3843.0,0.0,923.0,0.0,379.0,-544.0,0.0
2026-06-12 13:17:00,44235.0,44260.0,44231.0,44231.0,160,13:17:00,2026-06-12,4,-0.00018083591401252264,160,44276.772151398145,-0.001033773447658575,-33.35451468107931,-31.379819789268396,-1.9746948918109126,37.357142857142854,27.19298245447061,56.24999999472656,4.0,25.0,0.0,19.2,0,43649.0,43648.0,2.291055718475021e-05,0.013333638800430404,-0.0011618598338618558,44419.0,44189.0,-0.004232423062203016,0.0009504627848559382,0,-0.0010336408983275325,44404.505164399336,44160.39483560066,0.005512575044937026,0,9348.692206076617,7057.426787766082,44282.45,-5.349144531854915,0.9653092005974945,-0.00018083591401252264,0,0.9595999999999999,32711.0,3843.0,0.0,923.0,0.0,379.0,-544.0,0.0
2026-06-12 13:18:00,44232.0,44253.0,44209.0,44216.0,172,13:18:00,2026-06-12,4,-0.00033912866541563336,172,44276.67813901748,-0.001370431151744602,-33.70644986483239,-31.845145804381197,-1.8613040604511966,38.07142857142857,27.927927926166703,0.0,16.0,21.0,7.0,14.4,1,43649.0,43648.0,2.291055718475021e-05,0.012989988315883228,-0.0013043846523052305,44404.0,44189.0,-0.004233852806053414,0.0006110117902645317,0,-0.0013705217881358315,44388.08814116453,44159.41185883547,0.005165053385562724,0,10696.416315049226,5550.124371273135,44273.75,-5.677341875306487,1.0204687036427145,-0.00033912866541563336,0,0.9595999999999999,32711.0,3843.0,0.0,923.0,0.0,379.0,-544.0,0.0
2026-06-12 13:19:00,44218.0,44256.0,44217.0,44235.0,139,13:19:00,2026-06-12,4,0.00042970870273206785,139,44276.61735946139,-0.0009399399037987359,-32.08239395619603,-31.892595434744166,-0.1897985214518627,39.357142857142854,34.03361344337618,45.23809523486394,17.0,21.0,1.0,12.0,1,43649.0,43648.0,2.291055718475021e-05,0.013425278929642985,-0.0007454594741122088,44404.0,44189.0,-0.0038059634267182283,0.0010409830500803133,0,-0.0009401228756976953,44377.66360044151,44158.33639955849,0.004954531509962491,0,8365.530612244898,-14.042493899394938,44268.0,-5.204211686108798,0.8205430932655222,0.00042970870273206785,0,0.9595999999999999,32711.0,3843.0,0.0,923.0,0.0,379.0,-544.0,0.0
2026-06-12 13:20:00,44232.0,44238.0,44219.0,44220.0,132,13:20:00,2026-06-12,4,-0.0003390979993218579,132,44276.54516732682,-0.0012770907737522257,-31.64095535022352,-31.84226741784004,0.2013120676165201,36.714285714285715,39.70588235021626,38.77551020170762,12.0,6.0,1.0,10.6,1,43649.0,43648.0,2.291055718475021e-05,0.013081628445095809,-0.0009443809334460407,44404.0,44189.0,-0.004143770831456533,0.0007015320554889068,0,-0.0012775162177502217,44367.31447892015,44156.28552107986,0.004767744597831161,0,7793.110814419226,-1663.9561527614194,44261.8,-4.663246952233713,0.7656612528957909,-0.0003390979993218579,1,0.9595999999999999,32711.0,3843.0,0.0,923.0,0.0,379.0,-544.0,0.0
2026-06-12 13:21:00,44223.0,44255.0,44218.0,44249.0,126,13:21:00,2026-06-12,4,0.0006558118498416476,126,44276.496707293976,-0.0006210226494601112,-28.621127891405195,-31.198039512553073,2.576911621147879,36.642857142857146,50.22831049907216,76.19047618684807,26.0,6.0,5.0,15.0,1,43649.0,43648.0,2.291055718475021e-05,0.013746019381887015,-0.0001491336689593723,44404.0,44189.0,-0.0034906765156291443,0.001357803978365626,0,-0.000621315885311138,44347.26621370749,44163.93378629251,0.004142581445398414,1,7647.975308641975,-2849.9648074825536,44255.6,-4.099494621531146,0.7475526549940815,0.0006558118498416476,-1,0.9595999999999999,32711.0,3843.0,0.0,923.0,0.0,379.0,-544.0,0.0
2026-06-12 13:22:00,44244.0,44248.0,44196.0,44206.0,192,13:22:00,2026-06-12,4,-0.0009717733734095901,192,44276.37382014499,-0.0015894214921676412,-29.35919893773098,-30.830271397588657,1.4710724598576768,37.92857142857143,42.801556417901864,33.33333333218391,38.0,4.0,10.0,21.8,1,43649.0,43648.0,2.291055718475021e-05,0.012760887992851778,-0.0009164556332641074,44386.0,44189.0,-0.004055332762582705,0.00038471112720359405,0,-0.0015904928213609224,44316.841049057206,44176.2589509428,0.0031772442849081553,1,11153.156373193167,3332.2760864301076,44246.55,-4.845486581728808,1.1469534050110697,-0.0009717733734095901,0,0.9595999999999999,32711.0,3843.0,0.0,923.0,0.0,379.0,-544.0,0.0
2026-06-12 13:23:00,44204.0,44224.0,44200.0,44207.0,116,13:23:00,2026-06-12,4,2.262136361586009e-05,116,44276.29197072493,-0.0015649903738719766,-29.523109883564757,-30.56883909478388,1.0457292112191219,37.92857142857143,44.399999997513596,41.095890409270034,3.0,17.0,4.0,19.2,0,43649.0,43648.0,2.291055718475021e-05,0.012783798025154924,-0.0007493193400112953,44346.0,44189.0,-0.003134442790781511,0.0004073411935096878,0,-0.0015662688920568667,44298.89216631918,44181.40783368082,0.002655604301485268,1,7273.775886524822,-666.4025961667354,44240.15,-4.891351006963443,0.7081807081763847,2.262136361586009e-05,-1,0.9595999999999999,32711.0,3843.0,0.0,923.0,0.0,379.0,-544.0,0.0
2026-06-12 13:24:00,44209.0,44210.0,44193.0,44199.0,132,13:24:00,2026-06-12,4,-0.00018096681521029279,132,44276.18546416721,-0.001743272672612579,-29.953261081769597,-30.445723492181024,0.49246241041142724,35.5,46.83544303520804,1.9230769229659757,10.0,1.0,6.0,17.8,0,43649.0,43648.0,2.291055718475021e-05,0.012600517766729763,-0.0008002821333622849,44324.0,44189.0,-0.0028201425864091056,0.00022630066306093767,0,-0.0017449194330025725,44284.597085244284,44184.20291475572,0.002269594941687088,1,8358.550143266475,929.1018942249624,44234.4,-4.790354215059132,0.8080808080758612,-0.00018096681521029279,0,0.9595999999999999,32711.0,3843.0,0.0,923.0,0.0,379.0,-544.0,0.0
2026-06-12 13:25:00,44199.0,44207.0,44173.0,44177.0,232,13:25:00,2026-06-12,4,-0.0004977488178465883,232,44275.96195858477,-0.002235117074979291,-31.70391217915312,-30.697361229575446,-1.0065509495776759,35.857142857142854,41.50197628228843,3.225806451300741,22.0,8.0,4.0,19.8,1,43649.0,43648.0,2.291055718475021e-05,0.012096497056060572,-0.0011463404156217924,44316.0,44173.0,-0.0031365646719017258,9.055305276978946e-05,0,-0.002237556069720251,44269.99769184524,44185.40230815476,0.0019127240098508187,1,12843.438596491229,1515.5191649250864,44227.7,-4.260219158331173,1.3879748728603771,-0.0004977488178465883,0,0.9595999999999999,32711.0,3843.0,0.0,923.0,0.0,379.0,-544.0,0.0
2026-06-12 13:26:00,44173.0,44211.0,44140.0,44211.0,541,13:26:00,2026-06-12,4,0.0007696312560834251,541,44275.45457142857,-0.0014557630644895121,-30.001956062522368,-30.558280196164834,0.556324133642466,38.785714285714285,47.88732394130133,53.12499999750977,38.0,0.0,33.0,22.2,1,43649.0,43648.0,2.291055718475021e-05,0.012875438154367504,-0.0003199536915081381,44282.0,44140.0,-0.0016033602818300529,0.0016085183507022745,0,-0.0014574189443918005,44264.80787900293,44185.49212099707,0.0017934536797695347,1,19718.178895300905,17108.58734571436,44225.15,-3.390585248919816,2.9692645444403447,0.0007696312560834251,0,0.9595999999999999,32711.0,3843.0,0.0,923.0,0.0,379.0,-544.0,0.0
2026-06-12 13:27:00,44213.0,44243.0,44200.0,44205.0,290,13:27:00,2026-06-12,4,-0.0001357128316482603,290,44275.27267644266,-0.0015871765930433345,-28.80524450604571,-30.207673058141012,1.4024285520953015,36.92857142857143,39.60784313508036,54.838709674765866,8.0,30.0,5.0,16.2,0,43649.0,43648.0,2.291055718475021e-05,0.012737977960548633,-0.00040702801709516755,44275.0,44140.0,-0.0015810276679841541,0.0014725872224739132,0,-0.0015890526749126224,44262.10041053302,44183.89958946698,0.001768329174095847,1,9778.37528604119,1698.6500271443663,44223.0,-2.5771797515059447,1.5479049906509321,-0.0001357128316482603,0,0.9595999999999999,32711.0,3843.0,0.0,923.0,0.0,379.0,-544.0,0.0
2026-06-12 13:28:00,44203.0,44228.0,44187.0,44217.0,136,13:28:00,2026-06-12,4,0.00027146250424170404,136,44275.18011573928,-0.0013140571215563028,-26.582120129824034,-29.482562472477618,2.9004423426535837,36.92857142857143,47.88135592936297,88.46153845643491,14.0,11.0,16.0,18.4,0,43649.0,43648.0,2.291055718475021e-05,0.013012898348186374,-0.00010628266213187154,44275.0,44140.0,-0.0013099943534725848,0.0017444494789306357,0,-0.0013156462944499015,44259.71440168447,44183.685598315526,0.001719264600161037,1,4518.040570999248,-6482.218887834635,44221.7,-1.3566158764756024,0.7251399626727532,0.00027146250424170404,-1,0.9595999999999999,32711.0,3843.0,0.0,923.0,0.0,379.0,-544.0,0.0
2026-06-12 13:29:00,44212.0,44252.0,44210.0,44240.0,213,13:29:00,2026-06-12,4,0.0005201619286698822,213,44275.08792048126,-0.000792498041884789,-22.702668038713455,-28.126583585724788,5.423915547011333,37.214285714285715,48.962655598815445,85.3658536522903,28.0,12.0,2.0,22.0,1,43649.0,43648.0,2.291055718475021e-05,0.013539829091158709,0.00040816834173984875,44275.0,44140.0,-0.0007905138339920771,0.0022655188038060202,0,-0.0007934503223231511,44260.39599765162,44183.504002348374,0.0017387744163982765,1,6673.597733711048,-6615.510099007443,44221.95,-0.7235701857437149,1.1290750066200421,0.0005201619286698822,0,0.9595999999999999,32711.0,3843.0,0.0,923.0,0.0,379.0,-544.0,0.0
2026-06-12 13:30:00,44242.0,44295.0,44231.0,44280.0,492,13:30:00,2026-06-12,4,0.0009041591320071429,492,44275.05488457369,0.00011169078026441383,-16.21360821759299,-25.743988512098433,9.530380294505441,39.857142857142854,57.454545451620504,99.999999996,38.0,15.0,11.0,25.2,1,43649.0,43648.0,2.291055718475021e-05,0.01445623038328451,0.0012379805654009592,44295.0,44140.0,-0.00033863867253639603,0.0031717263253284284,0,0.00011181656240061462,44271.384243460176,44179.115756539824,0.0020863304768282643,1,13029.76076555024,3325.077412553865,44225.25,0.5087850213689709,2.473604826533567,0.0009041591320071429,0,0.9595999999999999,32711.0,3843.0,0.0,923.0,0.0,379.0,-544.0,0.0
2026-06-12 13:31:00,44282.0,44353.0,44274.0,44293.0,806,13:31:00,2026-06-12,4,0.00029358626919595565,806,44275.31908914628,0.00039934011131845026,-9.907779489163659,-22.57674670751148,12.66896721834782,43.42857142857143,61.071428568375,99.99999999605264,11.0,60.0,8.0,19.8,0,43649.0,43648.0,2.291055718475021e-05,0.014754060803225395,0.001449278639079812,44353.0,44140.0,-0.0013527833517461875,0.003466243769823211,0,0.00039975922651749375,44283.97086342699,44173.82913657301,0.0024902660218539983,1,18430.644295302012,30793.445755237506,44228.9,1.6281599305328303,3.4666666666517565,0.00029358626919595565,0,0.9595999999999999,32711.0,3843.0,0.0,923.0,0.0,379.0,-544.0,0.0
2026-06-12 13:32:00,44290.0,44308.0,44282.0,44295.0,368,13:32:00,2026-06-12,4,4.5153861784053007e-05,368,44275.393905273486,0.00044282146350771315,-4.69486205818248,-19.00036977764568,14.3055077194632,42.142857142857146,64.79400748723927,99.99999999454545,5.0,13.0,8.0,19.2,0,43649.0,43648.0,2.291055718475021e-05,0.014799880867831686,0.0014129881874187214,44353.0,44140.0,-0.0013076905733546479,0.0035115541458993317,0,0.0004432508839996312,44294.875771263396,44170.124228736604,0.0028203592952419426,1,8089.60794044665,2121.809349674704,44232.5,2.385693077759554,1.519405450035015,4.5153861784053007e-05,0,0.9595999999999999,32711.0,3843.0,0.0,923.0,0.0,379.0,-544.0,0.0
2026-06-12 13:33:00,44292.0,44294.0,44256.0,44258.0,205,13:33:00,2026-06-12,4,-0.0008353087255897895,205,44275.38109816857,-0.0003925680081675452,-3.5087317397992592,-15.902042170076395,12.393310430277136,42.07142857142857,54.035087716643886,28.84615384448965,34.0,2.0,2.0,23.2,1,43649.0,43648.0,2.291055718475021e-05,0.01395220967261532,0.0005764991804668383,44353.0,44140.0,-0.00214190697359813,0.002673312188491104,0,-0.00039294858234481463,44294.875771263396,44170.124228736604,0.0028203592952419426,1,4353.594049904031,-6658.730633478227,44232.5,1.6393349952798457,0.8486855723417567,-0.0008353087255897895,0,0.9595999999999999,32711.0,3843.0,0.0,923.0,0.0,379.0,-544.0,0.0
2026-06-12 13:34:00,44256.0,44295.0,44244.0,44295.0,261,13:34:00,2026-06-12,4,0.0008360070495729843,261,44275.388125272,0.00044295206791881747,0.41212513916252647,-12.639208708228612,13.051333847391138,44.357142857142854,62.214983710517885,51.31578947165859,39.0,0.0,12.0,25.4,1,43649.0,43648.0,2.291055718475021e-05,0.014799880867831686,0.0013360189348469729,44353.0,44140.0,-0.0013076905733546479,0.0035115541458993317,0,0.0004433474785863402,44304.150004809504,44167.6499951905,0.0030857292294042184,1,5422.605534709193,-7057.831811071619,44235.9,1.5826755808984623,1.048824593124176,0.0008360070495729843,0,0.9595999999999999,32711.0,3843.0,0.0,923.0,0.0,379.0,-544.0,0.0
2026-06-12 13:35:00,44294.0,44300.0,44270.0,44300.0,189,13:35:00,2026-06-12,4,0.0001128795575120467,189,44275.41646145427,0.0005552412718044963,3.878185370376741,-9.335729892507542,13.213915262884283,43.857142857142854,59.01060070379452,53.16455696000641,6.0,0.0,24.0,19.0,0,43649.0,43648.0,2.291055718475021e-05,0.01491443102934741,0.0013867963873218816,44353.0,44140.0,-0.001194958627375799,0.0036248300860896327,0,0.0005557027293041628,44312.63513363241,44164.664866367595,0.0033448187787106834,0,4577.747402952433,-4341.199923837493,44238.65,1.3903803764203821,0.7488114104566213,0.0001128795575120467,-1,0.9595999999999999,32711.0,3843.0,0.0,923.0,0.0,379.0,-544.0,0.0
2026-06-12 13:36:00,44297.0,44299.0,44256.0,44274.0,286,13:36:00,2026-06-12,4,-0.0005869074492099724,286,44275.419144176405,-3.205264238795416e-05,4.475489706856024,-6.573485972634829,11.048975679490853,43.214285714285715,62.781954883913734,61.76470587962803,23.0,2.0,18.0,21.4,1,43649.0,43648.0,2.291055718475021e-05,0.01431877018946564,0.0007594868039167319,44353.0,44140.0,-0.0017811647464658134,0.0030357951971000676,0,-3.207801413199396e-05,44316.05684300408,44164.74315699592,0.0034202603504523976,0,9673.310924369747,12219.138517480707,44240.4,1.786017068897633,1.1025443330720797,-0.0005869074492099724,0,0.9595999999999999,32711.0,3843.0,0.0,923.0,0.0,379.0,-544.0,0.0
2026-06-12 13:37:00,44269.0,44279.0,44223.0,44235.0,309,13:37:00,2026-06-12,4,-0.0008808781677733801,309,44275.32538541295,-0.0009107868787393597,1.7813493470384856,-4.902518908700166,6.683868255738652,45.5,54.60526315538002,7.142857142551023,34.0,10.0,12.0,27.2,1,43649.0,43648.0,2.291055718475021e-05,0.013425278929642985,-0.00012658056174641436,44353.0,44140.0,-0.0026604739251008354,0.0021522428636157193,0,-0.0009115017746809447,44316.17331747645,44165.026682523545,0.00341646892114718,0,10934.892,10165.383467426464,44240.6,1.0624854473396246,1.157953906684812,-0.0008808781677733801,0,0.9595999999999999,32711.0,3843.0,0.0,923.0,0.0,379.0,-544.0,0.0
2026-06-12 13:38:00,44232.0,44241.0,44178.0,44184.0,385,13:38:00,2026-06-12,4,-0.0011529331976941615,385,44275.03469795476,-0.002056118048823673,-4.418120728005306,-4.805639272561194,0.3875185445558884,48.785714285714285,47.83861671276732,0.0,48.0,9.0,6.0,30.0,1,43649.0,43648.0,2.291055718475021e-05,0.012256867282182587,-0.0012432469088360669,44353.0,44140.0,-0.0038103397740850945,0.000996828273674649,0,-0.0020577928514378526,44318.04162793094,44159.95837206906,0.003573391257982375,0,11895.692307692309,15985.9080473076,44239.0,0.0791163383146965,1.3873873873823879,-0.0011529331976941615,0,0.9595999999999999,32711.0,3843.0,0.0,923.0,0.0,379.0,-544.0,0.0
2026-06-12 13:39:00,44183.0,44204.0,44155.0,44162.0,360,13:39:00,2026-06-12,4,-0.0004979177982979976,360,44274.66534075574,-0.002544690962396173,-10.979892203009513,-6.040489858650858,-4.939402344358655,49.857142857142854,47.83861671276732,0.0,21.0,21.0,7.0,26.4,0,43649.0,43648.0,2.291055718475021e-05,0.011752846571513398,-0.0016581760967189565,44353.0,44140.0,-0.00430636033639203,0.0004984141368373245,0,-0.002546952623992716,44321.584136595615,44149.11586340438,0.003898878909994579,0,10397.85480706344,749.0133299327398,44235.35,-1.1414905832684403,1.2476173973271614,-0.0004979177982979976,0,0.9595999999999999,32711.0,3843.0,0.0,923.0,0.0,379.0,-544.0,0.0
2026-06-12 13:40:00,44162.0,44164.0,44120.0,44141.0,443,13:40:00,2026-06-12,4,-0.00047552194194100394,443,44274.07166248501,-0.0030056341666394215,-17.670967948906764,-8.366585476702038,-9.304382472204725,47.92857142857143,39.52095808217577,0.0,21.0,2.0,21.0,29.4,0,43649.0,43648.0,2.291055718475021e-05,0.011271735893147353,-0.0020437969406349203,44353.0,44120.0,-0.004779834509503196,0.0004759746146872059,0,-0.00300853381274405,44327.29116637142,44135.508833628584,0.00433588655893392,0,10967.169377453729,29.517783489520575,44231.4,-2.079537800119594,1.4567576455065545,-0.00047552194194100394,0,0.9595999999999999,32711.0,3843.0,0.0,923.0,0.0,379.0,-544.0,0.0
2026-06-12 13:41:00,44145.0,44208.0,44130.0,44203.0,634,13:41:00,2026-06-12,4,0.0014045898371128906,634,44273.47662958772,-0.0015918476467831548,-17.766016263230995,-10.246471634007829,-7.519544629223166,50.42857142857143,49.74358974180407,59.04761904593197,58.0,5.0,15.0,36.4,1,43649.0,43648.0,2.291055718475021e-05,0.012692157895942344,-0.0005901092267307713,44353.0,44120.0,-0.0033819583793654687,0.0018812330009065758,0,-0.001593444804161021,44325.41942471558,44132.780575284414,0.004355477489507232,0,13150.962928202722,1055.2312450942404,44229.1,-2.2378444359053,1.9241274658515202,0.0014045898371128906,0,0.9595999999999999,32711.0,3843.0,0.0,923.0,0.0,379.0,-544.0,0.0
2026-06-12 13:42:00,44204.0,44268.0,44191.0,44265.0,534,13:42:00,2026-06-12,4,0.0014026197316923117,534,44273.305686959924,-0.00018760033458197804,-12.69215364610136,-10.735608036426536,-1.9565456096748246,53.0,55.45454545278099,85.51724137754103,61.0,3.0,13.0,41.8,1,43649.0,43648.0,2.291055718475021e-05,0.014112579898737335,0.0007449349510139445,44353.0,44120.0,-0.0019840822492277416,0.0032864913871259458,0,-0.00018777531133926356,44329.002457142495,44135.09754285751,0.004383810252633083,0,10032.898981324279,-350.9914617111609,44232.05,-0.746009695864424,1.540680900168665,0.0014026197316923117,0,0.9595999999999999,32711.0,3843.0,0.0,923.0,0.0,379.0,-544.0,0.0
2026-06-12 13:43:00,44264.0,44280.0,44253.0,44275.0,665,13:43:00,2026-06-12,4,0.00022591212018530094,665,44273.27955202026,3.885973655317218e-05,-7.77454443158058,-10.143395315457346,2.3688508838767657,51.92857142857143,54.09836065396398,99.9999999977612,11.0,5.0,11.0,34.4,0,43649.0,43648.0,2.291055718475021e-05,0.014341680221768785,0.0008940792961301857,44353.0,44120.0,-0.0017586183572700436,0.0035131459655484247,0,3.8892968868553447e-05,44333.467130611636,44137.43286938836,0.004431609969453766,0,11169.527693474962,184.51280276316373,44235.45,0.915639116102053,1.7778371875370196,0.00022591212018530094,0,0.9595999999999999,32711.0,3843.0,0.0,923.0,0.0,379.0,-544.0,0.0
2026-06-12 13:44:00,44276.0,44305.0,44254.0,44255.0,930,13:44:00,2026-06-12,4,-0.00045172219085265475,930,44273.26180812893,-0.00041247939237175135,-5.428559497908282,-9.200428151947534,3.7718686540392525,51.0,46.92874692713267,78.2608695626654,21.0,29.0,1.0,34.4,0,43649.0,43648.0,2.291055718475021e-05,0.013883479575705885,0.00037863161404439876,44353.0,44120.0,-0.0022095461411854394,0.003059836808703467,0,-0.0004128058440135513,44335.07512722307,44141.42487277693,0.004377439307525403,0,12837.538989394885,-238.32774871236816,44238.25,2.0687737258957237,2.246648145905915,-0.00045172219085265475,0,0.9595999999999999,32711.0,3843.0,0.0,923.0,0.0,379.0,-544.0,0.0
2026-06-12 13:45:00,44254.0,44265.0,44188.0,44188.0,1133,13:45:00,2026-06-12,4,-0.0015139532256241983,1133,44272.607145050206,-0.0019110495294077858,-8.87340253280854,-9.135023028119736,0.26162049531119536,50.857142857142854,38.611713664771,10.309278350196635,66.0,11.0,0.0,43.4,1,43649.0,43648.0,2.291055718475021e-05,0.012348507411395168,-0.0011483132453864427,44353.0,44120.0,-0.0037201542173020156,0.0015412511332728574,0,-0.0019125099471550757,44334.27576159025,44143.324238409754,0.004316381167221844,0,12850.360369609856,2808.2226219262607,44238.8,1.5260427676311634,2.468409586051267,-0.0015139532256241983,0,0.9595999999999999,32711.0,3843.0,0.0,923.0,0.0,379.0,-544.0,0.0
