date,Open,High,Low,Close,Volume,time,date_only,day_of_week,ret,mock_volume,vwap,vwap_bias,macd,signal,macd_hist,atr,rsi,rsi_fast,body_length,upper_shadow,lower_shadow,body_avg_5,momentum_explosion,daily_open,yesterday_close,gap_amplitude,intraday_trend,dist_from_ma20,recent_high_20,recent_low_20,pullback_from_high,bounce_from_low,gap_filled,spot_futures_proxy,bb_upper,bb_lower,bb_width,is_squeeze,vwap_5,slope_vwap,ma_20,slope_ma20,vol_surge_ratio,price_roc,pv_divergence,pc_ratio,foreign_net_oi,dealer_net_oi,foreign_net_oi_zscore,foreign_net_oi_momentum,dealer_net_oi_zscore,dealer_net_oi_momentum,dealer_relative_momentum,dealer_extreme_score
2026-06-15 08:46:00,45750.0,45777.0,45661.0,45719.0,1768,08:46:00,2026-06-15,0,0.02270490336435227,1768,45719.0,0.0,81.44439349399909,15.95452058011181,65.48987291388728,86.92857142857143,95.8818263192996,99.90262901626124,31.0,27.0,58.0,9.2,1,45750.0,44704.0,0.023398353614888526,-0.0006775956284152858,0.021679886745692458,45777.0,44688.0,-0.0012670118181619314,0.023071070533476033,0,0.0,45205.69975072276,44292.00024927724,0.020418390672508828,0,44170.05027322404,14416.254208031736,44748.85,11.577932349078575,18.013245032929053,0.02270490336435227,0,0.9595999999999999,32711.0,3843.0,0.0,923.0,0.0,379.0,-544.0,0.0
2026-06-15 08:47:00,45713.0,45767.0,45658.0,45718.0,805,08:47:00,2026-06-15,0,-2.1872744373263586e-05,805,45717.53996631689,1.006252049984549e-05,144.3295556861267,41.62952760131479,102.7000280848119,93.35714285714286,95.72338489414001,99.90262901626124,5.0,49.0,55.0,10.2,0,45750.0,44704.0,0.023398353614888526,-0.000699453551912553,0.020500183037348126,45777.0,44688.0,-0.001288856849509551,0.023048693161474603,0,1.026870068289826e-05,45428.21900435014,44170.98099564986,0.02806359897633582,0,14014.8476770754,3588.482894560685,44799.6,22.920924488473446,5.843920145148139,-2.1872744373263586e-05,0,0.9595999999999999,32711.0,3843.0,0.0,923.0,0.0,379.0,-544.0,0.0
2026-06-15 08:48:00,45715.0,45740.0,45697.0,45736.0,454,08:48:00,2026-06-15,0,0.0003937180104116589,454,45718.55885915649,0.0003814892962230412,193.38967357812362,71.98155679667656,121.40811678144706,95.14285714285714,97.27272727148926,99.90328820087069,21.0,4.0,18.0,14.0,1,45750.0,44704.0,0.023398353614888526,-0.00030601092896174195,0.01972518076399073,45777.0,44688.0,-0.0008956462852523999,0.02345148585750037,0,0.00038886589337457973,45603.96266994944,44098.637330050566,0.03356257990066823,0,6779.021873979758,-5324.359316518077,44851.3,34.375408998012524,2.8321896443990506,0.0003937180104116589,0,0.9595999999999999,32711.0,3843.0,0.0,923.0,0.0,379.0,-544.0,0.0
2026-06-15 08:49:00,45738.0,45821.0,45733.0,45802.0,580,08:49:00,2026-06-15,0,0.0014430645443415102,580,45729.296090934295,0.0015898759718743437,234.88817422196007,104.56288028173327,130.3252939402268,101.14285714285714,97.42489270269189,98.82352940827681,64.0,19.0,5.0,26.4,1,45750.0,44704.0,0.023398353614888526,0.0011366120218578987,0.01994029824157004,45821.0,44688.0,-0.0004146570349839503,0.024928392409594862,0,0.0016190045564779248,45766.1522274705,44046.94777252951,0.03828404664666853,0,7316.210410355274,-8343.626424443903,44906.55,35.24112910164269,3.0695951309707885,0.0014430645443415102,0,0.9595999999999999,32711.0,3843.0,0.0,923.0,0.0,379.0,-544.0,0.0
2026-06-15 08:50:00,45804.0,45834.0,45722.0,45742.0,438,08:50:00,2026-06-15,0,-0.001309986463473245,438,45733.27045735476,0.00019087947478805512,259.9381314304046,135.63793051146754,124.30020091893707,108.07142857142857,92.62899262793054,58.33333333211805,62.0,30.0,20.0,36.6,1,45750.0,44704.0,0.023398353614888526,-0.00017486338797813826,0.017421525287068317,45834.0,44688.0,-0.0020072435310031418,0.023585750089508962,0,0.00019416782373264272,45888.9268649018,44028.5731350982,0.04137912486008962,0,4953.027441285538,-6465.871370555538,44958.75,35.52487075777495,2.081254454729954,-0.001309986463473245,0,0.9595999999999999,32711.0,3843.0,0.0,923.0,0.0,379.0,-544.0,0.0
2026-06-15 08:51:00,45742.0,45815.0,45736.0,45807.0,230,08:51:00,2026-06-15,0,0.0014210135105592325,230,45736.10736842105,0.0015500364079496928,281.78709355749015,164.86776312067207,116.91933043681809,113.07142857142857,93.65700861291214,68.5863874334777,65.0,8.0,6.0,43.4,1,45750.0,44704.0,0.023398353614888526,0.001245901639344235,0.017617871793077156,45834.0,44688.0,-0.0005890823406204872,0.02504027926960202,0,0.0015749035927517764,46008.99212552909,44018.907874470904,0.04421038924729205,0,4202.477064220184,-3800.761905857317,45013.95,36.26427773553814,1.0404885772402601,0.0014210135105592325,0,0.9595999999999999,32711.0,3843.0,0.0,923.0,0.0,379.0,-544.0,0.0
2026-06-15 08:52:00,45806.0,45845.0,45797.0,45837.0,233,08:52:00,2026-06-15,0,0.000654921736852554,233,45740.77077787637,0.0021037953774528224,298.0871397418596,191.51163844490958,106.57550129695,116.21428571428571,94.09056024457615,61.2903225794589,31.0,8.0,9.0,48.6,0,45750.0,44704.0,0.023398353614888526,0.0019016393442622536,0.01699315082170137,45845.0,44688.0,-0.00017450103609989806,0.02571160042964497,0,0.0021350537733409087,46118.677435901045,44023.52256409895,0.046485549982184744,0,5519.390697674418,-2455.9431890281053,45071.1,36.64276146798087,1.0049601035108693,0.000654921736852554,0,0.9595999999999999,32711.0,3843.0,0.0,923.0,0.0,379.0,-544.0,0.0
2026-06-15 08:53:00,45829.0,45865.0,45824.0,45840.0,335,08:53:00,2026-06-15,0,6.544930950980188e-05,335,45747.842177713545,0.002014473642897827,307.70014299467584,214.74933935486285,92.95080363981299,118.42857142857143,94.07236335541415,99.99999999693877,11.0,25.0,5.0,46.6,0,45750.0,44704.0,0.023398353614888526,0.0019672131147540554,0.015789724436013716,45865.0,44688.0,-0.0005450779461462871,0.025778732545649264,0,0.0020421677335292258,46214.42580953983,44040.47419046016,0.04817359764577044,0,8456.167400881057,7072.724714576371,45127.45,37.52328523368578,1.3486312399301585,6.544930950980188e-05,0,0.9595999999999999,32711.0,3843.0,0.0,923.0,0.0,379.0,-544.0,0.0
2026-06-15 08:54:00,45842.0,45842.0,45819.0,45821.0,311,08:54:00,2026-06-15,0,-0.00041448516579412065,311,45752.63879187686,0.001494147877111649,310.20947439793235,233.84136636347677,76.36810803445559,119.64285714285714,93.14024390144515,63.461538457877225,21.0,0.0,2.0,38.0,0,45750.0,44704.0,0.023398353614888526,0.001551912568305977,0.014104643931328972,45865.0,44688.0,-0.0009593371852174653,0.025353562477622063,0,0.0015129617123683737,46292.87553069529,44074.524469304706,0.049096268375332985,0,9211.590820943762,11919.431516643088,45183.7,37.71053195731546,1.18071374335163,-0.00041448516579412065,0,0.9595999999999999,32711.0,3843.0,0.0,923.0,0.0,379.0,-544.0,0.0
2026-06-15 08:55:00,45819.0,45858.0,45817.0,45850.0,159,08:55:00,2026-06-15,0,0.0006328975797122993,159,45755.303093042225,0.002069637846463602,310.9537143931011,249.26383596940164,61.68987842369947,121.57142857142857,93.21778447527879,62.7450980355248,31.0,8.0,2.0,31.8,0,45750.0,44704.0,0.023398353614888526,0.0021857923497267282,0.013453400484291209,45865.0,44688.0,-0.00032704676768777224,0.02600250626566358,0,0.002093149451945472,46363.79025043113,44118.90974956887,0.04962010419366816,0,5749.329652996846,416.60206337505974,45241.35,37.77365096480894,0.5862831858385462,0.0006328975797122993,-1,0.9595999999999999,32711.0,3843.0,0.0,923.0,0.0,379.0,-544.0,0.0
2026-06-15 08:56:00,45855.0,45880.0,45838.0,45847.0,268,08:56:00,2026-06-15,0,-6.54307524536879e-05,268,45760.09054530252,0.001899241318402524,307.75386009424255,260.96184079436983,46.79201929987272,123.64285714285714,93.49962207006124,56.86274509469435,8.0,25.0,9.0,20.4,0,45750.0,44704.0,0.023398353614888526,0.0021202185792349266,0.012105217263648839,45880.0,44688.0,-0.0007192676547515101,0.025935374149659286,0,0.0019185881852434722,46421.949702239355,44175.35029776065,0.049595283843528626,0,9408.113323124044,1125.7415766672295,45298.65,37.936998434435004,0.9436619718276632,-6.54307524536879e-05,0,0.9595999999999999,32711.0,3843.0,0.0,923.0,0.0,379.0,-544.0,0.0
2026-06-15 08:57:00,45839.0,45864.0,45822.0,45842.0,174,08:57:00,2026-06-15,0,-0.00010905838986197125,174,45762.58719953664,0.0017353214781563459,301.34082484476676,269.03763760444923,32.30318724031753,126.07142857142857,93.28808446357012,78.37837837202338,3.0,22.0,17.0,14.8,0,45750.0,44704.0,0.023398353614888526,0.00201092896174859,0.010711888024005297,45880.0,44688.0,-0.0008282476024411328,0.025823487289652128,0,0.0017508717222109588,46466.3553437367,44245.9446562633,0.048955008030296884,0,6396.558139534884,-3055.9680039288455,45356.15,38.16641842080316,0.5955844600356134,-0.00010905838986197125,1,0.9595999999999999,32711.0,3843.0,0.0,923.0,0.0,379.0,-544.0,0.0
2026-06-15 08:58:00,45848.0,45875.0,45845.0,45870.0,182,08:58:00,2026-06-15,0,0.0006107935953929555,182,45765.67559373421,0.0022795338408611032,295.1159017878381,274.25329044112704,20.86261134671105,127.78571428571429,93.49593495838215,77.77777777129629,22.0,5.0,3.0,17.0,1,45750.0,44704.0,0.023398353614888526,0.002622950819672074,0.01001315637368483,45880.0,44689.0,-0.00021795989537924548,0.026427084964979607,0,0.002297122800508379,46501.27624277608,44329.22375722392,0.04782650069199482,0,7631.023765996344,3272.893061573992,45415.25,38.43828709797596,0.6051537822091267,0.0006107935953929555,-1,0.9595999999999999,32711.0,3843.0,0.0,923.0,0.0,379.0,-544.0,0.0
2026-06-15 08:59:00,45875.0,45905.0,45834.0,45884.0,537,08:59:00,2026-06-15,0,0.0003052103771528092,537,45774.68844609206,0.002388034907909179,287.99249025561585,277.0011304040248,10.991359851591028,131.78571428571428,93.51032448281036,89.36170212195563,9.0,21.0,41.0,14.6,0,45750.0,44704.0,0.023398353614888526,0.002928961748633816,0.009000609129911664,45905.0,44689.0,-0.00045746650691644796,0.026740361162701634,0,0.002403788346221851,46524.27958500605,44425.120414993944,0.0461610339378173,0,18666.445454545454,9840.795719015747,45474.7,38.864292865238944,1.639694656483543,0.0003052103771528092,0,0.9595999999999999,32711.0,3843.0,0.0,923.0,0.0,379.0,-544.0,0.0
2026-06-15 09:00:00,45878.0,45881.0,45801.0,45810.0,529,09:00:00,2026-06-15,0,-0.001612762618777741,529,45778.91698795754,0.0006789809389906257,273.2263702203345,276.2461783672868,-3.0198081469523004,61.07142857142857,60.96385541963014,36.20689655078775,68.0,3.0,9.0,22.0,1,45750.0,44704.0,0.023398353614888526,0.001311475409836037,0.006133217660591883,45905.0,44689.0,-0.002069491340812503,0.02508447268902806,0,0.0006826817489818928,46521.757116655295,44539.742883344705,0.043531332853303475,0,14339.343195266272,12417.2795470111,45530.75,38.49533084267482,1.4949837501724035,-0.001612762618777741,0,0.9595999999999999,32711.0,3843.0,0.0,923.0,0.0,379.0,-544.0,0.0
2026-06-15 09:01:00,45814.0,45873.0,45740.0,45781.0,1102,09:01:00,2026-06-15,0,-0.0006330495524994317,1102,45781.51161834259,-1.1175217342267965e-05,256.23039161469205,272.2430210167679,-16.012629402075845,62.785714285714285,57.11060947900779,11.965811965505154,33.0,59.0,41.0,27.0,1,45750.0,44704.0,0.023398353614888526,0.0006775956284152858,0.004307371011952362,45905.0,44689.0,-0.0027012308027447402,0.024435543422318146,0,-1.1223478574312721e-05,46500.51054442823,44668.78945557177,0.04018284858732969,0,19988.376386687796,16193.571137539258,45584.65,37.30024606272154,2.6986653605909177,-0.0006330495524994317,0,0.9595999999999999,32711.0,3843.0,0.0,923.0,0.0,379.0,-544.0,0.0
2026-06-15 09:02:00,45789.0,45789.0,45698.0,45718.0,854,09:02:00,2026-06-15,0,-0.0013761167296476584,854,45777.07798489415,-0.0012905582333945953,234.96880847220746,264.78817850785583,-29.819370035648376,66.21428571428571,48.15573770353651,0.0,71.0,0.0,20.0,40.6,1,45750.0,44704.0,0.023398353614888526,-0.000699453551912553,0.0018023150709695404,45905.0,44689.0,-0.004073630323494084,0.023025800532569023,0,-0.001294554924464956,46451.40753262294,44820.09246737706,0.03574642829899477,0,12185.759051186018,-3471.8374310419813,45635.75,35.41529685737408,1.8952507767379154,-0.0013761167296476584,0,0.9595999999999999,32711.0,3843.0,0.0,923.0,0.0,379.0,-544.0,0.0
2026-06-15 09:03:00,45729.0,45729.0,45654.0,45710.0,840,09:03:00,2026-06-15,0,-0.00017498578240515705,840,45770.27060584413,-0.001316806849650475,214.99498910448165,254.82954062718102,-39.83455152269937,65.28571428571429,39.30232558011574,0.0,19.0,0.0,56.0,40.0,0,45750.0,44704.0,0.023398353614888526,-0.0008743169398906913,0.0005132801667010658,45905.0,44689.0,-0.004247903278509874,0.02284678556244215,0,-0.0013192198982880374,46371.296430207876,45001.80356979213,0.029975843227727127,1,9942.102537545314,-3066.5565345925907,45686.55,34.218632462676965,1.7081850533773093,-0.00017498578240515705,0,0.9595999999999999,32711.0,3843.0,0.0,923.0,0.0,379.0,-544.0,0.0
2026-06-15 09:04:00,45711.0,45772.0,45687.0,45739.0,616,09:04:00,2026-06-15,0,0.0006344344782323041,616,45768.04650344055,-0.0006346459082182053,199.20929029382387,243.70549056050962,-44.49620026668575,63.357142857142854,49.62406014863474,28.999999999129997,28.0,33.0,24.0,43.8,0,45750.0,44704.0,0.023398353614888526,-0.0002404371584699401,3.2794877877658037e-06,45905.0,44689.0,-0.003616163816577636,0.023495714829152064,0,-0.0006350510220643737,46238.97052231466,45238.72947768534,0.021868521937680983,1,7149.25754884547,-6423.292512338893,45738.85,33.82717647278132,1.180189673338097,0.0006344344782323041,0,0.9595999999999999,32711.0,3843.0,0.0,923.0,0.0,379.0,-544.0,0.0
2026-06-15 09:05:00,45736.0,45764.0,45718.0,45740.0,353,09:05:00,2026-06-15,0,2.1863180218240075e-05,353,45767.14892892521,-0.0005931968575838941,184.6511582878229,231.89462410597227,-47.24346581814936,61.0,39.999999998328356,78.94736841481995,4.0,24.0,18.0,31.0,0,45750.0,44704.0,0.023398353614888526,-0.00021857923497267282,-0.0011061210094200531,45905.0,45654.0,-0.0035943796972006626,0.001883734174442505,0,-0.000592892411992678,45906.26692645269,45675.03307354731,0.005049804990874257,1,4288.5046480743695,-6480.724237152073,45790.65,33.942687476375745,0.6556463595827348,2.1863180218240075e-05,-1,0.9595999999999999,32711.0,3843.0,0.0,923.0,0.0,379.0,-544.0,0.0
2026-06-15 09:06:00,45743.0,45751.0,45612.0,45633.0,623,09:06:00,2026-06-15,0,-0.00233930913860958,623,45761.58039973078,-0.0028097893168815224,162.60531516873016,218.03676231852387,-55.43144714979371,67.5,25.242718445744174,21.897810218498577,110.0,8.0,21.0,46.4,1,45750.0,44704.0,0.023398353614888526,-0.0025573770491802723,-0.003349251469051261,45905.0,45612.0,-0.00592528047053685,0.00046040515653774316,0,-0.002808269270880479,45918.41421882136,45654.28578117864,0.00576871573389701,1,8651.661290322581,-1297.9560835844486,45786.35,21.844503469838635,1.2948145069078358,-0.00233930913860958,0,0.9595999999999999,32711.0,3843.0,0.0,923.0,0.0,379.0,-544.0,0.0
2026-06-15 09:07:00,45633.0,45678.0,45581.0,45621.0,734,09:07:00,2026-06-15,0,-0.0002629675892446004,734,45753.41325085911,-0.002894062791186782,142.5226139766237,202.93393265014384,-60.41131867352016,71.5,23.99049881155375,0.8333333333124955,12.0,45.0,40.0,34.6,0,45750.0,44704.0,0.023398353614888526,-0.0028196721311474797,-0.0035057829035745115,45905.0,45581.0,-0.006186689903060535,0.0008775586318860737,0,-0.0028922872963774364,45930.208828882605,45632.791171117395,0.0064964594380962646,1,10576.694251421352,4794.115583553674,45781.5,9.324676943124162,1.5368509212698138,-0.0002629675892446004,0,0.9595999999999999,32711.0,3843.0,0.0,923.0,0.0,379.0,-544.0,0.0
2026-06-15 09:08:00,45627.0,45630.0,45554.0,45554.0,493,09:08:00,2026-06-15,0,-0.0014686219065781492,493,45746.61174512601,-0.004210404613113764,119.81938524803991,186.3110231697231,-66.49163792168318,75.28571428571429,21.535181236030937,0.0,73.0,3.0,0.0,45.4,1,45750.0,44704.0,0.023398353614888526,-0.004284153005464387,-0.004771434314128092,45905.0,45554.0,-0.0076462259013177734,0.0,0,-0.004208032463362262,45951.91560553263,45592.88439446737,0.007843836265200242,1,7966.698119900674,8576.867168554643,45772.4,-3.985529797021881,1.0280471275132352,-0.0014686219065781492,0,0.9595999999999999,32711.0,3843.0,0.0,923.0,0.0,379.0,-544.0,0.0
2026-06-15 09:09:00,45559.0,45593.0,45512.0,45515.0,570,09:09:00,2026-06-15,0,-0.0008561267945734752,570,45737.681756141945,-0.0048686716858367405,97.55538114162482,168.55989476410343,-71.00451362247861,78.14285714285714,15.031315239644172,0.0,44.0,34.0,3.0,48.6,0,45750.0,44704.0,0.023398353614888526,-0.005136612021857811,-0.005311633690683882,45905.0,45512.0,-0.008495806557019748,6.591668131481663e-05,0,-0.004866504497939486,45970.47110609345,45545.628893906556,0.009284534900129794,1,9355.769924269744,813.8421169293246,45758.05,-6.180881419898209,1.189854921195721,-0.0008561267945734752,0,0.9595999999999999,32711.0,3843.0,0.0,923.0,0.0,379.0,-544.0,0.0
2026-06-15 09:10:00,45518.0,45562.0,45510.0,45543.0,364,09:10:00,2026-06-15,0,0.0006151818081951976,364,45732.32735635577,-0.004139902062724355,81.23394907942566,151.09470562716788,-69.86075654774223,78.85714285714286,19.841269840718695,20.895522387591896,25.0,19.0,8.0,52.8,0,45750.0,44704.0,0.023398353614888526,-0.004524590163934327,-0.0044832462987532615,45905.0,45510.0,-0.007885851214464484,0.0007251153592616849,0,-0.004138474742246404,45981.311807948485,45514.88819205151,0.010195475132234176,1,5954.616379310345,-4370.059077286712,45748.1,-7.295523300896969,0.765751551486766,0.0006151818081951976,-1,0.9595999999999999,32711.0,3843.0,0.0,923.0,0.0,379.0,-544.0,0.0
2026-06-15 09:11:00,45543.0,45548.0,45512.0,45532.0,260,09:11:00,2026-06-15,0,-0.00024152998265380976,260,45728.5312530167,-0.004297781879966459,66.64326642010565,134.20441778575542,-67.56115136564978,78.42857142857143,19.607843136716653,35.89743589605523,11.0,5.0,20.0,33.0,0,45750.0,44704.0,0.023398353614888526,-0.004765027322404268,-0.0044244643249547475,45905.0,45510.0,-0.008125476527611196,0.0004834102395077899,0,-0.00429723507640745,45984.735197978254,45483.96480202174,0.010949546587116698,1,4889.847170590665,-3862.1407551819852,45734.35,-8.312869764312753,0.5452448359011319,-0.00024152998265380976,1,0.9595999999999999,32711.0,3843.0,0.0,923.0,0.0,379.0,-544.0,0.0
2026-06-15 09:12:00,45529.0,45535.0,45444.0,45482.0,707,09:12:00,2026-06-15,0,-0.001098128788544317,707,45716.769933650154,-0.005135313233871855,50.463748479945934,117.45628392459354,-66.9925354446476,82.57142857142857,13.533834586110004,31.460674156242902,47.0,6.0,38.0,40.0,1,45750.0,44704.0,0.023398353614888526,-0.005857923497267632,-0.00513161521197975,45905.0,45444.0,-0.00921468249645988,0.0008361939970072873,0,-0.005135332322398179,45985.95900520014,45447.24099479986,0.01178385991959736,1,13431.818713450293,4356.721918317911,45716.6,-9.058515386911017,1.4124463090572121,-0.001098128788544317,0,0.9595999999999999,32711.0,3843.0,0.0,923.0,0.0,379.0,-544.0,0.0
2026-06-15 09:13:00,45488.0,45493.0,45418.0,45451.0,471,09:13:00,2026-06-15,0,-0.0006815883206543472,471,45708.51345341338,-0.005633818165533605,34.739468059822684,100.91292075163936,-66.17345269181668,82.85714285714286,10.56466302341002,0.0,37.0,5.0,33.0,32.8,1,45750.0,44704.0,0.023398353614888526,-0.006535519125682918,-0.005386550364738197,45905.0,45418.0,-0.009889990197146066,0.0007265841736756193,0,-0.005635219120084677,45984.564078690986,45409.73592130902,0.012579081132673633,1,9025.051011804384,5156.393690049354,45697.15,-11.137074545171732,0.9283532078428534,-0.0006815883206543472,0,0.9595999999999999,32711.0,3843.0,0.0,923.0,0.0,379.0,-544.0,0.0
2026-06-15 09:14:00,45458.0,45548.0,45458.0,45542.0,488,09:14:00,2026-06-15,0,0.002002156168181113,488,45702.443769651545,-0.0035106168602319567,29.283243023433897,86.58698520599827,-57.30374218256438,83.85714285714286,26.32508833857146,52.90697674326324,84.0,6.0,0.0,40.8,1,45750.0,44704.0,0.023398353614888526,-0.004546448087431595,-0.003090851779209732,45905.0,45418.0,-0.007907635333841458,0.002730195076841721,0,-0.0035120956861940857,45972.381494636706,45394.01850536329,0.012660299393943605,1,9705.020087336245,9847.287141622332,45683.2,-11.184153705038216,0.9453700116215703,0.002002156168181113,0,0.9595999999999999,32711.0,3843.0,0.0,923.0,0.0,379.0,-544.0,0.0
2026-06-15 09:15:00,45544.0,45626.0,45540.0,45579.0,453,09:15:00,2026-06-15,0,0.0008124368714592656,453,45699.009457451924,-0.002626084435454922,27.626277618590393,74.79484368851669,-47.1685660699263,80.5,32.40418118387865,80.50314465256912,35.0,47.0,4.0,42.8,0,45750.0,44704.0,0.023398353614888526,-0.0037377049180327055,-0.001984906825430006,45905.0,45418.0,-0.00710162291689343,0.003544850059447718,0,-0.002627772655405105,45951.219492213895,45388.08050778611,0.012330705061846874,1,8678.977301387138,-3538.4943122436403,45669.65,-10.269792591749406,0.8532680354099581,0.0008124368714592656,0,0.9595999999999999,32711.0,3843.0,0.0,923.0,0.0,379.0,-544.0,0.0
2026-06-15 09:16:00,45582.0,45617.0,45478.0,45484.0,491,09:16:00,2026-06-15,0,-0.002084293205204202,491,45693.84662850648,-0.0045924483051851366,18.434908396920946,63.522856630197545,-45.0879482332766,83.92857142857143,30.693069306221616,57.399103138241266,98.0,35.0,6.0,60.2,1,45750.0,44704.0,0.023398353614888526,-0.005814207650273098,-0.003669101781978606,45905.0,45418.0,-0.009171114257705932,0.0014531683473512386,0,-0.0045967082901213355,45931.729605104774,45371.270394895226,0.012276906787499561,1,8556.56858237548,-519.0911705830245,45651.5,-9.989682069888703,0.9058204962625113,-0.002084293205204202,0,0.9595999999999999,32711.0,3843.0,0.0,923.0,0.0,379.0,-544.0,0.0
2026-06-15 09:17:00,45492.0,45525.0,45475.0,45522.0,263,09:17:00,2026-06-15,0,0.0008354586228123129,263,45690.90668264909,-0.0036967242480488304,14.05494779991568,53.62927486414117,-39.57432706422549,82.14285714285714,35.220125785388234,44.11764705804498,30.0,3.0,17.0,56.8,0,45750.0,44704.0,0.023398353614888526,-0.00498360655737694,-0.0024870988594405128,45905.0,45418.0,-0.008343317721380932,0.0022898410321898306,0,-0.003701212491351803,45906.31592116442,45364.68407883558,0.011868651429891967,1,5527.371191135734,-4304.626738126781,45635.5,-10.441475203137498,0.48124428179234907,0.0008354586228123129,-1,0.9595999999999999,32711.0,3843.0,0.0,923.0,0.0,379.0,-544.0,0.0
2026-06-15 09:18:00,45516.0,45538.0,45483.0,45483.0,192,09:18:00,2026-06-15,0,-0.0008567286147357356,192,45688.75001481306,-0.0045032970861830215,7.352073283182108,44.373834547949365,-37.02176126476726,80.0,30.185758513277705,22.09302325542862,33.0,22.0,0.0,56.0,0,45750.0,44704.0,0.023398353614888526,-0.005836065573770365,-0.002918922355349992,45905.0,45418.0,-0.009192898377082906,0.001431150645118644,0,-0.004510464272259981,45871.265474366824,45361.03452563318,0.011185313726249035,1,4627.841017488076,-4667.757666852728,45616.15,-11.714563172697842,0.35100548446005303,-0.0008567286147357356,1,0.9595999999999999,32711.0,3843.0,0.0,923.0,0.0,379.0,-544.0,0.0
2026-06-15 09:19:00,45482.0,45520.0,45440.0,45498.0,296,09:19:00,2026-06-15,0,0.0003297935492381221,296,45685.2553426891,-0.004098813529321,3.213330305305135,36.14173369942052,-32.928403394115385,82.42857142857143,31.666666665994953,57.608695650295374,16.0,22.0,42.0,42.4,0,45750.0,44704.0,0.023398353614888526,-0.005508196721311355,-0.0021679129150368147,45881.0,45418.0,-0.008347682047034538,0.001761416178607562,0,-0.004106760504050139,45823.4563361365,45370.2436638635,0.00993956100636322,1,7945.373451327434,-714.2993422701755,45596.85,-11.97112909762033,0.5533227404419977,0.0003297935492381221,-1,0.9595999999999999,32711.0,3843.0,0.0,923.0,0.0,379.0,-544.0,0.0
2026-06-15 09:20:00,45496.0,45518.0,45407.0,45411.0,304,09:20:00,2026-06-15,0,-0.0019121719636028267,304,45681.08206976789,-0.005912339584149716,-7.0060646808487945,27.512174023366658,-34.51823870421545,80.42857142857143,32.65624999928565,10.63829787211408,85.0,22.0,4.0,52.4,1,45750.0,44704.0,0.023398353614888526,-0.007409836065573609,-0.00364000184303886,45873.0,45407.0,-0.010071283761689665,8.80921443830227e-05,0,-0.005925854320234165,45794.57276259841,45359.227237401596,0.00955188977742677,1,8929.459249676585,6154.983880939265,45576.9,-12.840880454908687,0.5804850105010875,-0.0019121719636028267,1,0.9595999999999999,32711.0,3843.0,0.0,923.0,0.0,379.0,-544.0,0.0
2026-06-15 09:21:00,45409.0,45444.0,45340.0,45423.0,622,09:21:00,2026-06-15,0,0.0002642531545220539,622,45671.50244028215,-0.0054410831044386,-13.975607024061901,19.214617813880945,-33.19022483794285,80.92857142857143,34.53124999924462,23.68421052569252,14.0,21.0,69.0,35.6,0,45750.0,44704.0,0.023398353614888526,-0.007147540983606402,-0.0029851401479399683,45789.0,45340.0,-0.007993186136408134,0.0018306131451256765,0,-0.005454519201083112,45764.54523128389,45353.45476871611,0.009023254737105083,1,16847.409660107336,26404.46937663356,45559.0,-12.528457574784689,1.2447468481063744,0.0002642531545220539,0,0.9595999999999999,32711.0,3843.0,0.0,923.0,0.0,379.0,-544.0,0.0
2026-06-15 09:22:00,45417.0,45445.0,45370.0,45375.0,274,09:22:00,2026-06-15,0,-0.0010567333729608608,274,45667.40376276783,-0.006402898756557318,-23.105868324018957,10.750520586300965,-33.85638891031992,80.85714285714286,35.58776167391589,8.163265305955846,42.0,28.0,5.0,38.0,1,45750.0,44704.0,0.023398353614888526,-0.008196721311475232,-0.003663663202087638,45772.0,45340.0,-0.008673424801188311,0.0007719453021614299,0,-0.0064205508289151,45748.76953686189,45334.93046313811,0.00908700620909712,1,7365.373222748815,-729.9848548738989,45541.85,-12.062236755389902,0.5821117484585041,-0.0010567333729608608,1,0.9595999999999999,32711.0,3843.0,0.0,923.0,0.0,379.0,-544.0,0.0
2026-06-15 09:23:00,45368.0,45438.0,45361.0,45418.0,284,09:23:00,2026-06-15,0,0.0009476584022038992,284,45663.41955655607,-0.0053745330275168125,-26.565692780415702,3.287277912957631,-29.852970693373333,80.57142857142857,42.23999999905382,53.3980582508719,50.0,20.0,7.0,41.4,1,45750.0,44704.0,0.023398353614888526,-0.007256830601092738,-0.002399661741045146,45772.0,45340.0,-0.007733985842873204,0.0017203352448169008,0,-0.005390607966790608,45725.22700557172,45329.27299442828,0.008697077270062182,1,7246.467415730337,-1884.7634407505745,45527.25,-10.893676401861788,0.6412282682306588,0.0009476584022038992,-1,0.9595999999999999,32711.0,3843.0,0.0,923.0,0.0,379.0,-544.0,0.0
2026-06-15 09:24:00,45415.0,45418.0,45356.0,45404.0,238,09:24:00,2026-06-15,0,-0.0003082478312563808,238,45660.009173502694,-0.00560685768874649,-30.090447636219324,-3.3882671968777602,-26.702180439341564,81.28571428571429,38.62520458176637,40.95238095121089,11.0,3.0,48.0,40.4,0,45750.0,44704.0,0.023398353614888526,-0.00756284153005448,-0.002340119313125491,45764.0,45340.0,-0.007866445240800457,0.001411557123952329,0,-0.005625277100947888,45688.747019605704,45332.252980394296,0.007833226161246303,1,6275.349593495935,-6275.184304234485,45510.5,-10.645536556992033,0.5613207547156572,-0.0003082478312563808,1,0.9595999999999999,32711.0,3843.0,0.0,923.0,0.0,379.0,-544.0,0.0
2026-06-15 09:25:00,45400.0,45497.0,45397.0,45494.0,354,09:25:00,2026-06-15,0,0.0019822042110826388,354,45656.379933156706,-0.003556566100826109,-25.32960944477236,-7.776535646456681,-17.55307379831568,85.85714285714286,47.24637681063558,90.47619047434402,94.0,3.0,3.0,42.2,1,45750.0,44704.0,0.023398353614888526,-0.005595628415300424,-9.23113441849787e-05,45751.0,45340.0,-0.0056173635548948525,0.0033965593295102914,0,-0.0035689309281840284,45639.9879810748,45356.41201892519,0.006232685296332705,1,9088.530474040632,2339.538268026451,45498.2,-9.584590876304203,0.8348072161282046,0.0019822042110826388,0,0.9595999999999999,32711.0,3843.0,0.0,923.0,0.0,379.0,-544.0,0.0
2026-06-15 09:26:00,45489.0,45508.0,45449.0,45470.0,277,09:26:00,2026-06-15,0,-0.0005275420934628405,277,45653.81629622042,-0.004026307352440021,-23.225481409361237,-10.866324799037592,-12.359156610323645,83.57142857142857,49.09638554113351,70.31249999835205,19.0,19.0,21.0,43.2,0,45750.0,44704.0,0.023398353614888526,-0.006120218579234839,-0.000440755725702708,45678.0,45340.0,-0.004553614431454868,0.0028672254080281683,0,-0.004040802246214685,45617.195958391014,45362.90404160899,0.005590055776637227,1,8826.341976173791,2180.19963356756,45490.05,-8.170930596510242,0.6810079901642754,-0.0005275420934628405,1,0.9595999999999999,32711.0,3843.0,0.0,923.0,0.0,379.0,-544.0,0.0
2026-06-15 09:27:00,45471.0,45512.0,45464.0,45495.0,226,09:27:00,2026-06-15,0,0.0005498130635583909,226,45651.945743890916,-0.003437876334371019,-19.31796820316231,-12.556653479862536,-6.761314723299773,81.64285714285714,53.343465044457744,82.73381294785466,24.0,17.0,7.0,39.6,0,45750.0,44704.0,0.023398353614888526,-0.005573770491803157,0.0002473410833539397,45630.0,45340.0,-0.00295857988165674,0.0034186149095720465,0,-0.003450589361935028,45595.078579573754,45372.421420426246,0.004895312263116009,1,7456.033357505438,1881.4629311380827,45483.75,-5.877764471935048,0.5926314409319716,0.0005498130635583909,-1,0.9595999999999999,32711.0,3843.0,0.0,923.0,0.0,379.0,-544.0,0.0
2026-06-15 09:28:00,45493.0,45522.0,45470.0,45497.0,194,09:28:00,2026-06-15,0,4.396087482150257e-05,194,45650.432216985864,-0.003361024409507583,-15.876834287162637,-13.220689641322556,-2.6561446458400813,78.42857142857143,46.045694199218566,52.941176467474044,4.0,25.0,23.0,30.4,0,45750.0,44704.0,0.023398353614888526,-0.005530054644808623,0.0003539947538416828,45626.0,45340.0,-0.002827335291281225,0.003462726069695557,0,-0.0033735527877825824,45587.473226609276,45374.32677339073,0.004686504735362415,1,6847.492629945695,-2465.7867963318863,45480.9,-3.8023482247639766,0.529475982531306,4.396087482150257e-05,-1,0.9595999999999999,32711.0,3843.0,0.0,923.0,0.0,379.0,-544.0,0.0
2026-06-15 09:29:00,45490.0,45542.0,45485.0,45529.0,230,09:29:00,2026-06-15,0,0.000703343077565588,230,45648.93013150938,-0.002627227651642126,-10.447150059102569,-12.66598172487856,2.2188316657759906,76.35714285714286,45.56737588539372,99.99999999491526,39.0,13.0,5.0,36.0,1,45750.0,44704.0,0.023398353614888526,-0.00483060109289607,0.0010421796946457561,45626.0,45340.0,-0.002125980800420766,0.004168504631671721,0,-0.0026368934142462198,45589.29430419584,45373.905695804155,0.004735730677717649,1,8174.605776736924,-738.3989892938573,45481.6,-1.8575490684236144,0.6582713222648591,0.000703343077565588,-1,0.9595999999999999,32711.0,3843.0,0.0,923.0,0.0,379.0,-544.0,0.0
2026-06-15 09:30:00,45525.0,45545.0,45494.0,45494.0,206,09:30:00,2026-06-15,0,-0.000768740802565393,206,45647.5360775848,-0.0033635129248562566,-8.86609090539423,-11.906003560981695,3.0399126555874645,70.07142857142857,50.99206349064705,49.27536231669817,31.0,20.0,0.0,23.4,1,45750.0,44704.0,0.023398353614888526,-0.005595628415300424,0.0003265232529631319,45626.0,45340.0,-0.0028930872747993932,0.0033965593295102914,0,-0.00337596629630938,45583.128287199106,45375.1717128009,0.00457256950488751,1,8271.636363636364,1093.88325805962,45479.15,-1.0113502074913667,0.6032210834535777,-0.000768740802565393,1,0.9595999999999999,32711.0,3843.0,0.0,923.0,0.0,379.0,-544.0,0.0
2026-06-15 09:31:00,45500.0,45540.0,45438.0,45526.0,249,09:31:00,2026-06-15,0,0.000703389457950454,249,45645.7715250513,-0.0026239347271315955,-4.9736247205146356,-10.519527792888283,5.5459030723736475,73.78571428571429,50.401606424285895,64.64646464450567,26.0,14.0,62.0,24.8,1,45750.0,44704.0,0.023398353614888526,-0.004896174863387871,0.0010367456520998315,45626.0,45340.0,-0.0021917327839389342,0.004102337891486456,0,-0.002633565383717852,45582.21908831651,45375.48091168349,0.00454580924172483,1,10258.8,4981.834306963479,45478.85,-0.4507386617245724,0.730312362514356,0.000703389457950454,-1,0.9595999999999999,32711.0,3843.0,0.0,923.0,0.0,379.0,-544.0,0.0
2026-06-15 09:32:00,45527.0,45633.0,45524.0,45628.0,552,09:32:00,2026-06-15,0,0.0022404779686333587,552,45644.448488567876,-0.00036036120738746773,6.269459894079773,-7.161730255494672,13.431190149574444,77.64285714285714,62.923351157075,79.28994082699485,101.0,5.0,3.0,40.2,1,45750.0,44704.0,0.023398353614888526,-0.0026666666666666085,0.003118531684919375,45633.0,45340.0,-0.00010956982885192494,0.00635200705778548,0,-0.0003616153173630961,45609.202876945834,45363.09712305417,0.005410564620036196,1,17600.737945492663,11530.992963086215,45486.15,1.0004045592070003,1.6566626650610545,0.0022404779686333587,0,0.9595999999999999,32711.0,3843.0,0.0,923.0,0.0,379.0,-544.0,0.0
2026-06-15 09:33:00,45633.0,45661.0,45617.0,45642.0,487,09:33:00,2026-06-15,0,0.0003068291400016854,487,45644.34851561298,-5.145249498257948e-05,16.123506701595034,-2.5046828640767314,18.628189565671764,75.07142857142857,62.85714285557143,99.99999999797298,9.0,19.0,16.0,41.2,0,45750.0,44704.0,0.023398353614888526,-0.0023606557377048665,0.0032156885156179532,45661.0,45340.0,-0.0004161100282516718,0.006660785178650052,0,-5.1620606188775775e-05,45635.74074594431,45355.65925405568,0.006156218980884471,1,12893.070765661252,5587.086035771065,45495.7,3.6390301929555924,1.458083832330964,0.0003068291400016854,0,0.9595999999999999,32711.0,3843.0,0.0,923.0,0.0,379.0,-544.0,0.0
2026-06-15 09:34:00,45643.0,45649.0,45603.0,45637.0,189,09:34:00,2026-06-15,0,-0.00010954822312780887,189,45644.2215715876,-0.00015821436622102483,23.26130967953941,2.648515644646497,20.61279403489291,70.42857142857143,73.64016736185991,95.86776859266443,6.0,6.0,34.0,34.6,0,45750.0,44704.0,0.023398353614888526,-0.002469945355191203,0.003001069220194524,45661.0,45340.0,-0.0005256126672652696,0.006550507278341277,0,-0.00015871428936638566,45652.98986536193,45347.91013463806,0.0067049827138822024,1,5125.010695187166,-5004.278575284472,45500.45,4.749460463489852,0.592383638926211,-0.00010954822312780887,1,0.9595999999999999,32711.0,3843.0,0.0,923.0,0.0,379.0,-544.0,0.0
2026-06-15 09:35:00,45639.0,45640.0,45600.0,45611.0,183,09:35:00,2026-06-15,0,-0.000569713171330255,183,45643.99556906512,-0.0007228895861053934,26.51444523571263,7.421701562859724,19.092743672852905,65.85714285714286,69.10569105494415,31.11111110903704,28.0,1.0,11.0,34.0,0,45750.0,44704.0,0.023398353614888526,-0.0030382513661201525,0.002394397615052392,45661.0,45340.0,-0.0010950263901359785,0.0059770621967356425,0,-0.0007251446707372062,45658.67556757878,45345.42443242123,0.006884330160015765,1,5028.200602409638,-7143.187622029621,45502.05,3.4955695305057595,0.5989199803613192,-0.000569713171330255,1,0.9595999999999999,32711.0,3843.0,0.0,923.0,0.0,379.0,-544.0,0.0
2026-06-15 09:36:00,45616.0,45645.0,45602.0,45643.0,248,09:36:00,2026-06-15,0,0.00070158514393448,248,45643.83985344699,-1.8400148841233196e-05,31.313745796978765,12.200110409683532,19.113635387295233,63.57142857142857,78.15126050190312,50.79365079123205,27.0,2.0,14.0,34.2,0,45750.0,44704.0,0.023398353614888526,-0.0023387978142075994,0.002922434629751639,45661.0,45340.0,-0.0003942095004489522,0.006682840758711808,0,-1.8454261634560232e-05,45678.46177138855,45341.53822861145,0.007403285932258802,0,6823.064496684749,-4707.960096785514,45510.0,3.1431541881986456,0.845262440351584,0.00070158514393448,0,0.9595999999999999,32711.0,3843.0,0.0,923.0,0.0,379.0,-544.0,0.0
2026-06-15 09:37:00,45642.0,45679.0,45626.0,45674.0,262,09:37:00,2026-06-15,0,0.000679184102710062,262,45644.0237229514,0.0006567404580837584,37.18996423333738,17.198081174414302,19.991883058923076,61.857142857142854,77.58620689421076,70.78651685154652,32.0,5.0,16.0,20.4,1,45750.0,44704.0,0.023398353614888526,-0.0016612021857923135,0.003436033534281202,45679.0,45340.0,-0.00010945948904310276,0.007366563740626216,0,0.0006585645343470885,45701.361172230056,45333.83882776994,0.008074290921755677,0,8741.116143170197,7055.800783750306,45517.6,3.769193491493261,0.8931310720951317,0.000679184102710062,0,0.9595999999999999,32711.0,3843.0,0.0,923.0,0.0,379.0,-544.0,0.0
2026-06-15 09:38:00,45676.0,45717.0,45670.0,45689.0,352,09:38:00,2026-06-15,0,0.0003284144152033708,352,45644.76104610549,0.0009692011280292844,42.56660301699594,22.27178554293063,20.29481747406531,60.785714285714285,80.64516128789455,99.99999999615385,13.0,28.0,6.0,21.2,0,45750.0,44704.0,0.023398353614888526,-0.0013333333333333042,0.0035384895855067994,45717.0,45340.0,-0.0006124636349716602,0.007697397441552544,0,0.0009716888741741344,45726.02691306967,45329.773086930334,0.008703538404787527,0,13032.842787682333,15919.496492317097,45527.9,5.681062721349597,1.1680769868884417,0.0003284144152033708,0,0.9595999999999999,32711.0,3843.0,0.0,923.0,0.0,379.0,-544.0,0.0
2026-06-15 09:39:00,45689.0,45720.0,45676.0,45696.0,269,09:39:00,2026-06-15,0,0.0001532097441396818,269,45645.371322947685,0.0011091743934803014,46.85238436581858,27.187905307508217,19.664479058310363,56.785714285714285,76.43979057311478,99.99999999433962,7.0,24.0,13.0,21.4,0,45750.0,44704.0,0.023398353614888526,-0.0011803278688524333,0.0034740369539150687,45720.0,45340.0,-0.0005249343832020883,0.00785178650198483,0,0.0011117945322855656,45748.99270321921,45326.60729678079,0.00927548995424487,0,9354.812785388129,3710.5735845433196,45537.8,6.108547571962846,0.8966666666636778,0.0001532097441396818,0,0.9595999999999999,32711.0,3843.0,0.0,923.0,0.0,379.0,-544.0,0.0
2026-06-15 09:40:00,45697.0,45701.0,45636.0,45680.0,290,09:40:00,2026-06-15,0,-0.0003501400560224077,290,45645.70457031639,0.0007513396935472498,48.399906683378504,31.430305582682276,16.969601100696227,57.214285714285715,78.07486630723784,57.89473683753463,17.0,4.0,44.0,19.2,0,45750.0,44704.0,0.023398353614888526,-0.0015300546448087098,0.0028264866496528016,45720.0,45340.0,-0.0008748906386701472,0.007498897220996747,0,0.0007528976632608285,45762.70398901883,45339.79601098117,0.009284223331690218,0,9322.448979591836,665.0556140657843,45551.25,7.392744784435352,0.9689274974909157,-0.0003501400560224077,0,0.9595999999999999,32711.0,3843.0,0.0,923.0,0.0,379.0,-544.0,0.0
2026-06-15 09:41:00,45678.0,45692.0,45640.0,45688.0,225,09:41:00,2026-06-15,0,0.00017513134851143697,225,45645.96700157604,0.000920848021962284,49.69896369361959,35.08403720486974,14.614926488749852,57.5,77.03081232190915,48.387096769510926,10.0,4.0,38.0,15.8,0,45750.0,44704.0,0.023398353614888526,-0.0013551912568305715,0.002710443437325051,45720.0,45356.0,-0.0006999125109361178,0.007319869477026032,0,0.0009224944512494812,45775.32644395798,45353.67355604202,0.009253978160979498,0,7353.218884120171,-4357.931723791004,45564.5,8.039026618842191,0.8051529790631414,0.00017513134851143697,0,0.9595999999999999,32711.0,3843.0,0.0,923.0,0.0,379.0,-544.0,0.0
2026-06-15 09:42:00,45687.0,45702.0,45634.0,45684.0,179,09:42:00,2026-06-15,0,-8.755034144636298e-05,179,45646.17224619768,0.0008287168877663739,49.831285126791045,38.033486789254,11.797798337537046,58.642857142857146,76.04456824215983,28.571428568367338,3.0,15.0,50.0,10.0,0,45750.0,44704.0,0.023398353614888526,-0.0014426229508196406,0.0022828019776239476,45720.0,45356.0,-0.0007874015748031325,0.007231678278507646,0,0.0008299209148390197,45777.1530479063,45382.746952093694,0.00865306117739484,0,6218.5825095057035,-3352.531309638928,45579.95,9.256046625000367,0.6516199490329392,-8.755034144636298e-05,1,0.9595999999999999,32711.0,3843.0,0.0,923.0,0.0,379.0,-544.0,0.0
2026-06-15 09:43:00,45681.0,45715.0,45665.0,45715.0,232,09:43:00,2026-06-15,0,0.0006785745556430189,232,45646.674398661075,0.0014968363465472556,51.84001234506286,40.794791900415774,11.045220444647086,58.142857142857146,75.97765362831372,90.69767441227691,34.0,0.0,16.0,14.2,1,45750.0,44704.0,0.023398353614888526,-0.0007650273224043549,0.0026362655390525774,45720.0,45356.0,-0.0001093613298337684,0.007915160067025136,0,0.0014985393364796858,45785.26933721552,45404.33066278449,0.008354871047378734,0,8875.21338912134,-479.74045387597033,45594.8,9.560659696496344,0.8526277103974544,0.0006785745556430189,0,0.9595999999999999,32711.0,3843.0,0.0,923.0,0.0,379.0,-544.0,0.0
2026-06-15 09:44:00,45715.0,45733.0,45697.0,45709.0,253,09:44:00,2026-06-15,0,-0.00013124794925079009,253,45647.36347459483,0.0013502756942243405,52.344399626097584,43.104713445552136,9.239686180545448,57.07142857142857,82.67477203295608,75.60975609202856,6.0,18.0,12.0,14.0,0,45750.0,44704.0,0.023398353614888526,-0.0008961748633879586,0.0021694779988181315,45733.0,45397.0,-0.0005247851660726276,0.006872700839262356,0,0.001351380351592891,45784.35097985154,45435.74902014847,0.007643095320067846,0,9808.631891433419,3339.235572894336,45610.05,9.996817697989204,0.9272494044312727,-0.00013124794925079009,0,0.9595999999999999,32711.0,3843.0,0.0,923.0,0.0,379.0,-544.0,0.0
2026-06-15 09:45:00,45705.0,45713.0,45655.0,45668.0,144,09:45:00,2026-06-15,0,-0.000896978713163743,144,45647.54749074679,0.0004480527515165748,48.872402200977376,44.25825119663718,4.614151004340194,53.92857142857143,71.00591715682224,39.74358974206114,37.0,8.0,13.0,18.0,1,45750.0,44704.0,0.023398353614888526,-0.0017923497267759172,0.0010795999451979487,45733.0,45438.0,-0.0014212931581133663,0.0050618425106737745,0,0.00044833559124729674,45785.884203870766,45451.615796129234,0.007327434612774904,0,6366.110358180058,237.23710097734332,45618.75,8.512514822855865,0.5488850771848718,-0.000896978713163743,1,0.9595999999999999,32711.0,3843.0,0.0,923.0,0.0,379.0,-544.0,0.0
2026-06-15 09:46:00,45672.0,45685.0,45641.0,45666.0,311,09:46:00,2026-06-15,0,-4.37943417710418e-05,311,45647.7537523011,0.0003997184132632586,45.43568168612546,44.49373729453484,0.9419443915906243,49.285714285714285,57.98319327390014,0.0,6.0,13.0,25.0,17.2,0,45750.0,44704.0,0.023398353614888526,-0.0018360655737704517,0.0008207580560854173,45733.0,45438.0,-0.0014650252552860852,0.0050178264888418285,0,0.00039988664331655846,45781.32844294869,45475.77155705132,0.006696616173368744,1,12691.801608579088,4300.277697137822,45628.55,7.402159895426671,1.1778072334740473,-4.37943417710418e-05,0,0.9595999999999999,32711.0,3843.0,0.0,923.0,0.0,379.0,-544.0,0.0
2026-06-15 09:47:00,45658.0,45711.0,45652.0,45689.0,175,09:47:00,2026-06-15,0,0.0005036569876932795,175,45648.0076588477,0.0008980094259240146,44.06006667664042,44.40700317095595,-0.3469364943155355,50.357142857142854,59.51417003711256,34.84848484690083,31.0,22.0,6.0,22.8,1,45750.0,44704.0,0.023398353614888526,-0.0013333333333333042,0.0011120058284443178,45733.0,45438.0,-0.0009621061377998172,0.005524010739909206,0,0.0008982014242942454,45779.52818767959,45496.97181232041,0.006191218448542152,1,7170.91928251121,-2689.174839180082,45638.25,6.18284785918829,0.6692160611829093,0.0005036569876932795,-1,0.9595999999999999,32711.0,3843.0,0.0,923.0,0.0,379.0,-544.0,0.0
2026-06-15 09:48:00,45700.0,45728.0,45700.0,45716.0,197,09:48:00,2026-06-15,0,0.0005909518702531535,197,45648.529197611766,0.001478049864348367,44.634042761215824,44.45241108900793,0.18163167220789234,49.857142857142854,64.68401486652202,96.15384614829881,16.0,12.0,0.0,19.2,0,45750.0,44704.0,0.023398353614888526,-0.0007431693989070876,0.001463333420958121,45733.0,45438.0,-0.0003717228259681112,0.006118227034640475,0,0.0014780281448137653,45777.757339237854,45520.64266076214,0.005632402725035908,1,8338.937037037036,3098.951428515558,45649.2,6.674886970817282,0.7529141983537058,0.0005909518702531535,-1,0.9595999999999999,32711.0,3843.0,0.0,923.0,0.0,379.0,-544.0,0.0
2026-06-15 09:49:00,45723.0,45730.0,45696.0,45710.0,170,09:49:00,2026-06-15,0,-0.00013124507830952759,170,45648.95485686484,0.0013372736205367842,44.09645658518275,44.3812201882429,-0.28476360306014925,49.42857142857143,69.87951806836018,89.28571428093112,13.0,7.0,14.0,20.6,0,45750.0,44704.0,0.023398353614888526,-0.0008743169398906913,0.0011334205756900204,45733.0,45438.0,-0.0005029191174862681,0.005986178969144638,0,0.001337001377301142,45776.22747331061,45540.27252668939,0.00516784910988078,1,7794.08224674022,-3858.9630636270185,45658.25,6.5090825809711435,0.6572588439951392,-0.00013124507830952759,1,0.9595999999999999,32711.0,3843.0,0.0,923.0,0.0,379.0,-544.0,0.0
2026-06-15 09:50:00,45709.0,45714.0,45666.0,45687.0,145,09:50:00,2026-06-15,0,-0.0005031721723911531,145,45649.18261813238,0.0008284350277194228,41.33798927821044,43.77257400623641,-2.4345847280259676,49.785714285714285,59.16666666321528,48.21428571170281,22.0,5.0,21.0,17.6,1,45750.0,44704.0,0.023398353614888526,-0.0013770491803278388,0.000418236879733864,45733.0,45438.0,-0.0010058382349725362,0.00547999471807726,0,0.0008280954864931711,45757.460094487105,45578.3399055129,0.003922233975597825,1,6637.890781563126,-743.3196218622347,45667.9,6.496743411502732,0.5672926447552141,-0.0005031721723911531,1,0.9595999999999999,32711.0,3843.0,0.0,923.0,0.0,379.0,-544.0,0.0
2026-06-15 09:51:00,45692.0,45703.0,45672.0,45681.0,119,09:51:00,2026-06-15,0,-0.00013132838663076907,119,45649.350577180856,0.0006933159490545804,38.227076268150995,42.663474458619326,-4.436398190468331,48.214285714285715,51.62790697338237,0.0,11.0,11.0,9.0,18.6,0,45750.0,44704.0,0.023398353614888526,-0.0015081967213114425,0.00011713024335720297,45733.0,45524.0,-0.0011370345264906931,0.0034487303400403428,0,0.0006929167470882933,45735.359031304084,45615.94096869592,0.0026144797634661487,1,6744.465260545906,-1912.0803639712728,45675.65,5.794186973704767,0.4777197912465768,-0.00013132838663076907,1,0.9595999999999999,32711.0,3843.0,0.0,923.0,0.0,379.0,-544.0,0.0
2026-06-15 09:52:00,45684.0,45721.0,45672.0,45718.0,178,09:52:00,2026-06-15,0,0.0008099647555876999,178,45649.72544686131,0.001495618045242433,38.30568201504502,41.791915969904466,-3.4862339548594434,48.357142857142854,56.11814345660061,56.06060605805786,34.0,3.0,12.0,19.2,1,45750.0,44704.0,0.023398353614888526,-0.000699453551912553,0.0008285874718011591,45733.0,45600.0,-0.0003279907287953922,0.0025877192982455576,0,0.001494621912114747,45738.28333130609,45622.01666869391,0.0025452338184567373,1,10059.09023485785,2906.061183874395,45680.15,4.79650446523935,0.7725694444410913,0.0008099647555876999,-1,0.9595999999999999,32711.0,3843.0,0.0,923.0,0.0,379.0,-544.0,0.0
2026-06-15 09:53:00,45715.0,45744.0,45703.0,45732.0,233,09:53:00,2026-06-15,0,0.00030622511920896933,233,45650.41133825187,0.0017872492132346397,39.04754484221485,41.24304174436654,-2.195496902151696,48.142857142857146,57.377049177035744,89.47368420581718,17.0,12.0,12.0,19.4,0,45750.0,44704.0,0.023398353614888526,-0.0003934426229508111,0.0010364531631521202,45744.0,45600.0,-0.000262329485834202,0.0028947368421052,0,0.001785909747543832,45744.26375678662,45625.036243213384,0.002609793739762299,1,12610.125443786983,8997.187297525077,45684.65,3.667784154734507,1.0702802021080833,0.00030622511920896933,0,0.9595999999999999,32711.0,3843.0,0.0,923.0,0.0,379.0,-544.0,0.0
2026-06-15 09:54:00,45729.0,45730.0,45688.0,45690.0,126,09:54:00,2026-06-15,0,-0.000918394122277566,126,45650.663123008286,0.0008616934410288398,35.83336278551724,40.161105952596685,-4.327743167079447,46.642857142857146,51.85185184916324,54.83870967565036,39.0,1.0,2.0,24.6,1,45750.0,44704.0,0.023398353614888526,-0.001311475409836037,5.9097385925564225e-05,45744.0,45600.0,-0.0011804826862539092,0.0019736842105262725,0,0.0008610024446993667,45742.54719567356,45632.05280432645,0.0024184924770582765,1,7187.191011235955,656.4282468469768,45687.3,2.55059314974203,0.5872756933088451,-0.000918394122277566,1,0.9595999999999999,32711.0,3843.0,0.0,923.0,0.0,379.0,-544.0,0.0
2026-06-15 09:55:00,45694.0,45707.0,45655.0,45707.0,144,09:55:00,2026-06-15,0,0.00037207266360250735,144,45650.87672726351,0.0012294018595040983,34.26289692588762,38.98146414725487,-4.718567221367252,46.642857142857146,53.40501791846713,42.46575342291237,13.0,0.0,39.0,22.8,0,45750.0,44704.0,0.023398353614888526,-0.0009398907103824931,0.00032609575834774787,45744.0,45602.0,-0.0008088492479887896,0.002302530590763513,0,0.0012282926969101905,45734.659679439574,45649.54032056042,0.0018628900593132814,1,8227.26,-1821.0694924576703,45692.1,2.6160159281432067,0.6773283160833616,0.00037207266360250735,-1,0.9595999999999999,32711.0,3843.0,0.0,923.0,0.0,379.0,-544.0,0.0
2026-06-15 09:56:00,45705.0,45712.0,45662.0,45666.0,143,09:56:00,2026-06-15,0,-0.0008970179622377339,143,45651.03425754309,0.0003278292091363835,29.371359321608907,37.059443182125676,-7.68808386051677,45.357142857142854,47.151898732088206,16.99999999949,39.0,7.0,4.0,28.4,1,45750.0,44704.0,0.023398353614888526,-0.0018360655737704517,-0.0005963681725418832,45744.0,45626.0,-0.0017051416579223133,0.0008766931135755738,0,0.000327526329532443,45731.218823752606,45655.281176247394,0.0016619007732041509,1,7925.046116504855,-3715.3312615065774,45693.25,1.8824703702443915,0.6896551724104671,-0.0008970179622377339,1,0.9595999999999999,32711.0,3843.0,0.0,923.0,0.0,379.0,-544.0,0.0
2026-06-15 09:57:00,45675.0,45689.0,45651.0,45659.0,153,09:57:00,2026-06-15,0,-0.00015328690929794497,153,45651.12228908111,0.0001725633571285202,24.645837160744122,34.57672197784937,-9.930884817105245,44.5,40.41095890217208,26.153846152639062,16.0,14.0,8.0,24.8,0,45750.0,44704.0,0.023398353614888526,-0.001989071038251323,-0.0007331618974667455,45744.0,45634.0,-0.001858167191325598,0.0005478371389753135,0,0.00017240708910408605,45732.60250022786,45652.39749977214,0.0017553209050877568,1,8743.212765957447,2164.9929051404315,45692.5,1.1381718770855553,0.7578008915267073,-0.00015328690929794497,1,0.9595999999999999,32711.0,3843.0,0.0,923.0,0.0,379.0,-544.0,0.0
2026-06-15 09:58:00,45657.0,45663.0,45595.0,45611.0,303,09:58:00,2026-06-15,0,-0.0010512713813267682,303,45650.805438837866,-0.0008719547980636551,16.833580913225887,31.028093764924673,-14.194512851698786,46.785714285714285,35.32934131588439,0.0,46.0,6.0,16.0,30.6,1,45750.0,44704.0,0.023398353614888526,-0.0030382513661201525,-0.0016984543190204308,45744.0,45595.0,-0.0029074851346624062,0.00035091567057790655,0,-0.0008712334989004934,45742.82137856002,45634.37862143998,0.002373518932951184,1,15903.490218642117,9330.239008664023,45688.6,-0.7659967477966652,1.5191777387740328,-0.0010512713813267682,0,0.9595999999999999,32711.0,3843.0,0.0,923.0,0.0,379.0,-544.0,0.0
2026-06-15 09:59:00,45605.0,45630.0,45575.0,45594.0,275,09:59:00,2026-06-15,0,-0.000372717107715248,275,45650.287801825674,-0.0012330218392056212,9.164906292935484,26.655456270526837,-17.490549977591353,46.57142857142857,38.06451612731322,0.0,11.0,25.0,19.0,25.0,0,45750.0,44704.0,0.023398353614888526,-0.003409836065573696,-0.001959131852857116,45744.0,45575.0,-0.0032791185729275254,0.000416895227646727,0,-0.0012321254244020933,45752.07803851552,45614.92196148448,0.0030023110539044327,1,12316.65029469548,5541.424130068576,45683.5,-2.1337943788196285,1.3767209011195158,-0.000372717107715248,0,0.9595999999999999,32711.0,3843.0,0.0,923.0,0.0,379.0,-544.0,0.0
2026-06-15 10:00:00,45596.0,45661.0,45593.0,45657.0,172,10:00:00,2026-06-15,0,0.0013817607579944546,172,45650.20420629115,0.0001488666661410839,8.077883085657959,22.93994163355306,-14.862058547895103,48.285714285714285,48.78706199276814,49.218749998846434,61.0,4.0,3.0,34.6,1,45750.0,44704.0,0.023398353614888526,-0.0020327868852458575,-0.0005549189128842538,45744.0,45575.0,-0.0019018887722979647,0.0017992320351069271,0,0.00014876191152272703,45751.939094716625,45612.76090528337,0.0030466512653847607,1,7507.652007648184,-1413.165607864468,45682.35,-2.22137112217573,0.8872839824560884,0.0013817607579944546,0,0.9595999999999999,32711.0,3843.0,0.0,923.0,0.0,379.0,-544.0,0.0
2026-06-15 10:01:00,45657.0,45668.0,45612.0,45619.0,145,10:01:00,2026-06-15,0,-0.0008322929671243928,145,45650.11344369656,-0.0006815633379516617,4.102832047654374,19.172519716373326,-15.069687668718952,48.07142857142857,40.93264248556203,53.38983050711721,38.0,11.0,7.0,34.4,1,45750.0,44704.0,0.023398353614888526,-0.0028633879781420142,-0.0013113275494812736,45744.0,45575.0,-0.002732598810772938,0.0009654415798134731,0,-0.000681133821010529,45753.93795529637,45603.86204470363,0.0032854536907136436,1,6311.789122137405,-6031.192502172444,45678.9,-2.1230678987749876,0.7637608638358507,-0.0008322929671243928,1,0.9595999999999999,32711.0,3843.0,0.0,923.0,0.0,379.0,-544.0,0.0
2026-06-15 10:02:00,45624.0,45652.0,45607.0,45640.0,156,10:02:00,2026-06-15,0,0.0004603345097438094,156,45650.016859013784,-0.00021942727961568319,2.616933575736766,15.861402488246014,-13.244468912509248,48.5,39.99999999852632,68.85245901470034,16.0,12.0,17.0,34.4,0,45750.0,44704.0,0.023398353614888526,-0.002404371584699401,-0.0008034731055438833,45744.0,45575.0,-0.0022735222105630844,0.00142622051563354,0,-0.00021929909590192527,45753.66369614653,45599.73630385347,0.0033699324227243967,1,6774.348239771646,-4499.845268246989,45676.7,-1.4885024133446232,0.8267090619987987,0.0004603345097438094,0,0.9595999999999999,32711.0,3843.0,0.0,923.0,0.0,379.0,-544.0,0.0
2026-06-15 10:03:00,45639.0,45645.0,45608.0,45630.0,81,10:03:00,2026-06-15,0,-0.0002191060473268891,81,45649.95155472188,-0.00043705533176670547,0.625224703704589,12.814166931337729,-12.18894222763314,48.714285714285715,39.583333331890195,30.434782607372398,9.0,6.0,22.0,27.0,0,45750.0,44704.0,0.023398353614888526,-0.002622950819672074,-0.0009294443367937601,45744.0,45575.0,-0.0024921301154249196,0.0012068019747668414,0,-0.0004368400364307806,45749.894649153,45595.005350846994,0.003391306976218781,1,4458.419782870928,-4061.499150028459,45672.45,-2.1671389497259783,0.447143251446607,-0.0002191060473268891,1,0.9595999999999999,32711.0,3843.0,0.0,923.0,0.0,379.0,-544.0,0.0
2026-06-15 10:04:00,45626.0,45633.0,45585.0,45586.0,106,10:04:00,2026-06-15,0,-0.0009642778873547586,106,45649.76636241675,-0.0013968606522649,-4.452327543083811,9.360868036453422,-13.813195579537233,48.714285714285715,37.5308641962335,27.99999999888,40.0,7.0,1.0,32.8,1,45750.0,44704.0,0.023398353614888526,-0.0035846994535518343,-0.0017584082791905881,45744.0,45575.0,-0.0034540048968169936,0.00024136039495336828,0,-0.001396354914165276,45750.742693107684,45581.85730689232,0.0036982498300794924,0,7321.387878787878,1599.5444985788533,45666.3,-2.7583851625145406,0.6098964326777336,-0.0009642778873547586,1,0.9595999999999999,32711.0,3843.0,0.0,923.0,0.0,379.0,-544.0,0.0
2026-06-15 10:05:00,45582.0,45585.0,45526.0,45526.0,301,10:05:00,2026-06-15,0,-0.0013161935682007853,301,45648.65242276654,-0.002686879376648795,-13.16605277868075,4.8554838734265875,-18.021536652107336,50.785714285714285,33.11546840857601,0.0,56.0,3.0,0.0,31.8,1,45750.0,44704.0,0.023398353614888526,-0.004896174863387871,-0.002917265304692027,45744.0,45526.0,-0.0047656523259880035,0.0,0,-0.0026862586897392093,45764.374741806285,45554.02525819371,0.004606946324345827,0,17367.967046894802,15637.842095168482,45659.2,-3.8312750264357978,1.6570327552895292,-0.0013161935682007853,0,0.9595999999999999,32711.0,3843.0,0.0,923.0,0.0,379.0,-544.0,0.0
2026-06-15 10:06:00,45525.0,45560.0,45507.0,45542.0,220,10:06:00,2026-06-15,0,0.000351447524491455,220,45647.78078003927,-0.0023173257983556237,-18.566651720771915,0.17105675458688685,-18.7377084753588,51.07142857142857,29.908675798130787,13.333333332999999,17.0,18.0,18.0,27.6,0,45750.0,44704.0,0.023398353614888526,-0.004546448087431595,-0.002431384574945734,45744.0,45507.0,-0.004415879678209068,0.0007691124442393309,0,-0.0023170608730919543,45770.39631482749,45535.60368517251,0.005142983586072762,0,11596.342592592593,16009.98371024927,45653.0,-4.258584770468213,1.2422360248377062,0.000351447524491455,0,0.9595999999999999,32711.0,3843.0,0.0,923.0,0.0,379.0,-544.0,0.0
2026-06-15 10:07:00,45541.0,45553.0,45516.0,45518.0,119,10:07:00,2026-06-15,0,-0.0005269860787844305,119,45647.284260690365,-0.002832244300712906,-24.500834348087665,-4.763321465948024,-19.73751288213964,50.785714285714285,26.116071427755315,15.99999999952,23.0,12.0,2.0,29.0,0,45750.0,44704.0,0.023398353614888526,-0.0050710382513660095,-0.002770325855607732,45744.0,45507.0,-0.004940538649877472,0.00024172105390378971,0,-0.002832420166972375,45774.98005299577,45513.91994700422,0.005719427137177556,0,6549.748488512697,-1053.952342165668,45644.45,-4.784709950227152,0.6827309236908621,-0.0005269860787844305,1,0.9595999999999999,32711.0,3843.0,0.0,923.0,0.0,379.0,-544.0,0.0
2026-06-15 10:08:00,45526.0,45558.0,45515.0,45533.0,112,10:08:00,2026-06-15,0,0.00032953996221274373,112,45646.84554466994,-0.0024940506471257833,-27.674329747300362,-9.345523122218491,-18.32880662508187,50.714285714285715,31.353919238862346,56.36363636056199,7.0,25.0,11.0,28.6,0,45750.0,44704.0,0.023398353614888526,-0.0047431693989070005,-0.002241685712595308,45744.0,45507.0,-0.004612626792584719,0.000571340672863503,0,-0.0024946816317617006,45770.291773622004,45500.308226378,0.005916112028276285,0,5943.701631701631,-6577.779301599781,45635.3,-5.234432491150564,0.6586298147564914,0.00032953996221274373,-1,0.9595999999999999,32711.0,3843.0,0.0,923.0,0.0,379.0,-544.0,0.0
2026-06-15 10:09:00,45531.0,45613.0,45530.0,45606.0,196,10:09:00,2026-06-15,0,0.0016032328201525115,196,45646.410677879714,-0.000885298039420572,-24.021947741006443,-12.280808045976084,-11.741139695030359,52.92857142857143,39.41299790240716,78.57142856932398,75.0,7.0,1.0,35.6,1,45750.0,44704.0,0.023398353614888526,-0.0031475409836064887,-0.0005281601399076053,45744.0,45507.0,-0.0030167890870933236,0.0021754894851341074,0,-0.000885614493058599,45760.92394758379,45499.27605241621,0.005734107423993724,0,9429.088607594937,-1868.9116570098881,45630.1,-5.0160997086722565,1.1438576013939665,0.0016032328201525115,0,0.9595999999999999,32711.0,3843.0,0.0,923.0,0.0,379.0,-544.0,0.0
2026-06-15 10:10:00,45602.0,45628.0,45589.0,45595.0,144,10:10:00,2026-06-15,0,-0.00024119633381569638,144,45646.1995043799,-0.0011216597424499601,-21.764133374366793,-14.177473111654226,-7.5866602627125665,52.142857142857146,42.05816554678117,88.88888888619529,7.0,26.0,6.0,25.8,0,45750.0,44704.0,0.023398353614888526,-0.003387978142076429,-0.0006684858248128642,45744.0,45507.0,-0.003257257782441342,0.0019337684312303177,0,-0.0011221686201773626,45754.35487552134,45496.64512447866,0.005648370999609369,0,8300.480404551201,2672.975793053783,45625.5,-4.151654801404572,0.8406304728497336,-0.00024119633381569638,0,0.9595999999999999,32711.0,3843.0,0.0,923.0,0.0,379.0,-544.0,0.0
2026-06-15 10:11:00,45595.0,45598.0,45549.0,45549.0,92,10:11:00,2026-06-15,0,-0.0010088825529115386,92,45645.94306953444,-0.0021238047242613006,-23.41668185207527,-16.025314859738437,-7.391366992336835,52.92857142857143,38.68312757090213,56.15384615255029,46.0,3.0,0.0,31.6,1,45750.0,44704.0,0.023398353614888526,-0.004393442622950724,-0.0015322596555375058,45744.0,45507.0,-0.004262854144805784,0.0009229349330871972,0,-0.0021250637243431917,45749.29841780742,45488.501582192584,0.005716859363439896,0,6320.524886877828,633.9875022769528,45618.9,-3.5937092557738097,0.5413356869635697,-0.0010088825529115386,1,0.9595999999999999,32711.0,3843.0,0.0,923.0,0.0,379.0,-544.0,0.0
2026-06-15 10:12:00,45545.0,45565.0,45536.0,45540.0,97,10:12:00,2026-06-15,0,-0.00019758940920766577,97,45645.613361274285,-0.00231376803808896,-25.162505510088522,-17.852752989808454,-7.3097525202800675,50.142857142857146,42.05816554678117,0.0,5.0,20.0,4.0,28.0,0,45750.0,44704.0,0.023398353614888526,-0.00459016393442613,-0.0015347511510633298,45744.0,45507.0,-0.004459601259181435,0.0007251631617113691,0,-0.0023155746826196625,45736.14778300136,45483.85221699864,0.005531584433297882,0,6891.388455538222,-2691.3525343400097,45610.0,-4.404987058980486,0.5846895720278199,-0.00019758940920766577,1,0.9595999999999999,32711.0,3843.0,0.0,923.0,0.0,379.0,-544.0,0.0
2026-06-15 10:13:00,45545.0,45574.0,45536.0,45553.0,100,10:13:00,2026-06-15,0,0.0002854633289415265,100,45645.30085475938,-0.0020221326846562348,-25.20652683177468,-19.3235077582017,-5.8830190735729815,48.92857142857143,45.37246049518011,19.117647057980108,8.0,21.0,9.0,28.2,0,45750.0,44704.0,0.023398353614888526,-0.004306010928961655,-0.0010537038072588648,45730.0,45507.0,-0.003870544500327928,0.0010108334981431208,0,-0.002024094944291329,45715.621007622976,45486.47899237703,0.005024928488399759,0,7242.130365659777,-1275.046728995498,45601.05,-5.358845382515718,0.6279434850823992,0.0002854633289415265,-1,0.9595999999999999,32711.0,3843.0,0.0,923.0,0.0,379.0,-544.0,0.0
2026-06-15 10:14:00,45556.0,45576.0,45542.0,45566.0,91,10:14:00,2026-06-15,0,0.00028538186288495915,91,45645.04006825938,-0.0017316244687523843,-23.9167255672146,-20.242151320004282,-3.674574247210316,46.5,38.42239185613763,74.28571427934693,10.0,10.0,14.0,15.2,0,45750.0,44704.0,0.023398353614888526,-0.00402185792349718,-0.0006327469001432819,45712.0,45507.0,-0.0031939096954847045,0.0012965038345748722,0,-0.0017335306127639625,45702.356229921614,45487.34377007838,0.004715718109462486,0,7913.179389312977,2519.813672028555,45594.85,-5.27193772756531,0.5777777777741094,0.00028538186288495915,-1,0.9595999999999999,32711.0,3843.0,0.0,923.0,0.0,379.0,-544.0,0.0
2026-06-15 10:15:00,45551.0,45555.0,45513.0,45517.0,149,10:15:00,2026-06-15,0,-0.0010753632094104848,149,45644.44957949902,-0.0027922251374077737,-26.54247414263955,-21.502215884531335,-5.040258258108214,46.285714285714285,37.37623762246716,34.666666665280005,34.0,4.0,4.0,20.6,1,45750.0,44704.0,0.023398353614888526,-0.005092896174863277,-0.0014993852191547735,45712.0,45507.0,-0.004265838291914503,0.00021974641263980884,0,-0.0027958451454034874,45684.37317643848,45486.32682356152,0.0043445175451533695,0,12820.478260869566,8603.621525015713,45585.35,-5.404516553387734,0.9445324881081172,-0.0010753632094104848,0,0.9595999999999999,32711.0,3843.0,0.0,923.0,0.0,379.0,-544.0,0.0
2026-06-15 10:16:00,45513.0,45561.0,45513.0,45559.0,133,10:16:00,2026-06-15,0,0.0009227321660039145,133,45643.99945913055,-0.0018622263635476898,-24.946778876743338,-22.191128482973735,-2.755650393769603,46.5,40.470588233960974,52.884615383089866,46.0,2.0,0.0,20.6,1,45750.0,44704.0,0.023398353614888526,-0.004174863387978051,-0.0004607283896445709,45689.0,45507.0,-0.0028453238197377302,0.001142681345727006,0,-0.0018648411393275427,45671.98855763153,45488.01144236847,0.004036356192695315,1,10630.433333333332,4678.599799500947,45580.0,-4.616121777898296,0.8457869634286437,0.0009227321660039145,0,0.9595999999999999,32711.0,3843.0,0.0,923.0,0.0,379.0,-544.0,0.0
2026-06-15 10:17:00,45564.0,45592.0,45558.0,45586.0,155,10:17:00,2026-06-15,0,0.0005926381176057927,155,45643.65892098508,-0.001263240554068915,-21.25845034787926,-22.00459285595484,0.7461425080755788,46.285714285714285,45.022624432963084,58.474576269699796,22.0,6.0,6.0,24.0,0,45750.0,44704.0,0.023398353614888526,-0.0035846994535518343,0.0002117326200979509,45668.0,45507.0,-0.0017955680126127312,0.00173599665985449,0,-0.0012651061567035922,45660.608437018585,45492.09156298141,0.0036974631368499235,1,11251.321656050955,4218.458981539399,45576.35,-4.05747578948061,0.985065141398252,0.0005926381176057927,0,0.9595999999999999,32711.0,3843.0,0.0,923.0,0.0,379.0,-544.0,0.0
2026-06-15 10:18:00,45585.0,45590.0,45541.0,45564.0,129,10:18:00,2026-06-15,0,-0.0004826043083402398,129,45643.31917007076,-0.0017378046012650765,-19.8814584765787,-21.579965980079614,1.6985075035009132,46.357142857142854,47.38095237937301,75.82417582167612,21.0,5.0,23.0,26.6,0,45750.0,44704.0,0.023398353614888526,-0.004065573770491715,-0.00021942335542194633,45668.0,45507.0,-0.0022773057720941957,0.0012525545520469105,0,-0.0017404478446210435,45656.79842356989,45491.20157643011,0.003633581584670547,1,8946.356164383562,-3021.8233810438496,45574.0,-2.489835001814957,0.8678102926278655,-0.0004826043083402398,0,0.9595999999999999,32711.0,3843.0,0.0,923.0,0.0,379.0,-544.0,0.0
2026-06-15 10:19:00,45566.0,45566.0,45529.0,45546.0,76,10:19:00,2026-06-15,0,-0.00039504872267581703,76,45643.07468884287,-0.0021268218564293277,-20.011946799902944,-21.266362144044283,1.2544153441413393,44.714285714285715,52.64550264355281,40.298507460882156,20.0,0.0,17.0,28.6,0,45750.0,44704.0,0.023398353614888526,-0.004459016393442526,-0.0005617533727145412,45668.0,45507.0,-0.002671454848033576,0.0008570110092952545,0,-0.0021301575727617032,45654.739451642075,45488.46054835792,0.0036487396379356915,1,5391.738317757009,-4928.01643292339,45571.6,-1.8429135585786431,0.5479452054755015,-0.00039504872267581703,1,0.9595999999999999,32711.0,3843.0,0.0,923.0,0.0,379.0,-544.0,0.0
2026-06-15 10:20:00,45545.0,45565.0,45545.0,45565.0,56,10:20:00,2026-06-15,0,0.00041716067272656865,56,45642.91649443296,-0.0017070884250453668,-18.370455351789133,-20.687180785593256,2.316725433804123,42.357142857142854,53.01837270146389,32.20338982887101,20.0,0.0,0.0,25.8,0,45750.0,44704.0,0.023398353614888526,-0.0040437158469944475,-4.389141264511502e-05,45668.0,45507.0,-0.0022554086012086744,0.0012745291933108913,0,-0.0017099325045089376,45639.77940713938,45494.22059286062,0.0031943909908213604,1,4647.7959927140255,-5869.111083305984,45567.0,-2.051502588513241,0.4213694507116526,0.00041716067272656865,-1,0.9595999999999999,32711.0,3843.0,0.0,923.0,0.0,379.0,-544.0,0.0
2026-06-15 10:21:00,45563.0,45570.0,45547.0,45547.0,34,10:21:00,2026-06-15,0,-0.00039504005267199105,34,45642.816584532055,-0.0020992697581359134,-18.310934070781514,-20.21193144263091,1.900997371849396,41.357142857142854,53.86666666465565,34.54545454357026,16.0,7.0,0.0,19.8,0,45750.0,44704.0,0.023398353614888526,-0.004437158469945258,-0.00035993802042870145,45652.0,45507.0,-0.0023000087619380904,0.0008789856505592354,0,-0.002102928765896585,45632.37261087513,45494.427389124874,0.003027544514901255,1,3441.3288888888887,-6153.373702481014,45563.4,-2.3258875674723627,0.2669807616783119,-0.00039504005267199105,1,0.9595999999999999,32711.0,3843.0,0.0,923.0,0.0,379.0,-544.0,0.0
2026-06-15 10:22:00,45547.0,45555.0,45530.0,45538.0,98,10:22:00,2026-06-15,0,-0.00019759808549413282,98,45642.48541874102,-0.002289214046571443,-18.773577693107654,-19.92426069272626,1.1506829996186063,40.07142857142857,50.677506773145026,41.304347823393186,9.0,8.0,8.0,17.2,0,45750.0,44704.0,0.023398353614888526,-0.004633879781420664,-0.0004455829124441093,45645.0,45507.0,-0.0023441778946214848,0.0006812138791834075,0,-0.0022934441965792004,45617.86721102992,45498.73278897008,0.0026149883129931908,1,11355.531806615776,11060.984672082037,45558.3,-2.918484319180287,0.7874648453130778,-0.00019759808549413282,1,0.9595999999999999,32711.0,3843.0,0.0,923.0,0.0,379.0,-544.0,0.0
2026-06-15 10:23:00,45542.0,45548.0,45515.0,45548.0,94,10:23:00,2026-06-15,0,0.00021959682023808824,94,45642.15734736192,-0.0020629469077311515,-18.12438306452532,-19.564285167086073,1.4399021025607546,36.5,40.522875815139486,27.027027024835647,6.0,0.0,27.0,14.2,0,45750.0,44704.0,0.023398353614888526,-0.0044153005464479915,-0.00013610161082835292,45633.0,45507.0,-0.001862687090482724,0.0009009602918232162,0,-0.002066930104401327,45603.36823962459,45505.0317603754,0.00215866987564681,1,11959.530726256984,15731.617190179979,45554.2,-2.8090504092880617,0.7513988808892774,0.00021959682023808824,-1,0.9595999999999999,32711.0,3843.0,0.0,923.0,0.0,379.0,-544.0,0.0
2026-06-15 10:24:00,45542.0,45545.0,45518.0,45534.0,43,10:24:00,2026-06-15,0,-0.00030736805128650513,43,45642.00132157135,-0.002366270506203722,-18.52601823513396,-19.35663178069565,0.8306135455616896,35.857142857142854,40.12944983636954,30.30303030027548,8.0,3.0,16.0,11.8,0,45750.0,44704.0,0.023398353614888526,-0.004721311475409733,-0.00038637501207417873,45628.0,45507.0,-0.0020601385114402985,0.0005933153141274839,0,-0.002370966586713652,45599.1611517544,45504.0388482456,0.0020882318844739176,1,6024.498461538462,7506.314147973251,45551.6,-2.5897979518655125,0.35260352603236894,-0.00030736805128650513,1,0.9595999999999999,32711.0,3843.0,0.0,923.0,0.0,379.0,-544.0,0.0
2026-06-15 10:25:00,45539.0,45573.0,45539.0,45562.0,130,10:25:00,2026-06-15,0,0.000614925110906217,130,45641.64206994111,-0.0017449431337081408,-16.395948716548446,-18.76449516786621,2.3685464513177656,35.142857142857146,52.23367697343206,73.0769230727071,23.0,11.0,0.0,12.4,1,45750.0,44704.0,0.023398353614888526,-0.004109289617486249,0.0001887894207676783,45628.0,45507.0,-0.0014464802314368055,0.0012086052695189486,0,-0.0017483232852236793,45599.58680602662,45507.21319397338,0.0020278093853200686,1,14844.761904761905,3072.7139490845248,45553.4,-1.0755449610721768,1.1463844797077039,0.000614925110906217,0,0.9595999999999999,32711.0,3843.0,0.0,923.0,0.0,379.0,-544.0,0.0
2026-06-15 10:26:00,45565.0,45565.0,45499.0,45524.0,343,10:26:00,2026-06-15,0,-0.0008340283569641116,343,45640.38891780525,-0.0025501298425579452,-17.57158144452842,-18.525912423198655,0.9543309786702352,37.785714285714285,47.499999997921876,34.9999999986875,41.0,0.0,25.0,17.4,1,45750.0,44704.0,0.023398353614888526,-0.004939890710382406,-0.0006256517205422178,45628.0,45499.0,-0.0022793021828701175,0.000549462625552198,0,-0.002555050058838617,45600.295617486765,45504.704382513235,0.002098484934384015,1,22054.706214689264,8441.11338438093,45552.5,-0.37318183614180245,2.8690924299216305,-0.0008340283569641116,0,0.9595999999999999,32711.0,3843.0,0.0,923.0,0.0,379.0,-544.0,0.0
2026-06-15 10:27:00,45519.0,45551.0,45488.0,45547.0,412,10:27:00,2026-06-15,0,0.0005052280115982466,412,45638.91133795583,-0.0020138810339981198,-16.45765744001983,-18.112261426562892,1.6546039865430622,39.57142857142857,49.09090908882644,57.303370784585276,28.0,4.0,31.0,21.2,1,45750.0,44704.0,0.023398353614888526,-0.004437158469945258,-0.00015256635264333692,45628.0,45488.0,-0.0017752257385815339,0.001297045374604263,0,-0.0020176370645318574,45599.02058789327,45508.879412106726,0.0019787784766533006,1,18361.412915851273,20477.911203852087,45553.95,0.5158984536215072,3.0700447093660954,0.0005052280115982466,0,0.9595999999999999,32711.0,3843.0,0.0,923.0,0.0,379.0,-544.0,0.0
2026-06-15 10:28:00,45549.0,45595.0,45539.0,45541.0,264,10:28:00,2026-06-15,0,-0.00013173205699601453,264,45638.23421186656,-0.002130542812308843,-15.876005784746667,-17.665010298199647,1.78900451345298,41.142857142857146,46.13003095775287,34.328358207418134,8.0,46.0,2.0,21.6,0,45750.0,44704.0,0.023398353614888526,-0.004568306010928862,-0.0002930565357643837,45628.0,45488.0,-0.0019067239414394253,0.0011651424551529818,0,-0.0021344660140372946,45598.775099572114,45509.92490042788,0.0019504218399391013,1,10086.261744966443,-3205.5079026016774,45554.35,0.20854645317299905,1.8617771509036547,-0.00013173205699601453,0,0.9595999999999999,32711.0,3843.0,0.0,923.0,0.0,379.0,-544.0,0.0
2026-06-15 10:29:00,45548.0,45598.0,45548.0,45580.0,121,10:29:00,2026-06-15,0,0.0008563711820117614,121,45637.99287609263,-0.001270714867984587,-12.12826154447248,-16.557660547454216,4.429399002981736,41.42857142857143,60.06389776089171,91.17647058421281,32.0,18.0,0.0,26.4,1,45750.0,44704.0,0.023398353614888526,-0.003715846994535438,0.0005916179048383478,45628.0,45488.0,-0.0010519856228631312,0.002022511431586308,0,-0.0012730843728932652,45592.33559396326,45513.764406036746,0.0017248282590630664,1,4342.6614173228345,-8030.959299548294,45553.05,0.12073980571931517,0.8764940238980333,0.0008563711820117614,0,0.9595999999999999,32711.0,3843.0,0.0,923.0,0.0,379.0,-544.0,0.0
2026-06-15 10:30:00,45579.0,45608.0,45562.0,45607.0,166,10:30:00,2026-06-15,0,0.0005923650724002361,166,45637.75379827356,-0.0006738674828190622,-6.899934728935477,-14.626115383750468,7.726180654814991,41.285714285714285,58.05369127244043,91.66666666284722,28.0,1.0,17.0,27.4,1,45750.0,44704.0,0.023398353614888526,-0.0031256830601092216,0.0011711465491787679,45608.0,45488.0,-2.1925977898613798e-05,0.0026160745691170724,0,-0.0006751116161615742,45595.88879481925,45511.41120518075,0.001854463684874745,1,5796.908116385911,-6842.885597664718,45553.65,-0.06585597955734562,1.1929572403794972,0.0005923650724002361,0,0.9595999999999999,32711.0,3843.0,0.0,923.0,0.0,379.0,-544.0,0.0
2026-06-15 10:31:00,45604.0,45647.0,45599.0,45638.0,211,10:31:00,2026-06-15,0,0.0006797202183874695,211,45637.689310856265,6.807731689008223e-06,-0.2521010731215938,-11.751312521624694,11.4992114485031,42.285714285714285,58.609271520461824,99.99999999690722,34.0,9.0,5.0,26.0,1,45750.0,44704.0,0.023398353614888526,-0.0024480874316939356,0.0017538044826276712,45647.0,45488.0,-0.00019716520253247317,0.0032975729862820243,0,6.819624693185801e-06,45614.616043352304,45501.58395664769,0.0024810535712553377,1,8202.400340715503,-1867.7498679737141,45558.1,0.8231925161921968,1.4541695382394615,0.0006797202183874695,0,0.9595999999999999,32711.0,3843.0,0.0,923.0,0.0,379.0,-544.0,0.0
2026-06-15 10:32:00,45639.0,45658.0,45624.0,45642.0,150,10:32:00,2026-06-15,0,8.764625969592821e-05,150,45637.7063581171,9.408101820905569e-05,5.278276874567382,-8.34539464238628,13.623671516953662,41.214285714285715,63.73239436305545,99.99999999516129,3.0,16.0,15.0,21.0,0,45750.0,44704.0,0.023398353614888526,-0.0023606557377048665,0.001729465884749122,45658.0,45488.0,-0.00035043146874588575,0.0033855082659162115,0,9.423486240864452e-05,45630.26352054414,45496.136479455854,0.0029437581444736825,1,7506.9078947368425,7286.422249710418,45563.2,2.228171329909672,1.0152284263890679,8.764625969592821e-05,0,0.9595999999999999,32711.0,3843.0,0.0,923.0,0.0,379.0,-544.0,0.0
2026-06-15 10:33:00,45644.0,45645.0,45621.0,45638.0,116,10:33:00,2026-06-15,0,-8.76385785022471e-05,116,45637.69540087011,6.674288156263095e-06,9.231954447554017,-4.829924824398221,14.061879271952238,40.285714285714285,67.03703703356103,89.74358973668639,6.0,1.0,17.0,20.6,0,45750.0,44704.0,0.023398353614888526,-0.0024480874316939356,0.0015482542911662025,45658.0,45488.0,-0.00043803933593235717,0.0032975729862820243,0,6.684577036748163e-06,45642.1324153077,45492.767584692294,0.003277884336635101,0,6929.3298429319375,1953.492627121432,45567.45,3.0293950100586087,0.7808818579550261,-8.76385785022471e-05,1,0.9595999999999999,32711.0,3843.0,0.0,923.0,0.0,379.0,-544.0,0.0
2026-06-15 10:34:00,45634.0,45638.0,45586.0,45586.0,139,10:34:00,2026-06-15,0,-0.0011394013760462895,139,45637.54761389069,-0.001129500084596968,8.076209475417272,-2.2486979644351224,10.324907439852394,42.57142857142857,53.46534653218312,6.666666666333327,48.0,4.0,0.0,23.8,1,45750.0,44704.0,0.023398353614888526,-0.0035846994535518343,0.0003851348904780068,45658.0,45488.0,-0.0015769416093564857,0.002154414351037589,0,-0.0011312127994410098,45643.58489621923,45493.31510378076,0.0032976717978879444,0,8102.882352941177,-121.32788408331412,45568.45,2.2718243298115035,0.9208347134751851,-0.0011394013760462895,0,0.9595999999999999,32711.0,3843.0,0.0,923.0,0.0,379.0,-544.0,0.0
2026-06-15 10:35:00,45588.0,45588.0,45542.0,45568.0,145,10:35:00,2026-06-15,0,-0.0003948580704602467,145,45637.22804747823,-0.001516920515115616,5.642777266759367,-0.6704029181962243,6.313180184955591,44.214285714285715,53.46534653218312,0.0,20.0,0.0,26.0,22.2,0,45750.0,44704.0,0.023398353614888526,-0.003978142076502646,-6.583134010664533e-05,45658.0,45488.0,-0.0019711770116956073,0.0017587055926837462,0,-0.0015191250461528056,45642.13811620532,45499.86188379468,0.0031220783483057466,0,8682.470433639948,1565.9743737195745,45571.0,1.7119078554629419,0.9618573797614471,-0.0003948580704602467,0,0.9595999999999999,32711.0,3843.0,0.0,923.0,0.0,379.0,-544.0,0.0
2026-06-15 10:36:00,45567.0,45585.0,45560.0,45581.0,80,10:36:00,2026-06-15,0,0.0002852879213484094,80,45637.0758972468,-0.0012287355432906834,4.708973943539604,0.40547245415094135,4.303501489388663,44.214285714285715,57.00325732639073,15.662650601843524,14.0,4.0,7.0,18.2,0,45750.0,44704.0,0.023398353614888526,-0.003693989071038171,0.00019529492825657059,45658.0,45488.0,-0.0016864514433395752,0.002044495251494855,0,-0.0012304874527792596,45643.13712890104,45501.062871098955,0.003117571009501079,0,5788.063492063492,-1647.0082630466222,45572.1,1.0204652663252949,0.540175557052396,0.0002852879213484094,-1,0.9595999999999999,32711.0,3843.0,0.0,923.0,0.0,379.0,-544.0,0.0
2026-06-15 10:37:00,45580.0,45593.0,45557.0,45567.0,121,10:37:00,2026-06-15,0,-0.00030714552116017924,121,45636.83607326904,-0.0015302566803035973,2.806889015737397,0.8857557664682325,1.9211332492691646,44.42857142857143,53.054662377032905,28.88888888696296,13.0,13.0,10.0,20.2,0,45750.0,44704.0,0.023398353614888526,-0.0039999999999999125,-9.106638739644192e-05,45658.0,45488.0,-0.0019930789784922253,0.0017367217727751994,0,-0.0015324623861596675,45641.91209212923,45500.387907870776,0.003105565346901447,0,9174.054908485858,1321.9648378035106,45571.15,0.5925152161208831,0.8265027322347916,-0.00030714552116017924,0,0.9595999999999999,32711.0,3843.0,0.0,923.0,0.0,379.0,-544.0,0.0
2026-06-15 10:38:00,45570.0,45570.0,45545.0,45552.0,68,10:38:00,2026-06-15,0,-0.00032918559483841037,68,45636.66745078871,-0.0018552505149506103,0.08808300090458943,0.7262212133555039,-0.6381382124509145,44.07142857142857,52.88461538224236,30.952380950170067,18.0,0.0,7.0,22.6,0,45750.0,44704.0,0.023398353614888526,-0.004327868852458922,-0.00040706113926653294,45658.0,45488.0,-0.0023216084804414928,0.001406964474146997,0,-0.0018579422629023679,45641.76937937314,45499.33062062687,0.003125675655577267,0,5601.330922242315,-3548.6898975893528,45570.55,-0.0987470101593315,0.4743634461076083,-0.00032918559483841037,1,0.9595999999999999,32711.0,3843.0,0.0,923.0,0.0,379.0,-544.0,0.0
2026-06-15 10:39:00,45560.0,45583.0,45556.0,45575.0,61,10:39:00,2026-06-15,0,0.0005049174569722314,61,45636.545923034704,-0.0013486104565954451,-0.20828163181431592,0.5393206443215399,-0.7476022761358558,43.5,52.11726384127152,44.23076922821746,15.0,8.0,4.0,16.0,0,45750.0,44704.0,0.023398353614888526,-0.0038251366120217747,6.582989554989762e-05,45658.0,45488.0,-0.0018178632441192822,0.001912592332043574,0,-0.0013505205616322045,45642.28962638428,45501.71037361572,0.0030847725087455504,0,5852.789473684211,111.82666138591972,45572.0,-0.021943250365584383,0.4277699859717548,0.0005049174569722314,-1,0.9595999999999999,32711.0,3843.0,0.0,923.0,0.0,379.0,-544.0,0.0
2026-06-15 10:40:00,45572.0,45598.0,45563.0,45568.0,76,10:40:00,2026-06-15,0,-0.00015359297860673138,76,45636.406703174114,-0.0014989502486258389,-0.9965071231854381,0.23215509082014432,-1.2286622140055825,41.285714285714285,57.971014489813065,51.11111110770371,4.0,26.0,5.0,12.8,0,45750.0,44704.0,0.023398353614888526,-0.003978142076502646,-9.106438910609581e-05,45658.0,45488.0,-0.0019711770116956073,0.0017587055926837462,0,-0.0015010637675447116,45642.38951503234,45501.910484967666,0.0030825631457955765,0,8529.970443349754,-702.0717355205013,45572.15,0.21943707806364335,0.5292479108598243,-0.00015359297860673138,1,0.9595999999999999,32711.0,3843.0,0.0,923.0,0.0,379.0,-544.0,0.0
2026-06-15 10:41:00,45572.0,45583.0,45542.0,45545.0,102,10:41:00,2026-06-15,0,-0.0005047401685392972,102,45636.16002466739,-0.001997539333241786,-3.4374643358169124,-0.5017687945072671,-2.935695541309645,39.714285714285715,49.63768115690244,43.39622641263795,27.0,11.0,3.0,15.4,1,45750.0,44704.0,0.023398353614888526,-0.004480874316939793,-0.0005935655736356455,45658.0,45488.0,-0.002474922248017818,0.0012530777347871693,0,-0.0020003494393469145,45642.445798307475,45501.65420169253,0.003089428643542298,0,10854.182242990653,9377.862857360918,45572.05,0.32915995088933525,0.6938775510156879,-0.0005047401685392972,1,0.9595999999999999,32711.0,3843.0,0.0,923.0,0.0,379.0,-544.0,0.0
2026-06-15 10:42:00,45542.0,45542.0,45502.0,45518.0,191,10:42:00,2026-06-15,0,-0.0005928202876276378,191,45635.49484867674,-0.0025746373314530467,-7.464567971510405,-1.8943286299078947,-5.570239341602511,38.785714285714285,46.12794612577175,0.0,24.0,0.0,16.0,17.6,1,45750.0,44704.0,0.023398353614888526,-0.0050710382513660095,-0.0011641162536303584,45658.0,45488.0,-0.0030662753515265,0.0006595145972564049,0,-0.00257827828581383,45644.00413121581,45498.0958687842,0.0032017753032156115,0,17457.706827309237,19828.010909676494,45571.05,-0.20846133590737506,1.2594790636250612,-0.0005928202876276378,0,0.9595999999999999,32711.0,3843.0,0.0,923.0,0.0,379.0,-544.0,0.0
2026-06-15 10:43:00,45512.0,45520.0,45500.0,45510.0,75,10:43:00,2026-06-15,0,-0.00017575464651342632,75,45635.21167539162,-0.0027437513883415672,-11.172816484133364,-3.7500262007529885,-7.422790283380375,36.142857142857146,36.84210526121883,0.0,2.0,8.0,10.0,14.4,0,45750.0,44704.0,0.023398353614888526,-0.005245901639344148,-0.001298027283809335,45658.0,45488.0,-0.003241491085899443,0.0004836440379880302,0,-0.0027477290094640133,45646.47984715783,45491.82015284217,0.0033939560934460817,0,6758.910891089109,-2076.2786506973434,45569.15,-0.6582967887185485,0.4976775049734727,-0.00017575464651342632,1,0.9595999999999999,32711.0,3843.0,0.0,923.0,0.0,379.0,-544.0,0.0
2026-06-15 10:44:00,45515.0,45523.0,45509.0,45523.0,49,10:44:00,2026-06-15,0,0.00028565150516368654,49,45635.03962507886,-0.0024551227740643305,-12.913776811867137,-5.582776322975819,-7.331000488891318,33.857142857142854,33.333333331481484,27.08333333164063,8.0,0.0,6.0,13.0,0,45750.0,44704.0,0.023398353614888526,-0.004961748633879673,-0.0010006890709830353,45658.0,45488.0,-0.002956765517543411,0.0007694336967991389,0,-0.002458702375733713,45647.12964574894,45490.07035425106,0.003446656063558537,0,4524.598377281947,-5831.470049064439,45568.6,-0.757042968223805,0.32450331125612913,0.00028565150516368654,-1,0.9595999999999999,32711.0,3843.0,0.0,923.0,0.0,379.0,-544.0,0.0
2026-06-15 10:45:00,45523.0,45530.0,45511.0,45521.0,57,10:45:00,2026-06-15,0,-4.3933835643494845e-05,57,45634.844109884834,-0.0024946751129620356,-14.290155680471798,-7.324252194475015,-6.965903485996783,31.785714285714285,23.766816142005666,56.521739123062375,2.0,7.0,10.0,12.6,0,45750.0,44704.0,0.023398353614888526,-0.005005464480874208,-0.0009996367949735476,45658.0,45488.0,-0.0030005694511366465,0.0007254660569820453,0,-0.002498414075343247,45647.8952033224,45485.20479667761,0.0035703911453640017,0,5474.044303797468,-6864.396705737792,45566.55,-0.9874690181595552,0.3868340685416571,-4.3933835643494845e-05,1,0.9595999999999999,32711.0,3843.0,0.0,923.0,0.0,379.0,-544.0,0.0
2026-06-15 10:46:00,45522.0,45530.0,45511.0,45524.0,81,10:46:00,2026-06-15,0,6.590364886527311e-05,81,45634.56984293194,-0.00242294040050125,-14.966348176611064,-8.852671390902225,-6.113676785708838,30.714285714285715,23.423423421946268,88.88888887407407,2.0,6.0,11.0,7.6,0,45750.0,44704.0,0.023398353614888526,-0.004939890710382406,-0.0009337990258205191,45658.0,45488.0,-0.002934863550746793,0.0007914175167076857,0,-0.002426557264746525,45647.8952033224,45485.20479667761,0.0035703911453640017,0,8140.05298013245,2043.4388192100994,45566.55,-0.5705614434323538,0.6033519553027684,6.590364886527311e-05,-1,0.9595999999999999,32711.0,3843.0,0.0,923.0,0.0,379.0,-544.0,0.0
2026-06-15 10:47:00,45522.0,45559.0,45515.0,45555.0,99,10:47:00,2026-06-15,0,0.0006809594938932406,99,45634.29942727598,-0.001737715452438453,-12.852637474992662,-9.652664607720313,-3.199972867272349,32.142857142857146,33.33333333145917,94.44444443657407,33.0,4.0,7.0,9.4,1,45750.0,44704.0,0.023398353614888526,-0.00426229508196712,-0.0002622514783191947,45658.0,45500.0,-0.0022559025800516393,0.0012087912087911823,0,-0.0017402838521336347,45647.96845142917,45485.93154857082,0.003556018185512708,0,12492.92243767313,17611.119034122934,45566.95,-0.362091440158674,0.8347386171936363,0.0006809594938932406,0,0.9595999999999999,32711.0,3843.0,0.0,923.0,0.0,379.0,-544.0,0.0
2026-06-15 10:48:00,45549.0,45602.0,45549.0,45596.0,172,10:48:00,2026-06-15,0,0.0009000109757435482,172,45634.03416824945,-0.0008334605726335115,-7.779472253205313,-9.278026136817314,1.4985538836120007,32.214285714285715,52.1008403330697,99.999999996,47.0,6.0,0.0,18.4,1,45750.0,44704.0,0.023398353614888526,-0.0033661202185791615,0.0005771378788976521,45658.0,45500.0,-0.0013579219413903073,0.0021098901098900637,0,-0.0008346372315254745,45650.74345811698,45488.656541883014,0.0035569011038905757,0,17123.38864628821,21281.05600900842,45569.7,0.6912965761055377,1.5087719298113265,0.0009000109757435482,0,0.9595999999999999,32711.0,3843.0,0.0,923.0,0.0,379.0,-544.0,0.0
2026-06-15 10:49:00,45601.0,45657.0,45601.0,45635.0,565,10:49:00,2026-06-15,0,0.0008553381875602284,565,45633.98413161709,2.2261224879615904e-05,-0.6050040908012306,-7.543421727614097,6.938417636812867,33.285714285714285,62.93436293096108,99.9999999972973,34.0,22.0,0.0,23.6,1,45750.0,44704.0,0.023398353614888526,-0.0025136612021857377,0.0013725397690929836,45658.0,45500.0,-0.0005037452363222107,0.002967032967032902,0,2.229128306480674e-05,45658.54046648349,45486.3595335165,0.0037781803033847972,0,26472.048254620124,22520.732136794253,45572.45,1.2948094600083129,4.148311306871158,0.0008553381875602284,0,0.9595999999999999,32711.0,3843.0,0.0,923.0,0.0,379.0,-544.0,0.0
2026-06-15 10:50:00,45640.0,45643.0,45610.0,45617.0,142,10:50:00,2026-06-15,0,-0.00039443409663630913,142,45633.94016994642,-0.00037121865618734365,3.587015171375242,-5.31733434781623,8.904349519191472,33.857142857142854,56.818181815168735,81.63265305872554,23.0,3.0,7.0,27.8,0,45750.0,44704.0,0.023398353614888526,-0.002907103825136549,0.0009665821501570987,45658.0,45500.0,-0.0008979806386613322,0.002571428571428515,0,-0.00037171545722673537,45659.996206715485,45485.90379328451,0.003820082163453792,0,6116.727101038716,-5103.846092413596,45572.95,1.316743824197143,1.0518518518440605,-0.00039443409663630913,0,0.9595999999999999,32711.0,3843.0,0.0,923.0,0.0,379.0,-544.0,0.0
2026-06-15 10:51:00,45615.0,45619.0,45580.0,45596.0,108,10:51:00,2026-06-15,0,-0.0004603546923296342,108,45633.828740594785,-0.0008289626717455886,5.155269406175648,-3.2228135970178546,8.378083003193503,34.07142857142857,55.350553502675616,49.99999999807692,19.0,4.0,16.0,31.2,0,45750.0,44704.0,0.023398353614888526,-0.0033661202185791615,0.0005518878844700264,45658.0,45500.0,-0.0013579219413903073,0.0021098901098900637,0,-0.0008301082949908566,45653.18762328863,45488.51237671137,0.003613609282628154,0,4534.408839779006,-7351.920853141462,45570.85,0.25236066948025887,0.831728917975882,-0.0004603546923296342,0,0.9595999999999999,32711.0,3843.0,0.0,923.0,0.0,379.0,-544.0,0.0
2026-06-15 10:52:00,45596.0,45646.0,45586.0,45644.0,124,10:52:00,2026-06-15,0,0.0010527239231512553,124,45633.798325393385,0.00022355523714837563,10.15426894162374,-0.5473970892895359,10.701666030913277,36.57142857142857,65.13157894436894,55.17241379120095,48.0,2.0,10.0,34.2,1,45750.0,44704.0,0.023398353614888526,-0.002316939890710332,0.0016029948903852414,45657.0,45500.0,-0.0002847318045425612,0.0031648351648350956,0,0.000223863549182417,45653.65550162047,45488.24449837952,0.0036297466530969416,0,5094.379837983798,-8075.56265046673,45570.95,-0.3291462276002278,0.9646052119722707,0.0010527239231512553,0,0.9595999999999999,32711.0,3843.0,0.0,923.0,0.0,379.0,-544.0,0.0
2026-06-15 10:53:00,45641.0,45646.0,45618.0,45627.0,105,10:53:00,2026-06-15,0,-0.00037244763824384464,105,45633.78785261946,-0.00014874620185779714,12.59902049855009,2.0818864282783895,10.5171340702717,36.357142857142854,58.72483221200622,55.81395348642509,14.0,5.0,9.0,27.6,0,45750.0,44704.0,0.023398353614888526,-0.002688524590163876,0.0012420343029685345,45657.0,45500.0,-0.0006570733950982181,0.00279120879120873,0,-0.00014895310595170605,45651.35586840912,45489.444131590884,0.0035530023176937368,0,4588.922413793103,-2497.7486521936994,45570.4,-0.5595424478765659,0.8203124999935913,-0.00037244763824384464,0,0.9595999999999999,32711.0,3843.0,0.0,923.0,0.0,379.0,-544.0,0.0
2026-06-15 10:54:00,45626.0,45641.0,45621.0,45635.0,74,10:54:00,2026-06-15,0,0.0001753347798452154,74,45633.78476091994,2.6630249636946725e-05,15.009022197016748,4.667313582026061,10.341708614990686,35.285714285714285,61.20401337506068,76.71232876397073,9.0,6.0,5.0,22.6,0,45750.0,44704.0,0.023398353614888526,-0.0025136612021857377,0.0013637505664008307,45657.0,45500.0,-0.00048185382307202663,0.002967032967032902,0,2.6665856536556152e-05,45658.61657426673,45487.08342573327,0.0037639328796302443,0,6106.672694394213,3467.4064694436224,45572.85,0.4388770453041802,0.5931863727407359,0.0001753347798452154,-1,0.9595999999999999,32711.0,3843.0,0.0,923.0,0.0,379.0,-544.0,0.0
2026-06-15 10:55:00,45638.0,45659.0,45633.0,45653.0,125,10:55:00,2026-06-15,0,0.00039443409663642015,125,45633.83681082267,0.0004199337710035239,18.162054613800137,7.366261788380877,10.79579282541926,34.214285714285715,68.36734693551992,60.46511627485127,15.0,6.0,5.0,21.0,0,45750.0,44704.0,0.023398353614888526,-0.0021202185792349266,0.0016653099912017175,45659.0,45500.0,-0.00013140892266584614,0.003362637362637289,0,0.0004204565270130874,45669.98340171461,45484.216598285384,0.004075880287013108,0,10646.688432835821,10898.890093459264,45577.1,1.3495439528913606,1.0101010100928476,0.00039443409663642015,0,0.9595999999999999,32711.0,3843.0,0.0,923.0,0.0,379.0,-544.0,0.0
2026-06-15 10:56:00,45650.0,45683.0,45650.0,45677.0,314,10:56:00,2026-06-15,0,0.0005257047729612108,314,45634.15891791715,0.0009387941642555153,22.339934090035968,10.360996248711896,11.978937841324072,33.5,77.31958762514614,99.999999994,27.0,6.0,0.0,22.6,1,45750.0,44704.0,0.023398353614888526,-0.0015956284153005116,0.0020863544520960393,45683.0,45500.0,-0.00013133988573429655,0.003890109890109805,0,0.0009398704767210098,45684.99300858613,45478.806991413876,0.004523418663378369,0,19329.619946091643,32122.35074620536,45581.9,2.5235679300598632,2.3181985972512504,0.0005257047729612108,0,0.9595999999999999,32711.0,3843.0,0.0,923.0,0.0,379.0,-544.0,0.0
2026-06-15 10:57:00,45675.0,45700.0,45669.0,45700.0,272,10:57:00,2026-06-15,0,0.0005035356963023485,272,45634.583917429045,0.0014334760384649742,27.193373177236936,13.727471634416904,13.465901542820031,34.285714285714285,81.04575163027896,99.99999999538461,25.0,0.0,6.0,18.0,1,45750.0,44704.0,0.023398353614888526,-0.0010928961748633641,0.0024446928011528034,45700.0,45500.0,0.0,0.004395604395604299,0,0.0014349235185359833,45704.01241128321,45473.08758871679,0.005065412753123636,0,13966.741573033707,12871.279126937423,45588.55,3.4450336110215547,1.902097902084601,0.0005035356963023485,0,0.9595999999999999,32711.0,3843.0,0.0,923.0,0.0,379.0,-544.0,0.0
2026-06-15 10:58:00,45700.0,45705.0,45678.0,45692.0,197,10:58:00,2026-06-15,0,-0.00017505470459522332,197,45634.89871787694,0.0012512634787702843,30.047852539828455,16.991547815499217,13.056304724329237,35.214285714285715,78.07308969736536,85.4545454498843,8.0,5.0,14.0,16.8,0,45750.0,44704.0,0.023398353614888526,-0.0012677595628415024,0.002115338009959195,45705.0,45500.0,-0.00028443277540749845,0.0042197802197801275,0,0.0012523433125175656,45718.42002117498,45472.67997882503,0.005389561971506956,0,9166.317718940936,-1390.451804083251,45595.55,4.048085551736369,1.3181666108978378,-0.00017505470459522332,0,0.9595999999999999,32711.0,3843.0,0.0,923.0,0.0,379.0,-544.0,0.0
2026-06-15 10:59:00,45692.0,45692.0,45662.0,45675.0,82,10:59:00,2026-06-15,0,-0.0003720563774840535,82,45634.99361337653,0.000876660287550537,30.58571696875879,19.71038164615113,10.875335322607658,36.0,74.36708860430019,47.91666666367187,17.0,0.0,13.0,18.4,0,45750.0,44704.0,0.023398353614888526,-0.0016393442622950462,0.0016326557464766424,45705.0,45500.0,-0.0006563833278634579,0.003846153846153762,0,0.0008773224582481918,45727.95399893897,45473.14600106104,0.005587827293265592,0,3783.181818181818,-8042.80589647767,45600.55,4.091536333501117,0.5448504983352502,-0.0003720563774840535,1,0.9595999999999999,32711.0,3843.0,0.0,923.0,0.0,379.0,-544.0,0.0
2026-06-15 11:00:00,45672.0,45694.0,45659.0,45694.0,80,11:00:00,2026-06-15,0,0.0004159824849478966,80,45635.09915282577,0.001290691776015978,32.17423506015621,22.203152328952147,9.97108273120406,37.142857142857146,75.60240963536617,43.18181817887396,22.0,0.0,13.0,19.8,1,45750.0,44704.0,0.023398353614888526,-0.0012240437158469678,0.0019108971568963776,45705.0,45500.0,-0.00024067388688326792,0.004263736263736171,0,0.0012914912381413307,45739.81659651108,45473.883403488915,0.005830992340452391,0,3868.2751322751324,-7230.366788096225,45606.85,4.014165837692937,0.5308560053050375,0.0004159824849478966,-1,0.9595999999999999,32711.0,3843.0,0.0,923.0,0.0,379.0,-544.0,0.0
2026-06-15 11:01:00,45692.0,45704.0,45676.0,45704.0,147,11:01:00,2026-06-15,0,0.00021884711340658392,147,45635.34217756931,0.0015044879506662708,33.84986336469592,24.532494536100906,9.317368828595015,36.0,73.95498391950042,63.043478256758036,12.0,0.0,16.0,16.8,0,45750.0,44704.0,0.023398353614888526,-0.001005464480874295,0.001955505669212517,45705.0,45500.0,-2.1879444262115267e-05,0.004483516483516386,0,0.0015051654820515553,45751.16576201852,45478.434237981484,0.005979013917347685,0,8635.588688946016,-578.9991644062712,45614.8,4.221903233977877,0.9610983981630528,0.00021884711340658392,0,0.9595999999999999,32711.0,3843.0,0.0,923.0,0.0,379.0,-544.0,0.0
2026-06-15 11:02:00,45704.0,45710.0,45692.0,45697.0,105,11:02:00,2026-06-15,0,-0.00015315946087868237,105,45635.5290845694,0.001346996882991768,34.21851957634499,26.469699544149726,7.748820032195262,33.5,68.23104692795944,80.55555554884259,7.0,6.0,5.0,13.2,0,45750.0,44704.0,0.023398353614888526,-0.001158469945355166,0.0016055234389982936,45710.0,45500.0,-0.0002844016626558678,0.0043296703296702346,0,0.0013473446490171273,45756.82200266393,45490.67799733607,0.005833453088092452,0,7853.0032733224225,10757.668150077294,45623.75,5.0876579339497185,0.7063572149296579,-0.00015315946087868237,1,0.9595999999999999,32711.0,3843.0,0.0,923.0,0.0,379.0,-544.0,0.0
2026-06-15 11:03:00,45697.0,45703.0,45681.0,45694.0,75,11:03:00,2026-06-15,0,-6.56498238396086e-05,75,45635.647427577256,0.001278662092289734,33.878081912240305,27.951376017767842,5.926705894472462,30.714285714285715,62.2406638967993,49.9999999925,3.0,6.0,13.0,12.2,0,45750.0,44704.0,0.023398353614888526,-0.0012240437158469678,0.0013378490761610103,45710.0,45509.0,-0.0003500328155764527,0.00406512997429071,0,0.0012787376757966023,45758.11679397521,45507.78320602478,0.005485807688313483,0,7008.2822085889575,8117.331288343559,45632.95,5.722824531840842,0.5045408678068986,-6.56498238396086e-05,1,0.9595999999999999,32711.0,3843.0,0.0,923.0,0.0,379.0,-544.0,0.0
2026-06-15 11:04:00,45699.0,45712.0,45691.0,45691.0,74,11:04:00,2026-06-15,0,-6.565413402193077e-05,74,45635.77459005098,0.001210134164372328,32.98596599976736,28.95829401416775,4.027671985599611,29.857142857142858,66.37168141181768,0.0,8.0,13.0,0.0,10.4,0,45750.0,44704.0,0.023398353614888526,-0.0012896174863387697,0.0010878293477296437,45712.0,45511.0,-0.0004593979698984849,0.003955087780975941,0,0.0012099863380249545,45757.68576631696,45525.01423368304,0.005097823193965846,0,7029.384615384615,-1859.9821406702963,45641.35,5.820479318115093,0.49366244162445855,-6.565413402193077e-05,1,0.9595999999999999,32711.0,3843.0,0.0,923.0,0.0,379.0,-544.0,0.0
2026-06-15 11:05:00,45691.0,45708.0,45689.0,45704.0,44,11:05:00,2026-06-15,0,0.0002845199273380228,44,45635.85278060687,0.001493282479473925,32.94814337888238,29.756263887110677,3.191879491771701,28.428571428571427,74.77064219703308,68.42105262077563,13.0,4.0,2.0,8.6,1,45750.0,44704.0,0.023398353614888526,-0.001005464480874295,0.0011719477333216248,45712.0,45511.0,-0.00017500875043751805,0.0042407330096019815,0,0.0014928033514010064,45755.18298005894,45545.81701994106,0.004586279670931885,0,4519.047191011236,-4245.453575241753,45650.5,5.863174333543385,0.29480737018227937,0.0002845199273380228,-1,0.9595999999999999,32711.0,3843.0,0.0,923.0,0.0,379.0,-544.0,0.0
2026-06-15 11:06:00,45705.0,45709.0,45690.0,45695.0,81,11:06:00,2026-06-15,0,-0.00019691930684406778,81,45635.99103726083,0.0012930356369601095,31.825084135976795,30.1700279368839,1.6550561990928934,25.5,64.2458100508411,51.99999999376,10.0,4.0,5.0,8.2,1,45750.0,44704.0,0.023398353614888526,-0.0012021857923497005,0.0007873575994243486,45712.0,45515.0,-0.00037189359467972586,0.003954740195539846,0,0.0012923826216088685,45746.79238607431,45571.307613925695,0.003843373266605657,1,9765.949868073878,3934.8695977243574,45659.05,5.719551332974489,0.5427135678355598,-0.00019691930684406778,1,0.9595999999999999,32711.0,3843.0,0.0,923.0,0.0,379.0,-544.0,0.0
2026-06-15 11:07:00,45690.0,45693.0,45667.0,45668.0,51,11:07:00,2026-06-15,0,-0.0005908742750847518,51,45636.04699999086,0.0007001701967995967,28.428669240413,29.82175619758972,-1.3930869571767204,25.5,60.84656084205369,26.530612243273637,22.0,3.0,1.0,11.2,1,45750.0,44704.0,0.023398353614888526,-0.0017923497267759172,7.22658859031777e-05,45712.0,45549.0,-0.0009625481274063493,0.0026125710773013105,0,0.0006997308645220323,45737.51439995168,45591.885600048314,0.0031890891630376073,1,7166.363076923077,194.8655096189621,45664.7,5.115974878043385,0.3472931562795554,-0.0005908742750847518,1,0.9595999999999999,32711.0,3843.0,0.0,923.0,0.0,379.0,-544.0,0.0
2026-06-15 11:08:00,45669.0,45695.0,45669.0,45688.0,71,11:08:00,2026-06-15,0,0.000437943417710418,71,45636.14019672251,0.0011363757551348126,27.03912857591058,29.265230673253896,-2.2261020973433148,26.0,63.18407959758917,35.714285712372444,19.0,7.0,0.0,14.4,1,45750.0,44704.0,0.023398353614888526,-0.0013551912568305715,0.00040946543958406806,45712.0,45580.0,-0.0005250262513125542,0.00236946028960065,0,0.001135550649506095,45735.12944468616,45603.47055531385,0.0028828751343310784,1,10105.445482866044,12361.894124422122,45669.3,4.118246240458026,0.5007052186142404,0.000437943417710418,-1,0.9595999999999999,32711.0,3843.0,0.0,923.0,0.0,379.0,-544.0,0.0
2026-06-15 11:09:00,45693.0,45694.0,45634.0,45659.0,167,11:09:00,2026-06-15,0,-0.0006347399754859095,167,45636.259389447485,0.000498301369497715,23.328928584342066,28.07797025547153,-4.749041671129465,28.428571428571427,51.415094336227305,26.315789472645434,34.0,1.0,25.0,19.6,1,45750.0,44704.0,0.023398353614888526,-0.001989071038251323,-0.00025180368071292737,45712.0,45580.0,-0.0011594329716485571,0.0017332163229486239,0,0.0004979277772854389,45734.54767959396,45606.45232040604,0.0028047724283272496,1,18418.002415458937,8859.407087138252,45670.5,2.5077175280688255,1.36997538965242,-0.0006347399754859095,0,0.9595999999999999,32711.0,3843.0,0.0,923.0,0.0,379.0,-544.0,0.0
2026-06-15 11:10:00,45658.0,45667.0,45641.0,45653.0,52,11:10:00,2026-06-15,0,-0.00013140892266583215,52,45636.28401948246,0.0003662870647049874,19.677587524456612,26.397893709268548,-6.720306184811935,27.928571428571427,43.81443298652886,36.363636361652894,5.0,9.0,12.0,18.0,0,45750.0,44704.0,0.023398353614888526,-0.0021202185792349266,-0.00042257560928620825,45712.0,45580.0,-0.0012906895344766958,0.0016015796401930322,0,0.0003659982203116408,45731.88487973428,45612.715120265726,0.00260923490755997,1,5625.4881516587675,-2150.149118492464,45672.3,1.6643052511033294,0.4429301533182033,-0.00013140892266583215,1,0.9595999999999999,32711.0,3843.0,0.0,923.0,0.0,379.0,-544.0,0.0
2026-06-15 11:11:00,45647.0,45671.0,45645.0,45666.0,27,11:11:00,2026-06-15,0,0.0002847567520207761,27,45636.30191962586,0.0006507556292892055,17.62964125218423,24.644243217851685,-7.014601965667456,27.571428571428573,40.76086956211602,27.08333333164063,19.0,5.0,2.0,19.8,0,45750.0,44704.0,0.023398353614888526,-0.0018360655737704517,-0.0002145556290202404,45712.0,45586.0,-0.001006300315015729,0.0017549247576009795,0,0.0006501928893229742,45723.565215247945,45628.03478475206,0.0020914889393482414,1,3350.4945652173915,-6684.466240604422,45675.8,1.4232755921373876,0.23820026466485927,0.0002847567520207761,-1,0.9595999999999999,32711.0,3843.0,0.0,923.0,0.0,379.0,-544.0,0.0
2026-06-15 11:12:00,45662.0,45681.0,45649.0,45673.0,48,11:12:00,2026-06-15,0,0.00015328690929794497,48,45636.3428012817,0.0008032457569599016,16.382621907789144,22.991918955839175,-6.609297048050031,27.928571428571427,44.80874316597091,76.92307691420119,11.0,8.0,13.0,17.6,0,45750.0,44704.0,0.023398353614888526,-0.0016830601092895808,-9.30441302836731e-05,45712.0,45618.0,-0.0008531676583829006,0.0012056644307071507,0,0.0008025263937364241,45722.65287491821,45631.84712508179,0.0019879863572439117,1,6006.312328767123,-6738.890465273371,45677.25,1.4779781259237366,0.4381560931041702,0.00015328690929794497,-1,0.9595999999999999,32711.0,3843.0,0.0,923.0,0.0,379.0,-544.0,0.0
2026-06-15 11:13:00,45671.0,45672.0,45622.0,45629.0,114,11:13:00,2026-06-15,0,-0.0009633700435706105,114,45636.357173795346,-0.0001612129944405497,11.708944393998536,20.73532404347105,-9.026379649472513,29.428571428571427,39.04761904501587,31.24999999853516,42.0,1.0,7.0,22.2,1,45750.0,44704.0,0.023398353614888526,-0.0026448087431693414,-0.0010585114942087816,45712.0,45621.0,-0.00181571578578925,0.0001753578395914124,0,-0.00016106831493827926,45722.29335614265,45632.40664385735,0.0019678618020812317,1,12749.279411764706,12663.418832382345,45677.35,1.105703019115664,1.0363636363542148,-0.0009633700435706105,0,0.9595999999999999,32711.0,3843.0,0.0,923.0,0.0,379.0,-544.0,0.0
2026-06-15 11:14:00,45632.0,45648.0,45610.0,45643.0,112,11:14:00,2026-06-15,0,0.00030682241556911904,112,45636.34904098744,0.00014573819230331977,9.030605095227656,18.39438025382237,-9.363775158594713,29.642857142857142,37.56097560719096,32.30769230620119,11.0,5.0,22.0,17.6,0,45750.0,44704.0,0.023398353614888526,-0.0023387978142075994,-0.000760764267066553,45712.0,45610.0,-0.0015094504725235932,0.0007235255426441411,0,0.00014560609952453548,45721.2247355344,45634.2752644656,0.0019035410253088092,1,14481.631728045326,33222.37044758706,45677.75,0.4269219148864584,1.0008936550402063,0.00030682241556911904,0,0.9595999999999999,32711.0,3843.0,0.0,923.0,0.0,379.0,-544.0,0.0
2026-06-15 11:15:00,45643.0,45652.0,45633.0,45652.0,67,11:15:00,2026-06-15,0,0.00019718248143196782,67,45636.36585935325,0.00034258075445643026,7.547226954084181,16.224949593874733,-8.677722639790552,29.0,37.254901958227606,34.328358207418134,9.0,0.0,10.0,18.4,0,45750.0,44704.0,0.023398353614888526,-0.0021420765027321937,-0.0005626377860530747,45712.0,45610.0,-0.0013125656282813854,0.0009208506906379978,0,0.0003422707502073641,45721.29671641783,45634.10328358216,0.0019088840470442025,1,8311.641304347826,3838.1769867999897,45677.7,0.0985173144173718,0.6146788990769295,0.00019718248143196782,-1,0.9595999999999999,32711.0,3843.0,0.0,923.0,0.0,379.0,-544.0,0.0
2026-06-15 11:16:00,45648.0,45687.0,45648.0,45685.0,69,11:16:00,2026-06-15,0,0.0007228598966091404,69,45636.43445018106,0.001064183703307334,8.931506450855522,14.766260965270892,-5.834754514415369,30.5,47.391304344941396,99.99999999464286,37.0,2.0,0.0,22.0,1,45750.0,44704.0,0.023398353614888526,-0.0014207650273223734,0.00015105707111288133,45712.0,45610.0,-0.0005906545327266235,0.001644376233282139,0,0.0010632130018309886,45721.816310316404,45634.38368968359,0.0019141037090599116,1,7688.451219512195,-3969.5013567453148,45678.1,0.16419516456186709,0.713178294566272,0.0007228598966091404,-1,0.9595999999999999,32711.0,3843.0,0.0,923.0,0.0,379.0,-544.0,0.0
2026-06-15 11:17:00,45681.0,45686.0,45650.0,45654.0,73,11:17:00,2026-06-15,0,-0.0006785597023093448,73,45636.48714920874,0.0003837466879078753,7.4413378919125535,13.301276350599224,-5.8599384586866705,31.5,42.24806201321134,57.53424657297805,27.0,5.0,4.0,25.2,1,45750.0,44704.0,0.023398353614888526,-0.002098360655737659,-0.00047727680741229344,45712.0,45610.0,-0.001268813440672006,0.0009647007235255216,0,0.0003834163997403257,45719.50523271452,45632.09476728549,0.0019137150401093306,1,7661.475862068965,-4709.521685162283,45675.8,-0.42690368943240187,0.8410138248751036,-0.0006785597023093448,0,0.9595999999999999,32711.0,3843.0,0.0,923.0,0.0,379.0,-544.0,0.0
2026-06-15 11:18:00,45658.0,45677.0,45656.0,45669.0,80,11:18:00,2026-06-15,0,0.0003285582862400105,80,45636.553234603605,0.0007109819453190325,7.38560653784225,12.11814238804783,-4.732535850205579,31.642857142857142,45.92592592354458,60.75949366857875,11.0,8.0,2.0,19.0,0,45750.0,44704.0,0.023398353614888526,-0.0017704918032786499,-0.00012370100263496997,45712.0,45610.0,-0.0009406720336016596,0.0012935759701819495,0,0.0007103889224415307,45717.76685466386,45631.53314533614,0.0018879993459766985,1,9111.022443890275,961.7608728185759,45674.65,-0.6677218861710714,0.9882643607042833,0.0003285582862400105,0,0.9595999999999999,32711.0,3843.0,0.0,923.0,0.0,379.0,-544.0,0.0
2026-06-15 11:19:00,45666.0,45672.0,45649.0,45665.0,63,11:19:00,2026-06-15,0,-8.758676563969114e-05,63,45636.59609489181,0.0006223931567799682,6.938687596186355,11.082251429675535,-4.14356383348918,31.928571428571427,42.52873562990267,29.999999998199996,1.0,6.0,16.0,17.0,0,45750.0,44704.0,0.023398353614888526,-0.001857923497267719,-0.00020033213535448948,45712.0,45610.0,-0.0010281764088204185,0.001205875904406902,0,0.0006218814166917629,45717.48116051866,45630.81883948134,0.0018974041342273457,1,8172.997159090909,630.2256797168787,45674.15,-0.864747001297578,0.7874999999901562,-8.758676563969114e-05,1,0.9595999999999999,32711.0,3843.0,0.0,923.0,0.0,379.0,-544.0,0.0
2026-06-15 11:20:00,45666.0,45668.0,45642.0,45658.0,43,11:20:00,2026-06-15,0,-0.0001532902660681401,43,45636.61837619391,0.0004685190219361884,5.951059506907768,10.056013045121983,-4.104953538214215,32.42857142857143,42.85714285482626,57.69230768565088,8.0,2.0,16.0,16.8,0,45750.0,44704.0,0.023398353614888526,-0.00201092896174859,-0.00031419447433727915,45712.0,45610.0,-0.001181309065453247,0.001052400789300569,0,0.0004681524775074953,45715.197465051846,45629.50253494815,0.0018762978060838324,1,5985.65243902439,-2187.337600763546,45672.35,-0.7553233878781248,0.5502239283358896,-0.0001532902660681401,1,0.9595999999999999,32711.0,3843.0,0.0,923.0,0.0,379.0,-544.0,0.0
2026-06-15 11:21:00,45654.0,45660.0,45631.0,45631.0,36,11:21:00,2026-06-15,0,-0.0005913531035086628,36,45636.622264315374,-0.00012319632865928133,2.955612320060027,8.635932900109593,-5.680320580049566,32.5,42.85714285482626,0.0,23.0,6.0,0.0,14.0,1,45750.0,44704.0,0.023398353614888526,-0.002601092896174807,-0.0008255106889400457,45712.0,45610.0,-0.0017719635981798703,0.0004604253453189989,0,-0.0001231097954479561,45712.619064297185,45624.78093570281,0.00192337703053457,1,5568.528813559322,-3888.1406034802385,45668.7,-1.3026919746521024,0.4958677685882112,-0.0005913531035086628,1,0.9595999999999999,32711.0,3843.0,0.0,923.0,0.0,379.0,-544.0,0.0
2026-06-15 11:22:00,45632.0,45651.0,45630.0,45648.0,47,11:22:00,2026-06-15,0,0.00037255374635658534,47,45636.63025135447,0.000249136463032125,1.9311951529380167,7.294985350675278,-5.363790197737261,32.07142857142857,42.187499997692875,33.33333333137256,16.0,3.0,2.0,11.8,1,45750.0,44704.0,0.023398353614888526,-0.002229508196721263,-0.00039963868283468865,45712.0,45610.0,-0.0014000700035001444,0.0008331506248629504,0,0.0002489748697457604,45708.972482658806,45623.527517341194,0.0018710747065417163,1,7975.672862453532,-241.43443683678692,45666.25,-1.7296435730060558,0.6743185078812867,0.00037255374635658534,-1,0.9595999999999999,32711.0,3843.0,0.0,923.0,0.0,379.0,-544.0,0.0
2026-06-15 11:23:00,45648.0,45661.0,45642.0,45646.0,43,11:23:00,2026-06-15,0,-4.381352961790874e-05,43,45636.6451707343,0.00020498503408174467,0.9470370288036065,6.025395686300944,-5.078358657497337,29.142857142857142,47.16157204951851,36.95652173672023,2.0,13.0,4.0,10.0,0,45750.0,44704.0,0.023398353614888526,-0.0022732240437157974,-0.00039090002266559115,45712.0,45610.0,-0.001443822191109524,0.0007893005919754267,0,0.00020486291159636035,45705.38514679486,45622.314853205135,0.0018191697281268694,1,8460.25,4134.215252529677,45663.85,-1.861082252172266,0.631424375908496,-4.381352961790874e-05,1,0.9595999999999999,32711.0,3843.0,0.0,923.0,0.0,379.0,-544.0,0.0
2026-06-15 11:24:00,45648.0,45653.0,45639.0,45644.0,38,11:24:00,2026-06-15,0,-4.3815449327411216e-05,38,45636.65394875613,0.00016096822637604388,0.005636367117404006,4.821443822464236,-4.815807455346832,28.285714285714285,47.99999999701333,80.95238094081633,4.0,5.0,5.0,10.6,0,45750.0,44704.0,0.023398353614888526,-0.002316939890710332,-0.00038325503980376504,45709.0,45610.0,-0.001422039423308289,0.0007454505590879031,0,0.0001608806378211087,45701.86934739064,45621.13065260936,0.0017682006675487157,1,8379.091787439613,5047.227136612086,45661.5,-1.5765721380282536,0.5731523378495754,-4.3815449327411216e-05,1,0.9595999999999999,32711.0,3843.0,0.0,923.0,0.0,379.0,-544.0,0.0
2026-06-15 11:25:00,45640.0,45650.0,45639.0,45649.0,31,11:25:00,2026-06-15,0,0.00010954342301294773,31,45636.66164567947,0.00027036058019145486,-0.33313208710751496,3.7905286405498857,-4.1236607276574,27.214285714285715,46.08294930578267,55.55555553703704,9.0,1.0,1.0,10.8,0,45750.0,44704.0,0.023398353614888526,-0.0022076502732239957,-0.00021354066854654995,45709.0,45610.0,-0.0013126517753614976,0.0008550756413067123,0,0.0002702297877302164,45694.11203730602,45623.38796269398,0.0015489708897426099,1,7257.0205128205125,-901.0554495234679,45658.75,-1.6423507513754687,0.47220106625327946,0.00010954342301294773,-1,0.9595999999999999,32711.0,3843.0,0.0,923.0,0.0,379.0,-544.0,0.0
2026-06-15 11:26:00,45650.0,45652.0,45630.0,45644.0,60,11:26:00,2026-06-15,0,-0.00010953142456571197,60,45636.6701412834,0.0001606133553106955,-0.9936129890047596,2.833700314638957,-3.8273133036437166,26.5,43.255813950671715,41.666666656249994,6.0,2.0,14.0,7.4,0,45750.0,44704.0,0.023398353614888526,-0.002316939890710332,-0.00026721452946142744,45695.0,45610.0,-0.001116095852937934,0.0007454505590879031,0,0.0001605446514733806,45687.70004174287,45624.69995825712,0.0013798801364491094,1,12505.205479452055,4781.129965960882,45656.2,-1.675285811424454,0.9287925696450652,-0.00010953142456571197,0,0.9595999999999999,32711.0,3843.0,0.0,923.0,0.0,379.0,-544.0,0.0
2026-06-15 11:27:00,45644.0,45650.0,45638.0,45649.0,37,11:27:00,2026-06-15,0,0.00010954342301294773,37,45636.678961640035,0.0002699810468312453,-1.1009001572747366,2.0467802202562186,-3.147680377530955,23.714285714285715,55.68181817738895,66.66666665333332,5.0,1.0,6.0,5.2,0,45750.0,44704.0,0.023398353614888526,-0.0022076502732239957,-0.0001368955377530484,45695.0,45610.0,-0.0010066746908851953,0.0008550756413067123,0,0.0002698712275141423,45686.39566791391,45624.10433208609,0.0013643849464807477,1,8081.401913875598,-355.2770170273776,45655.25,-1.3687679992991906,0.5790297339502499,0.00010954342301294773,-1,0.9595999999999999,32711.0,3843.0,0.0,923.0,0.0,379.0,-544.0,0.0
2026-06-15 11:28:00,45642.0,45642.0,45620.0,45634.0,70,11:28:00,2026-06-15,0,-0.0003285942736971359,70,45636.6702989588,-5.851213380179502e-05,-2.36899238134356,1.163625699936263,-3.532618081279823,23.071428571428573,47.45762711489036,19.9999999976,8.0,0.0,14.0,6.4,1,45750.0,44704.0,0.023398353614888526,-0.0025355191256830048,-0.0004063299859482658,45694.0,45610.0,-0.0013130826804394163,0.0005262003946502845,0,-5.8491781046208415e-05,45680.986262955215,45624.11373704479,0.001245768876227585,1,13535.50847457627,8651.60564265177,45652.55,-1.3578996358851458,1.0963194988082017,-0.0003285942736971359,0,0.9595999999999999,32711.0,3843.0,0.0,923.0,0.0,379.0,-544.0,0.0
2026-06-15 11:29:00,45635.0,45639.0,45622.0,45622.0,51,11:29:00,2026-06-15,0,-0.0002629618267081524,51,45636.658170452545,-0.00032119289711785416,-4.292779823197634,0.07234459530948367,-4.365124418507118,22.928571428571427,41.66666666342592,15.62499999853516,13.0,4.0,0.0,8.2,1,45750.0,44704.0,0.023398353614888526,-0.002797814207650212,-0.000628686964274293,45687.0,45610.0,-0.00142272418849998,0.0002631001973251422,0,-0.00032109410047479766,45682.03587146279,45619.36412853721,0.0013728539305110131,1,9344.265060240963,-2527.6997042591547,45650.7,-1.2046556656051095,0.878552971561093,-0.0002629618267081524,0,0.9595999999999999,32711.0,3843.0,0.0,923.0,0.0,379.0,-544.0,0.0
2026-06-15 11:30:00,45623.0,45655.0,45623.0,45649.0,109,11:30:00,2026-06-15,0,0.0005918197360923472,109,45636.67446250011,0.0002700796595076037,-3.597253974818159,-0.6615751187160449,-2.935678856102114,22.5,39.65517241060246,49.99999999722222,26.0,6.0,0.0,11.6,1,45750.0,44704.0,0.023398353614888526,-0.0022076502732239957,-3.2858347663223124e-05,45687.0,45610.0,-0.0008317464486615267,0.0008550756413067123,0,0.00026999786420502255,45681.82512020922,45619.17487979078,0.0013723889205691422,1,15216.333333333334,8828.828828828828,45650.5,-1.0404060869231906,1.7898193759968832,0.0005918197360923472,0,0.9595999999999999,32711.0,3843.0,0.0,923.0,0.0,379.0,-544.0,0.0
2026-06-15 11:31:00,45652.0,45675.0,45641.0,45647.0,108,11:31:00,2026-06-15,0,-4.3812569826329195e-05,108,45636.724549378014,0.00022515749593001976,-3.1708761280751787,-1.1634353205878718,-2.007440807487307,22.357142857142858,47.5862068919572,65.8536585317668,5.0,23.0,6.0,11.4,0,45750.0,44704.0,0.023398353614888526,-0.0022513661202185303,-5.586035349752307e-05,45687.0,45610.0,-0.0008755225775384491,0.0008112256084191886,0,0.00022509423689797626,45680.03709819125,45619.06290180876,0.0013357020251566845,1,13146.336,-287.5196563965465,45649.55,-0.6571374435820123,1.6628175519374468,-4.3812569826329195e-05,0,0.9595999999999999,32711.0,3843.0,0.0,923.0,0.0,379.0,-544.0,0.0
2026-06-15 11:32:00,45643.0,45663.0,45643.0,45660.0,146,11:32:00,2026-06-15,0,0.00028479418143589896,146,45636.7956291587,0.0005084574962241686,-1.76364703301806,-1.2834776630739095,-0.4801693699441505,22.142857142857142,46.85314684855983,95.23809523129252,17.0,3.0,0.0,13.8,1,45750.0,44704.0,0.023398353614888526,-0.0019672131147540554,0.00024316029520970498,45687.0,45610.0,-0.0005909777398384532,0.0010962508221880928,0,0.0005083226724257565,45677.794727224646,45620.00527277536,0.0012659550273782512,1,13773.471074380166,4740.026086144635,45648.9,-0.3942984444916802,2.0901932712657096,0.00028479418143589896,0,0.9595999999999999,32711.0,3843.0,0.0,923.0,0.0,379.0,-544.0,0.0
2026-06-15 11:33:00,45667.0,45679.0,45663.0,45676.0,59,11:33:00,2026-06-15,0,0.000350416119141439,59,45636.85091339707,0.0008578393517383062,0.6353347027979908,-0.8997151898995295,1.5350498926975202,21.857142857142858,53.54838709193756,93.54838708772112,9.0,3.0,4.0,14.0,0,45750.0,44704.0,0.023398353614888526,-0.001617486338797779,0.0005421538293036765,45687.0,45610.0,-0.00024076870882307352,0.0014470510852882823,0,0.0008575687763845738,45680.963544639926,45621.536455360074,0.0013017625865633675,1,5697.429175475687,-6255.71479628753,45651.25,0.1642917383161192,0.879284649763349,0.000350416119141439,0,0.9595999999999999,32711.0,3843.0,0.0,923.0,0.0,379.0,-544.0,0.0
2026-06-15 11:34:00,45677.0,45727.0,45673.0,45710.0,390,11:34:00,2026-06-15,0,0.0007443734127332569,390,45637.52137636188,0.0015881367228601883,5.219889228552347,0.32420569379084574,4.895683534761501,23.857142857142858,64.28571428076924,99.9999999952381,33.0,17.0,4.0,18.0,1,45750.0,44704.0,0.023398353614888526,-0.0008743169398906913,0.0012134593228283733,45727.0,45620.0,-0.00037177160102345726,0.001972818939061772,0,0.0015875426274267468,45693.9440960369,45615.255903963094,0.0017235545174814155,0,21954.310344827587,6699.946163575606,45654.6,1.1062540594585564,4.814814814755373,0.0007443734127332569,0,0.9595999999999999,32711.0,3843.0,0.0,923.0,0.0,379.0,-544.0,0.0
2026-06-15 11:35:00,45711.0,45721.0,45692.0,45719.0,68,11:35:00,2026-06-15,0,0.0001968934587617266,68,45637.649767681985,0.0017825245763558246,9.470239478323492,2.153412450697375,7.316827027626117,23.857142857142858,76.82926828612433,99.99999999491526,8.0,2.0,19.0,14.4,0,45750.0,44704.0,0.023398353614888526,-0.0006775956284152858,0.0013371165372076841,45727.0,45620.0,-0.00017495134165809752,0.0021701008329679493,0,0.0017817320382981022,45706.657397020754,45609.24260297924,0.0021335779210742293,0,4032.285343709468,-7072.426172070843,45657.95,1.9825231276100048,0.8389882788298706,0.0001968934587617266,0,0.9595999999999999,32711.0,3843.0,0.0,923.0,0.0,379.0,-544.0,0.0
2026-06-15 11:36:00,45715.0,45717.0,45690.0,45697.0,70,11:36:00,2026-06-15,0,-0.0004812003762112438,70,45637.76463110882,0.0012979463251537899,10.937377258305787,3.9102054122190575,7.02717184608673,24.428571428571427,64.4970414147754,66.1538461507929,18.0,2.0,7.0,17.0,1,45750.0,44704.0,0.023398353614888526,-0.001158469945355166,0.0008421204790777685,45727.0,45620.0,-0.0006560675312178657,0.001687856203419516,0,0.001297355454590242,45708.92741764668,45608.17258235333,0.0022067024750753055,0,4363.969986357435,-2340.457683718235,45658.55,1.5990799813812133,0.8631319358709848,-0.0004812003762112438,0,0.9595999999999999,32711.0,3843.0,0.0,923.0,0.0,379.0,-544.0,0.0
2026-06-15 11:37:00,45699.0,45700.0,45664.0,45671.0,98,11:37:00,2026-06-15,0,-0.0005689651399435336,98,45637.866814022826,0.000726002074378137,9.888127629994415,5.1057898557741295,4.782337774220285,25.642857142857142,56.47668393372708,15.789473683379512,28.0,1.0,7.0,19.2,1,45750.0,44704.0,0.023398353614888526,-0.0017267759562841153,0.00025405502481413007,45727.0,45620.0,-0.0012246593916066827,0.0011179307321350042,0,0.0007256596884140771,45710.02722378024,45608.77277621976,0.002217603550648469,0,6533.953284671533,-7023.840338391259,45659.4,1.0513726984800897,1.1900425015034604,-0.0005689651399435336,0,0.9595999999999999,32711.0,3843.0,0.0,923.0,0.0,379.0,-544.0,0.0
2026-06-15 11:38:00,45667.0,45667.0,45588.0,45595.0,381,11:38:00,2026-06-15,0,-0.0016640756716516103,381,45637.66122833363,-0.0009347812132656416,2.8907026775486884,4.662772420129041,-1.7720697425803529,30.571428571428573,40.8239700353126,0.0,72.0,0.0,7.0,31.8,1,45750.0,44704.0,0.023398353614888526,-0.003387978142076429,-0.0013295163583078513,45727.0,45588.0,-0.002886697137358609,0.0001535491796086656,0,-0.0009344118770192558,45713.65860590304,45597.741394096956,0.0025389428221685123,0,17250.93843098312,32782.03787808642,45655.7,-0.4927947925826718,3.911704312074828,-0.0016640756716516103,0,0.9595999999999999,32711.0,3843.0,0.0,923.0,0.0,379.0,-544.0,0.0
2026-06-15 11:39:00,45598.0,45623.0,45596.0,45601.0,115,11:39:00,2026-06-15,0,0.00013159337646673208,115,45637.570771156905,-0.0008013303630967331,-2.145920321403537,3.3010338718225256,-5.446954193226063,31.785714285714285,41.04477611725885,5.555555555401227,3.0,22.0,2.0,25.8,0,45750.0,44704.0,0.023398353614888526,-0.0032568306010928253,-0.0011280871803296397,45727.0,45588.0,-0.002755483631115036,0.000285162762130379,0,-0.0008010683129489954,45715.17207888614,45589.82792111386,0.002745614320623876,0,7164.091530054645,6416.454632939501,45652.5,-1.325053029498946,1.1499999999885,0.00013159337646673208,0,0.9595999999999999,32711.0,3843.0,0.0,923.0,0.0,379.0,-544.0,0.0
2026-06-15 11:40:00,45601.0,45622.0,45596.0,45615.0,75,11:40:00,2026-06-15,0,0.0003070108111664638,75,45637.52029348937,-0.000493460059717136,-4.950728422336397,1.6506814129907412,-6.6014098353271375,32.07142857142857,44.7653429580263,20.8333333326823,14.0,7.0,5.0,27.0,0,45750.0,44704.0,0.023398353614888526,-0.0029508196721310834,-0.0007743642710296367,45727.0,45588.0,-0.0024493187832133655,0.0005922611213477102,0,-0.0004933213762735065,45715.14205602961,45585.55794397039,0.0028386225310259457,0,4629.397834912043,-2914.8593000006936,45650.35,-1.9820672194559958,0.7381889763706871,0.0003070108111664638,-1,0.9595999999999999,32711.0,3843.0,0.0,923.0,0.0,379.0,-544.0,0.0
2026-06-15 11:41:00,45606.0,45611.0,45580.0,45605.0,146,11:41:00,2026-06-15,0,-0.0002192261317549571,146,45637.37713564669,-0.000709443392210188,-7.889529886910168,-0.2573608469894406,-7.632169039920727,33.714285714285715,42.19858155818872,66.66666666,1.0,5.0,25.0,23.6,0,45750.0,44704.0,0.023398353614888526,-0.003169398907103756,-0.0009649707934776725,45727.0,45580.0,-0.0026680079602859875,0.0005484861781482987,0,-0.0007092619812830466,45716.466927425485,45581.63307257452,0.002953705605066496,0,8169.730061349694,-5264.182239108422,45649.05,-1.456554165196061,1.3632119514345171,-0.0002192261317549571,0,0.9595999999999999,32711.0,3843.0,0.0,923.0,0.0,379.0,-544.0,0.0
2026-06-15 11:42:00,45604.0,45619.0,45597.0,45607.0,66,11:42:00,2026-06-15,0,4.385484047797483e-05,66,45637.32773172759,-0.000664537851687326,-9.942556334812252,-2.194399944554003,-7.7481563902582495,33.214285714285715,44.98141263706416,61.538461531360944,3.0,12.0,7.0,18.6,0,45750.0,44704.0,0.023398353614888526,-0.0031256830601092216,-0.0008762897890332141,45727.0,45580.0,-0.0026242701248714627,0.0005923650724001626,0,-0.0006643970409357172,45716.995488563785,45577.004511436215,0.00306681659534181,0,3844.2681992337166,-4633.976711343896,45647.0,-1.204753299381195,0.6108283202164662,4.385484047797483e-05,-1,0.9595999999999999,32711.0,3843.0,0.0,923.0,0.0,379.0,-544.0,0.0
2026-06-15 11:43:00,45603.0,45620.0,45599.0,45610.0,79,11:43:00,2026-06-15,0,6.577937597307404e-05,79,45637.27278518146,-0.0005975989255501339,-11.198431114957202,-3.995206178634643,-7.20322493632256,33.5,47.69230768973965,33.33333332666666,7.0,10.0,4.0,5.6,1,45750.0,44704.0,0.023398353614888526,-0.0030601092896174195,-0.0007711654237465566,45727.0,45580.0,-0.0025586633717496763,0.0006581834137779584,0,-0.0005974951403753913,45717.128619575386,45573.27138042461,0.0031516400224070383,0,7491.039501039501,6181.455489840889,45645.2,-1.1281403099869893,0.7191624943038766,6.577937597307404e-05,-1,0.9595999999999999,32711.0,3843.0,0.0,923.0,0.0,379.0,-544.0,0.0
2026-06-15 11:44:00,45608.0,45620.0,45571.0,45589.0,83,11:44:00,2026-06-15,0,-0.00046042534531898216,83,45637.181274517185,-0.001055746064318985,-13.729974818888877,-5.9421599066854895,-7.7878149122033875,34.642857142857146,38.18897637584786,19.230769228550287,19.0,12.0,18.0,8.8,1,45750.0,44704.0,0.023398353614888526,-0.0035191256830600327,-0.0011710589593677799,45727.0,45571.0,-0.0030179106436021823,0.000394988040639872,0,-0.0010556241945203115,45718.65049729304,45566.24950270695,0.0033390187114426505,0,8427.365256124722,315.35337500791934,45642.45,-1.4458132206488021,0.7404103478970525,-0.00046042534531898216,1,0.9595999999999999,32711.0,3843.0,0.0,923.0,0.0,379.0,-544.0,0.0
2026-06-15 11:45:00,45589.0,45597.0,45570.0,45590.0,90,11:45:00,2026-06-15,0,2.1935115927185223e-05,90,45637.0652012451,-0.0010312933366236202,-15.477138976450078,-7.849155720638408,-7.62798325581167,34.142857142857146,38.735177863469204,15.99999999808,1.0,7.0,19.0,6.2,0,45750.0,44704.0,0.023398353614888526,-0.003497267759562765,-0.0010845868162446767,45727.0,45570.0,-0.00299604172589492,0.00043888523151195004,0,-0.0010312383186735562,45719.1241169385,45559.8758830615,0.0034892633327929207,0,8842.887931034482,13002.786155235337,45639.5,-1.6430433544373124,0.782268578871949,2.1935115927185223e-05,-1,0.9595999999999999,32711.0,3843.0,0.0,923.0,0.0,379.0,-544.0,0.0
2026-06-15 11:46:00,45587.0,45592.0,45565.0,45568.0,84,11:46:00,2026-06-15,0,-0.00048256196534324225,84,45636.93495224057,-0.0015105079320665976,-18.424607886496233,-9.964246153809974,-8.460361732686259,34.642857142857146,32.44274808986947,2.2727272725723253,19.0,5.0,3.0,9.8,1,45750.0,44704.0,0.023398353614888526,-0.003978142076502646,-0.0014834877080880892,45727.0,45565.0,-0.0034771579154546884,6.58400087786664e-05,0,-0.001510548808072775,45721.43913924363,45549.960860756364,0.003757546799704227,0,9521.671641791045,2710.748141789615,45635.7,-2.081270319770754,0.7225806451550746,-0.00048256196534324225,1,0.9595999999999999,32711.0,3843.0,0.0,923.0,0.0,379.0,-544.0,0.0
2026-06-15 11:47:00,45568.0,45588.0,45560.0,45575.0,144,11:47:00,2026-06-15,0,0.00015361657303381016,144,45636.71054575025,-0.0013522128350679904,-19.965506800217554,-11.96449828309149,-8.001008517126063,35.285714285714285,30.039525690037337,26.66666666399999,7.0,13.0,8.0,10.6,0,45750.0,44704.0,0.023398353614888526,-0.0038251366120217747,-0.0012491234221598604,45727.0,45560.0,-0.003324075491503853,0.0003292361720807654,0,-0.0013523524226474008,45721.62142599982,45542.37857400018,0.003928007801534945,0,13672.5,6223.931898600566,45632.0,-2.2895352900637653,1.184210526306051,0.00015361657303381016,0,0.9595999999999999,32711.0,3843.0,0.0,923.0,0.0,379.0,-544.0,0.0
2026-06-15 11:48:00,45575.0,45605.0,45573.0,45597.0,58,11:48:00,2026-06-15,0,0.00048272078990674316,58,45636.645603917575,-0.0008687230052283104,-19.190250885891146,-13.409648803651422,-5.780602082239724,33.714285714285715,26.55601659596769,56.86274509469435,22.0,8.0,2.0,13.6,1,45750.0,44704.0,0.023398353614888526,-0.0033442622950818944,-0.0007264933382862149,45727.0,45560.0,-0.0028429593019440847,0.0008121158911325547,0,-0.0008688466708431735,45721.11505979499,45539.184940205014,0.003987059424305448,0,5761.712418300654,-3484.3543611135397,45630.15,-2.0486639862396707,0.4793388429712451,0.00048272078990674316,-1,0.9595999999999999,32711.0,3843.0,0.0,923.0,0.0,379.0,-544.0,0.0
2026-06-15 11:49:00,45602.0,45619.0,45598.0,45610.0,82,11:49:00,2026-06-15,0,0.0002851064763031985,82,45636.58936766639,-0.0005826326645967311,-17.327127296193794,-14.193144502159896,-3.133982794033898,33.214285714285715,27.755102039230323,99.99999999285714,8.0,9.0,4.0,11.4,0,45750.0,44704.0,0.023398353614888526,-0.0030601092896174195,-0.0004284504230263608,45727.0,45560.0,-0.0025586633717496763,0.0010974539069358847,0,-0.0005827225485763133,45720.89889737088,45538.20110262913,0.004003935930591979,0,8165.982532751092,-1423.7931741835885,45629.55,-1.3476291587494393,0.6691146470773635,0.0002851064763031985,-1,0.9595999999999999,32711.0,3843.0,0.0,923.0,0.0,379.0,-544.0,0.0
2026-06-15 11:50:00,45603.0,45610.0,45559.0,45560.0,91,11:50:00,2026-06-15,0,-0.0010962508221881162,91,45636.45364915928,-0.0016752758605441623,-19.65855893053231,-15.28622738783438,-4.372331542697928,34.785714285714285,24.908424907147563,41.17647058678201,43.0,7.0,1.0,19.8,1,45750.0,44704.0,0.023398353614888526,-0.004153005464480784,-0.0014268461877343201,45727.0,45559.0,-0.0036521092571127857,2.19495599113233e-05,0,-0.001675692747178178,45721.016410968004,45529.18358903199,0.004204545785894337,0,9032.592592592593,-3393.6057102998043,45625.1,-1.5120967741938671,0.748047677757928,-0.0010962508221881162,1,0.9595999999999999,32711.0,3843.0,0.0,923.0,0.0,379.0,-544.0,0.0
2026-06-15 11:51:00,45563.0,45574.0,45563.0,45563.0,28,11:51:00,2026-06-15,0,6.584723441616092e-05,28,45636.40531783329,-0.0016084815910030602,-21.021833755934495,-16.433348661454403,-4.588485094480092,33.214285714285715,28.399999998409598,24.242424241322325,0.0,11.0,0.0,16.0,0,45750.0,44704.0,0.023398353614888526,-0.004087431693988982,-0.0012691551459966856,45727.0,45559.0,-0.003586502503990999,8.77982396452932e-05,0,-0.0016090282706673696,45720.07958193062,45521.72041806938,0.004347988835407395,0,3165.667493796526,-4505.682922074406,45620.9,-2.02716844016511,0.23799405014672337,6.584723441616092e-05,-1,0.9595999999999999,32711.0,3843.0,0.0,923.0,0.0,379.0,-544.0,0.0
2026-06-15 11:52:00,45567.0,45574.0,45561.0,45573.0,40,11:52:00,2026-06-15,0,0.00021947632947783013,40,45636.339024792025,-0.0013879076662484853,-21.05264071309648,-17.357207071782817,-3.695433641313663,28.214285714285715,44.021739127085304,20.634920633938023,6.0,1.0,6.0,15.8,0,45750.0,44704.0,0.023398353614888526,-0.0038688524590163092,-0.0009546973631281181,45727.0,45559.0,-0.0033678133269183772,0.00030729383875852616,0,-0.0013885097577967594,45716.13963166461,45516.96036833539,0.004366381572679572,0,6096.722408026756,-2534.0001848218612,45616.55,-2.8490309459549787,0.3560302625691497,0.00021947632947783013,-1,0.9595999999999999,32711.0,3843.0,0.0,923.0,0.0,379.0,-544.0,0.0
2026-06-15 11:53:00,45571.0,45575.0,45548.0,45549.0,77,11:53:00,2026-06-15,0,-0.0005266276084523458,77,45636.18899055417,-0.0019105230406555856,-22.751390999044816,-18.43604385723522,-4.315347141809596,28.142857142857142,37.128712868713855,35.13513513228635,22.0,4.0,1.0,15.8,1,45750.0,44704.0,0.023398353614888526,-0.004393442622950724,-0.0013418051225382865,45727.0,45548.0,-0.0038926673518926698,2.1954860806182008e-05,0,-0.0019116116691916833,45710.02426663282,45510.375733367175,0.004377278180442981,0,11029.16037735849,2210.4038948941784,45610.2,-3.2657462668578168,0.6799116997732458,-0.0005266276084523458,1,0.9595999999999999,32711.0,3843.0,0.0,923.0,0.0,379.0,-544.0,0.0
2026-06-15 11:54:00,45547.0,45561.0,45534.0,45538.0,91,11:54:00,2026-06-15,0,-0.00024149816680940628,91,45635.98329970307,-0.002147062309572355,-24.700538476645306,-19.688942781117238,-5.011595695528069,28.214285714285715,30.653266329501776,22.222222220740733,9.0,14.0,4.0,16.0,0,45750.0,44704.0,0.023398353614888526,-0.004633879781420664,-0.0013946879056874575,45721.0,45534.0,-0.004002537127359332,8.784644441516038e-05,0,-0.0021486811801135464,45694.62721728696,45508.57278271304,0.004079997951254212,0,12672.654434250764,30031.53982243627,45601.6,-4.230517153322909,0.9257375381391074,-0.00024149816680940628,0,0.9595999999999999,32711.0,3843.0,0.0,923.0,0.0,379.0,-544.0,0.0
2026-06-15 11:55:00,45548.0,45589.0,45548.0,45582.0,59,11:55:00,2026-06-15,0,0.0009662260090474994,59,45635.8919904006,-0.0011809123926390715,-22.436189195832412,-20.23839206406027,-2.197797131772141,29.357142857142858,45.0643776796957,55.696202529530524,34.0,7.0,0.0,14.2,1,45750.0,44704.0,0.023398353614888526,-0.0036721311475409035,-0.00027963745825999094,45717.0,45534.0,-0.0029529496686133616,0.0010541573329819244,0,-0.0011819779777409068,45669.8215448114,45519.6784551886,0.00329299074175852,1,9116.4,4952.952406029885,45594.75,-4.778967282708339,0.6029637199733985,0.0009662260090474994,-1,0.9595999999999999,32711.0,3843.0,0.0,923.0,0.0,379.0,-544.0,0.0
2026-06-15 11:56:00,45580.0,45583.0,45554.0,45559.0,52,11:56:00,2026-06-15,0,-0.0005045851432583515,52,45635.80195015011,-0.0016829319715692412,-22.24120113598474,-20.638953878445164,-1.6022472575395739,29.857142857142858,40.551181100127096,56.41025640808678,21.0,3.0,5.0,18.4,1,45750.0,44704.0,0.023398353614888526,-0.004174863387978051,-0.0006328440582303819,45700.0,45534.0,-0.003085339168490086,0.0005490402775947523,0,-0.0016847021772272556,45647.03845903112,45528.661540968875,0.0025966769229574323,1,7426.545454545455,-3266.445313651219,45587.85,-4.900219687701116,0.5363589479057621,-0.0005045851432583515,1,0.9595999999999999,32711.0,3843.0,0.0,923.0,0.0,379.0,-544.0,0.0
2026-06-15 11:57:00,45561.0,45565.0,45551.0,45564.0,33,11:57:00,2026-06-15,0,0.0001097477995566365,33,45635.740612688605,-0.0015720269184950387,-21.436111332550354,-20.798385369266203,-0.6377259632841508,29.357142857142858,41.01562499775696,68.05555555271991,3.0,1.0,10.0,17.8,0,45750.0,44704.0,0.023398353614888526,-0.004065573770491715,-0.0004058575111062271,45667.0,45534.0,-0.0022554579893576928,0.0006588483331137028,0,-0.0015738630546504417,45627.74320243631,45537.25679756369,0.001985112814624337,1,4819.2692307692305,-6197.111460923257,45582.5,-4.188449528086415,0.35218783350744726,0.0001097477995566365,-1,0.9595999999999999,32711.0,3843.0,0.0,923.0,0.0,379.0,-544.0,0.0
2026-06-15 11:58:00,45568.0,45575.0,45563.0,45572.0,42,11:58:00,2026-06-15,0,0.00017557721007821492,42,45635.672978313414,-0.0013952457399646749,-19.9228801608333,-20.623284327579626,0.7004041667463241,26.714285714285715,46.502057610489594,36.11111110810185,4.0,3.0,5.0,14.2,0,45750.0,44704.0,0.023398353614888526,-0.0038907103825135763,-0.00020512775510155668,45623.0,45534.0,-0.0011178572211384364,0.0008345412219440235,0,-0.0013969085670655391,45626.42432456637,45536.27567543363,0.001977752943533612,1,6909.83393501805,-2420.4357695822355,45581.35,-2.9389348554387196,0.5472312703511761,0.00017557721007821492,-1,0.9595999999999999,32711.0,3843.0,0.0,923.0,0.0,379.0,-544.0,0.0
2026-06-15 11:59:00,45567.0,45596.0,45567.0,45592.0,50,11:59:00,2026-06-15,0,0.0004388659703327136,50,45635.61099150234,-0.00095563509625105,-16.91481721819582,-19.881590905702865,2.966773687507043,26.857142857142858,50.38167938662083,99.99999999090909,25.0,4.0,0.0,17.4,1,45750.0,44704.0,0.023398353614888526,-0.0034535519125682306,0.0002435230546127501,45622.0,45534.0,-0.0006575774845469148,0.0012737734440198254,0,-0.0009567821500308202,45625.323322446886,45536.47667755312,0.001949207779876371,1,9659.322033898305,3006.4807291878456,45580.9,-1.5245290137607037,0.680272108834282,0.0004388659703327136,-1,0.9595999999999999,32711.0,3843.0,0.0,923.0,0.0,379.0,-544.0,0.0
2026-06-15 12:00:00,45590.0,45596.0,45588.0,45593.0,36,12:00:00,2026-06-15,0,2.1933672574192542e-05,36,45635.57290800945,-0.0009328886501604657,-14.285539217911719,-18.762380568144636,4.476841350232917,25.5,55.18672198849538,99.99999998965517,3.0,3.0,2.0,11.2,0,45750.0,44704.0,0.023398353614888526,-0.0034316939890709636,0.0002896019728036718,45620.0,45534.0,-0.0005918456817185316,0.0012957350551236154,0,-0.0009340301626916408,45621.68505572409,45537.914944275915,0.0018378779952560854,1,7705.859154929577,5989.683883462145,45579.8,-0.5923325837760302,0.5031446540810183,2.1933672574192542e-05,-1,0.9595999999999999,32711.0,3843.0,0.0,923.0,0.0,379.0,-544.0,0.0
2026-06-15 12:01:00,45590.0,45604.0,45575.0,45575.0,123,12:01:00,2026-06-15,0,-0.00039479744697645813,123,45635.420312106515,-0.0013239784293272887,-13.498662844838691,-17.70963702348345,4.210974178644758,25.571428571428573,49.99999999722222,53.84615384201184,15.0,14.0,0.0,10.0,1,45750.0,44704.0,0.023398353614888526,-0.0038251366120217747,-7.240287593005527e-05,45620.0,45534.0,-0.000986409469530886,0.0009004260552553939,0,-0.00132563768518162,45618.50002616339,45538.099973836615,0.0017639984889031245,1,19738.468309859156,18565.76365725292,45578.3,-0.6691333187796401,1.7471590908842731,-0.00039479744697645813,0,0.9595999999999999,32711.0,3843.0,0.0,923.0,0.0,379.0,-544.0,0.0
2026-06-15 12:02:00,45576.0,45576.0,45556.0,45566.0,55,12:02:00,2026-06-15,0,-0.00019747668678005148,55,45635.32738674714,-0.0015191604994878411,-13.44628206428024,-16.856966031642806,3.4106839673625657,24.714285714285715,43.51464434891547,3.5714285710459137,10.0,0.0,10.0,11.4,0,45750.0,44704.0,0.023398353614888526,-0.00402185792349718,-0.0002248978360439873,45620.0,45534.0,-0.0011836913634370632,0.000702771555321283,0,-0.001521129683708992,45614.41791154831,45538.08208845169,0.0016749035538602738,1,8189.967320261438,-1521.1778926930192,45576.25,-1.0201641477025365,0.7874015747918769,-0.00019747668678005148,1,0.9595999999999999,32711.0,3843.0,0.0,923.0,0.0,379.0,-544.0,0.0
2026-06-15 12:03:00,45565.0,45565.0,45516.0,45516.0,176,12:03:00,2026-06-15,0,-0.0010973093973576376,176,45634.888094545684,-0.002605201842488817,-17.240612996160053,-16.933695424546254,-0.3069175716137984,26.714285714285715,32.97101449108119,0.0,49.0,0.0,0.0,20.4,1,45750.0,44704.0,0.023398353614888526,-0.0051147540983605445,-0.0012189622692228307,45620.0,45516.0,-0.0022797018851380474,0.0,0,-0.0026088227094685475,45615.003423320595,45528.09657667941,0.0019070417100402032,1,18206.4,13626.697080692215,45571.55,-1.8100123300233875,2.356091030758285,-0.0010973093973576376,0,0.9595999999999999,32711.0,3843.0,0.0,923.0,0.0,379.0,-544.0,0.0
2026-06-15 12:04:00,45516.0,45536.0,45507.0,45535.0,76,12:04:00,2026-06-15,0,0.0004174356270323365,76,45634.687913239795,-0.0021844767171262085,-18.501235657939105,-17.247203471224825,-1.25403218671428,25.142857142857142,44.897959181107865,24.35897435803747,19.0,1.0,9.0,19.2,0,45750.0,44704.0,0.023398353614888526,-0.0046994535519124655,-0.0007428320003686247,45619.0,45507.0,-0.0018413380389749484,0.0006152899553914647,0,-0.002187632850945177,45614.39823930235,45523.30176069765,0.0019990954040906245,1,7426.309012875537,-6237.646763520058,45568.85,-2.0733550834507573,1.02219233354375,0.0004174356270323365,0,0.9595999999999999,32711.0,3843.0,0.0,923.0,0.0,379.0,-544.0,0.0
2026-06-15 12:05:00,45530.0,45548.0,45507.0,45509.0,110,12:05:00,2026-06-15,0,-0.0005709893488525797,110,45634.38709288299,-0.0027476449421306053,-21.352136767214688,-18.0681901304228,-3.283946636791889,27.071428571428573,39.925373132242704,19.999999999368427,21.0,18.0,2.0,22.8,0,45750.0,44704.0,0.023398353614888526,-0.005267759562841415,-0.0012246295385912303,45619.0,45507.0,-0.002411276003419575,4.394928252796177e-05,0,-0.002751841177465722,45616.42863340974,45513.171366590264,0.002266163064898229,1,9270.351851851852,1319.1560959194728,45564.8,-2.5122733880029817,1.4598540145791659,-0.0005709893488525797,0,0.9595999999999999,32711.0,3843.0,0.0,923.0,0.0,379.0,-544.0,0.0
2026-06-15 12:06:00,45507.0,45525.0,45505.0,45516.0,82,12:06:00,2026-06-15,0,0.0001538157287570563,82,45634.15203537834,-0.00258911429507314,-22.78401499508618,-19.011355103355477,-3.7726598917307044,27.571428571428573,39.24528301679459,49.99999999711539,9.0,9.0,2.0,21.6,0,45750.0,44704.0,0.023398353614888526,-0.0051147540983605445,-0.0010139984460802174,45619.0,45505.0,-0.0022578311668383293,0.00024173167783759497,0,-0.0025932030362524,45618.202255578355,45506.19774442164,0.0024582770620539306,1,7479.583166332665,-5891.783567134269,45562.2,-2.0517186709703354,1.0897009966632598,0.0001538157287570563,0,0.9595999999999999,32711.0,3843.0,0.0,923.0,0.0,379.0,-544.0,0.0
2026-06-15 12:07:00,45519.0,45541.0,45519.0,45527.0,60,12:07:00,2026-06-15,0,0.00024167325775548143,60,45634.000344617554,-0.0023447504888791187,-22.768717139486398,-19.762827510581662,-3.005889628904736,27.428571428571427,45.63492063238536,40.90909090630165,8.0,14.0,0.0,21.2,0,45750.0,44704.0,0.023398353614888526,-0.004874316939890604,-0.000719932923322802,45619.0,45505.0,-0.002016703566496372,0.00048346335567518993,0,-0.002348569234666348,45617.57852449677,45502.021475503236,0.00253638183208732,1,5419.880952380952,-2701.7836949901935,45559.8,-1.9860057912358189,0.8444757213111262,0.00024167325775548143,0,0.9595999999999999,32711.0,3843.0,0.0,923.0,0.0,379.0,-544.0,0.0
2026-06-15 12:08:00,45525.0,45533.0,45522.0,45533.0,27,12:08:00,2026-06-15,0,0.00013178992685669577,27,45633.93244271446,-0.002211784900220056,-22.018626601457072,-20.213987328756744,-1.804639272700328,26.285714285714285,48.9878542482355,99.9999999875,8.0,0.0,3.0,13.0,0,45750.0,44704.0,0.023398353614888526,-0.0047431693989070005,-0.0005180369035441193,45619.0,45505.0,-0.0018851794208553042,0.0006153169981320599,0,-0.002215539410633322,45612.77041737216,45500.42958262784,0.002465961786970841,1,3463.0732394366196,-6264.3562026776435,45556.6,-1.799634805815973,0.38848920862750375,0.00013178992685669577,-1,0.9595999999999999,32711.0,3843.0,0.0,923.0,0.0,379.0,-544.0,0.0
2026-06-15 12:09:00,45532.0,45543.0,45529.0,45543.0,35,12:09:00,2026-06-15,0,0.00021962093426752816,35,45633.85211504297,-0.0019908929628367354,-20.382303512102226,-20.24765056542584,-0.13465294667638616,23.642857142857142,40.84507041985056,99.99999998888889,11.0,0.0,3.0,11.4,0,45750.0,44704.0,0.023398353614888526,-0.004524590163934327,-0.00022501138777144937,45610.0,45505.0,-0.001468976101732044,0.0008350730688935099,0,-0.0019944156573454435,45603.71259686641,45502.78740313359,0.002215543210041445,1,5076.449044585987,-3212.925196906347,45553.25,-1.9643476390510313,0.5212211466787606,0.00021962093426752816,-1,0.9595999999999999,32711.0,3843.0,0.0,923.0,0.0,379.0,-544.0,0.0
2026-06-15 12:10:00,45545.0,45572.0,45541.0,45563.0,64,12:10:00,2026-06-15,0,0.0004391454230068259,64,45633.736772296535,-0.0015500981795441534,-17.272565439103346,-19.65263354016134,2.3800681010579936,23.785714285714285,50.95238094898413,99.99999999166667,18.0,9.0,4.0,10.8,1,45750.0,44704.0,0.023398353614888526,-0.004087431693988982,0.0002107416789964818,45604.0,45505.0,-0.0008990439435137072,0.0012745852104164097,0,-0.001552831891725622,45603.9648098809,45502.835190119105,0.0022200235275915718,1,10880.716417910447,10075.563492092113,45553.4,-1.4047471674593512,0.9726443768849142,0.0004391454230068259,0,0.9595999999999999,32711.0,3843.0,0.0,923.0,0.0,379.0,-544.0,0.0
2026-06-15 12:11:00,45565.0,45583.0,45565.0,45578.0,40,12:11:00,2026-06-15,0,0.0003292144942168562,40,45633.680827625845,-0.0012201695461773014,-13.442741416794888,-18.410655115488048,4.96791369869316,24.214285714285715,53.181818178433886,99.99999999333333,13.0,5.0,0.0,11.6,1,45750.0,44704.0,0.023398353614888526,-0.0037595628415299726,0.0005235527388832416,45604.0,45505.0,-0.0005701254275940582,0.0016042193165585847,0,-0.001222299782255712,45605.74875557839,45502.551244421615,0.002265381115809894,1,8066.902654867256,13294.057321697297,45554.15,-0.5377925481702079,0.6024096385451444,0.0003292144942168562,-1,0.9595999999999999,32711.0,3843.0,0.0,923.0,0.0,379.0,-544.0,0.0
2026-06-15 12:12:00,45575.0,45577.0,45552.0,45577.0,42,12:12:00,2026-06-15,0,-2.194040984682122e-05,42,45633.61550239234,-0.001240653447443206,-10.368745485735417,-16.802273189537523,6.433527703802106,25.214285714285715,51.17370891682426,97.22222221412036,2.0,0.0,23.0,10.4,0,45750.0,44704.0,0.023398353614888526,-0.00378142076502724,0.0004972082797801079,45604.0,45505.0,-0.0005920533286553682,0.0015822437094824397,0,-0.0012428122098623027,45606.286296996026,45502.41370300397,0.0022801904536460904,1,9203.048076923076,8128.908605392367,45554.35,0.241475635656851,0.6315789473589236,-2.194040984682122e-05,1,0.9595999999999999,32711.0,3843.0,0.0,923.0,0.0,379.0,-544.0,0.0
2026-06-15 12:13:00,45573.0,45587.0,45572.0,45572.0,74,12:13:00,2026-06-15,0,-0.00010970445619495894,74,45633.51545111525,-0.0013480322632856841,-8.241042172383459,-15.090026986106711,6.848984813723252,24.214285714285715,44.949494946316705,71.42857141836734,1.0,14.0,0.0,9.0,0,45750.0,44704.0,0.023398353614888526,-0.0038907103825135763,0.0003621955636531185,45604.0,45505.0,-0.0007016928339619178,0.0014723656741017148,0,-0.0013503408175796364,45607.95348815229,45503.04651184771,0.0023028388735626265,1,13224.815686274509,2154.3611452877353,45555.5,0.46099742280456446,1.1152976638867325,-0.00010970445619495894,0,0.9595999999999999,32711.0,3843.0,0.0,923.0,0.0,379.0,-544.0,0.0
2026-06-15 12:14:00,45569.0,45586.0,45556.0,45583.0,64,12:14:00,2026-06-15,0,0.00024137628368303687,64,45633.42615289237,-0.0011050266689030942,-5.602630263951141,-13.1925476416756,7.589917377724458,25.785714285714285,47.59615384295026,64.70588234152248,14.0,3.0,13.0,9.6,1,45750.0,44704.0,0.023398353614888526,-0.0036502732240436364,0.0005542415944597669,45604.0,45505.0,-0.0004604859222875086,0.0017140973519393099,0,-0.0011068622329321793,45610.89874854569,45504.60125145431,0.0023332472980201174,0,10272.225352112677,2733.7911359508153,45557.75,0.7902682851065259,0.9846153846002367,0.00024137628368303687,0,0.9595999999999999,32711.0,3843.0,0.0,923.0,0.0,379.0,-544.0,0.0
2026-06-15 12:15:00,45584.0,45586.0,45576.0,45581.0,34,12:15:00,2026-06-15,0,-4.387600640587408e-05,34,45633.383684361004,-0.0011479246142107914,-3.6311949480732437,-11.280277102955129,7.649082154881885,24.428571428571427,51.562499996240234,61.111111100925925,3.0,2.0,5.0,6.6,0,45750.0,44704.0,0.023398353614888526,-0.003693989071038171,0.0005114393395628489,45604.0,45505.0,-0.0005043417244101284,0.0016701461377870198,0,-0.0011498316280453827,45610.754490343956,45504.64550965604,0.002329111888614107,0,6101.393700787402,-3370.2468467085023,45557.7,0.7353853144647098,0.5333333333249674,-4.387600640587408e-05,1,0.9595999999999999,32711.0,3843.0,0.0,923.0,0.0,379.0,-544.0,0.0
2026-06-15 12:16:00,45581.0,45595.0,45580.0,45581.0,56,12:16:00,2026-06-15,0,0.0,56,45633.31965990927,-0.0011465232049561725,-2.045241980384162,-9.433270078440936,7.388028098056774,24.071428571428573,54.09836065159904,84.61538459585799,0.0,14.0,1.0,4.0,0,45750.0,44704.0,0.023398353614888526,-0.003693989071038171,0.0004872823691580244,45604.0,45505.0,-0.0005043417244101284,0.0016701461377870198,0,-0.0011483985510871376,45612.870519240336,45504.72948075967,0.0023736586231565254,0,9453.837037037038,-2851.441365002323,45558.8,0.7243911273068917,0.8756841282114827,0.0,0,0.9595999999999999,32711.0,3843.0,0.0,923.0,0.0,379.0,-544.0,0.0
2026-06-15 12:17:00,45579.0,45605.0,45575.0,45596.0,109,12:17:00,2026-06-15,0,0.0003290844869572318,109,45633.21277420478,-0.000815475657804572,0.41720256103144493,-7.46317555054646,7.880378111577905,22.642857142857142,77.02702701974069,88.23529410207613,17.0,9.0,4.0,7.0,1,45750.0,44704.0,0.023398353614888526,-0.0033661202185791615,0.0007813803215072248,45605.0,45505.0,-0.00019734678215107561,0.0019997802439291946,0,-0.000816778917761491,45616.95514308012,45503.84485691988,0.002482644712518739,0,14747.66765578635,4356.838124421807,45560.4,0.5816792971561272,1.6088560885371386,0.0003290844869572318,0,0.9595999999999999,32711.0,3843.0,0.0,923.0,0.0,379.0,-544.0,0.0
2026-06-15 12:18:00,45593.0,45596.0,45586.0,45586.0,39,12:18:00,2026-06-15,0,-0.00021931748398984485,39,45633.17219903895,-0.0010337260542220463,1.5439929845233564,-5.661741843532497,7.205734828055854,21.285714285714285,68.3453237341235,59.9999999928,7.0,3.0,0.0,8.2,0,45750.0,44704.0,0.023398353614888526,-0.0035846994535518343,0.000546518850510653,45605.0,45505.0,-0.0004166209845411596,0.0017800241731677447,0,-0.0010353612849327105,45618.598375248184,45503.60162475181,0.002524011722639906,0,5886.933774834437,-351.49334147260214,45561.1,0.74630633240955,0.5769230769145426,-0.00021931748398984485,1,0.9595999999999999,32711.0,3843.0,0.0,923.0,0.0,379.0,-544.0,0.0
2026-06-15 12:19:00,45586.0,45606.0,45582.0,45606.0,85,12:19:00,2026-06-15,0,0.00043873118940029876,85,45633.101456819924,-0.0005938990766509344,4.004652228177292,-3.7284630291905394,7.733115257367832,20.071428571428573,86.46616540443213,77.77777777259259,20.0,0.0,4.0,9.4,1,45750.0,44704.0,0.023398353614888526,-0.0031475409836064887,0.0009701109262583155,45606.0,45505.0,0.0,0.002219536314690645,0,-0.0005948284927268843,45621.1920072451,45502.4079927549,0.0026070966136148618,0,12001.578947368422,2694.928948267424,45561.8,0.658489688051485,1.2256669069758375,0.00043873118940029876,0,0.9595999999999999,32711.0,3843.0,0.0,923.0,0.0,379.0,-544.0,0.0
2026-06-15 12:20:00,45600.0,45618.0,45600.0,45616.0,52,12:20:00,2026-06-15,0,0.00021926939437788562,52,45633.07470517335,-0.00037417389215311126,6.68460289225186,-1.6458498449020595,8.33045273715392,19.928571428571427,86.76470587342128,74.999999994375,16.0,2.0,0.0,12.0,1,45750.0,44704.0,0.023398353614888526,-0.002928961748633816,0.001164323205587034,45618.0,45505.0,-4.3842342934805476e-05,0.0024392923854520947,0,-0.00037474977307984673,45625.682430951,45500.217569049,0.0027536597586854694,0,6956.105571847507,-5283.250386295334,45562.95,0.5596965786067801,0.7412687098967744,0.00021926939437788562,-1,0.9595999999999999,32711.0,3843.0,0.0,923.0,0.0,379.0,-544.0,0.0
2026-06-15 12:21:00,45615.0,45618.0,45605.0,45606.0,56,12:21:00,2026-06-15,0,-0.00021922132585061593,56,45633.04376627565,-0.0005926356000744753,7.910380730012548,0.26539627008086186,7.6449844599316865,19.071428571428573,79.25925925103978,74.999999994375,9.0,3.0,1.0,13.8,0,45750.0,44704.0,0.023398353614888526,-0.0031475409836064887,0.000910796782582912,45618.0,45505.0,-0.0002630540576088329,0.002219536314690645,0,-0.0005935271159708012,45629.958705330515,45499.041294669485,0.002873232684678357,0,7489.548387096775,2722.3248529025777,45564.5,0.7462506392517861,0.8383233532808634,-0.00021922132585061593,0,0.9595999999999999,32711.0,3843.0,0.0,923.0,0.0,379.0,-544.0,0.0
2026-06-15 12:22:00,45610.0,45628.0,45610.0,45622.0,77,12:22:00,2026-06-15,0,0.0003508310310047502,77,45633.02010397524,-0.0002414940749074502,10.056954469226184,2.2237079099099266,7.833246559316258,19.857142857142858,80.68965516462308,72.2222222162037,12.0,6.0,0.0,12.8,0,45750.0,44704.0,0.023398353614888526,-0.002797814207650212,0.001200422232609698,45628.0,45505.0,-0.0001314982028578914,0.0025711460279089645,0,-0.00024184237326421747,45637.63783138965,45496.96216861036,0.003087206456807619,0,11368.588996763754,-527.4222278423315,45567.3,1.2071516050726705,1.1340206185399995,0.0003508310310047502,0,0.9595999999999999,32711.0,3843.0,0.0,923.0,0.0,379.0,-544.0,0.0
2026-06-15 12:23:00,45618.0,45629.0,45611.0,45624.0,101,12:23:00,2026-06-15,0,4.3838498969828166e-05,101,45632.992361388584,-0.00019705833265040194,11.783678003150271,4.135701928557996,7.647976074592275,20.142857142857142,79.56204378749001,64.28571427882653,6.0,5.0,7.0,12.6,0,45750.0,44704.0,0.023398353614888526,-0.0027540983606556776,0.0011256739232040627,45629.0,45505.0,-0.00010957943413179975,0.0026150972420612545,0,-0.00019731903943772834,45643.037831389614,45502.36216861038,0.0030868406475638185,0,12420.54986522911,7855.60862603509,45572.7,2.1398965606924047,1.574434918136018,4.3838498969828166e-05,0,0.9595999999999999,32711.0,3843.0,0.0,923.0,0.0,379.0,-544.0,0.0
2026-06-15 12:24:00,45630.0,45641.0,45628.0,45638.0,69,12:24:00,2026-06-15,0,0.00030685604068025896,69,45632.996691383516,0.0001096423417099104,14.119046264735516,6.1323707957935,7.986675468942016,19.142857142857142,78.6259541900705,99.999999990625,8.0,3.0,2.0,10.2,0,45750.0,44704.0,0.023398353614888526,-0.0024480874316939356,0.0013197199955680258,45641.0,45505.0,-6.573037400582666e-05,0.0029227557411272845,0,0.00010977500291224537,45651.56716930883,45504.13283069117,0.0032347804606329437,0,8870.484507042254,1843.8176089824044,45577.85,2.929912541561642,1.081504702177406,0.00030685604068025896,0,0.9595999999999999,32711.0,3843.0,0.0,923.0,0.0,379.0,-544.0,0.0
2026-06-15 12:25:00,45637.0,45638.0,45617.0,45631.0,59,12:25:00,2026-06-15,0,-0.00015338095446781885,59,45632.99070494044,-4.3624248809693824e-05,15.229445372642658,7.951785711163332,7.277659661479326,19.214285714285715,71.54471543901117,69.56521738223063,6.0,1.0,14.0,8.2,0,45750.0,44704.0,0.023398353614888526,-0.002601092896174807,0.0010321615393137692,45641.0,45505.0,-0.00021910124668608885,0.0027689264915942697,0,-4.36711812039713e-05,45653.766224915336,45514.13377508466,0.003063193291293876,0,7437.096685082873,-3458.2060384099045,45583.95,3.65393604624241,0.9632653061067222,-0.00015338095446781885,0,0.9595999999999999,32711.0,3843.0,0.0,923.0,0.0,379.0,-544.0,0.0
2026-06-15 12:26:00,45630.0,45636.0,45625.0,45625.0,31,12:26:00,2026-06-15,0,-0.00013148955753761182,31,45632.98756614995,-0.0001750392988925965,15.447228772020026,9.450874323334672,5.996354448685354,18.142857142857142,68.74999999248047,51.85185184609054,5.0,6.0,0.0,7.4,0,45750.0,44704.0,0.023398353614888526,-0.0027322404371584105,0.0007808832754982028,45641.0,45519.0,-0.0003505619946977422,0.002328697906368718,0,-0.00017520665220321964,45653.68030719439,45525.119692805616,0.0028199672377519328,0,4196.958456973293,-6620.955994289326,45589.4,3.664474564817175,0.528109028951821,-0.00013148955753761182,1,0.9595999999999999,32711.0,3843.0,0.0,923.0,0.0,379.0,-544.0,0.0
2026-06-15 12:27:00,45626.0,45630.0,45615.0,45624.0,37,12:27:00,2026-06-15,0,-2.191780821914069e-05,37,45632.978920525,-0.00019676384793190278,15.362047916583833,10.633109041984504,4.728938874599329,18.142857142857142,70.96774192747138,0.0,2.0,4.0,9.0,5.4,0,45750.0,44704.0,0.023398353614888526,-0.0027540983606556776,0.0006524945579760463,45641.0,45522.0,-0.00037247211936635105,0.0022406748385395583,0,-0.00019693098417010712,45653.1160388049,45535.3839611951,0.002582169409734852,1,5683.79797979798,-3592.4605073312205,45594.25,3.598239056910639,0.6429192006838763,-2.191780821914069e-05,1,0.9595999999999999,32711.0,3843.0,0.0,923.0,0.0,379.0,-544.0,0.0
2026-06-15 12:28:00,45626.0,45626.0,45607.0,45621.0,38,12:28:00,2026-06-15,0,-6.575486586002377e-05,38,45632.965615577006,-0.00026221428775432187,14.880928466693149,11.482672926926234,3.3982555397669145,17.357142857142858,66.37931033681629,0.0,5.0,0.0,14.0,5.2,0,45750.0,44704.0,0.023398353614888526,-0.0028196721311474797,0.0004901460898513016,45641.0,45529.0,-0.0004382024933721777,0.00202069010960043,0,-0.00026241161913797856,45651.038327329356,45546.26167267065,0.0022978016818196558,1,7408.538461538462,-38.3996937967636,45598.65,3.224819262043848,0.6540447504190354,-6.575486586002377e-05,1,0.9595999999999999,32711.0,3843.0,0.0,923.0,0.0,379.0,-544.0,0.0
2026-06-15 12:29:00,45626.0,45630.0,45616.0,45627.0,32,12:29:00,2026-06-15,0,0.000131518379693496,32,45632.95916349396,-0.0001305890216894849,14.813032276993908,12.14874479693977,2.6642874800541385,17.642857142857142,69.16666665859722,59.999999982,1.0,3.0,10.0,3.8,0,45750.0,44704.0,0.023398353614888526,-0.002688524590163876,0.000529572164897609,45641.0,45541.0,-0.0003067417453605244,0.0018884082475131886,0,-0.00013067524275252296,45649.62054851919,45556.07945148081,0.0020512116466049777,1,7411.492385786802,7659.198826408501,45602.85,2.950247206586858,0.552200172553025,0.000131518379693496,-1,0.9595999999999999,32711.0,3843.0,0.0,923.0,0.0,379.0,-544.0,0.0
2026-06-15 12:30:00,45624.0,45624.0,45614.0,45619.0,18,12:30:00,2026-06-15,0,-0.0001753347798452154,18,45632.95329706677,-0.000305772387246917,13.952851133763033,12.509566064304423,1.4432850694586108,17.5,64.84374999290772,35.294117640830464,5.0,0.0,5.0,3.6,1,45750.0,44704.0,0.023398353614888526,-0.0028633879781420142,0.0002927268880061627,45641.0,45552.0,-0.0004820227427093955,0.0014708465050930482,0,-0.00030595544777393106,45648.95199944752,45562.34800055248,0.001898975212392196,1,5263.7307692307695,-739.0607689792322,45605.65,2.500315280984215,0.3234501347650773,-0.0001753347798452154,1,0.9595999999999999,32711.0,3843.0,0.0,923.0,0.0,379.0,-544.0,0.0
2026-06-15 12:31:00,45618.0,45621.0,45597.0,45601.0,70,12:31:00,2026-06-15,0,-0.00039457243692320176,70,45632.90986224097,-0.0006992730101434106,11.684015752201958,12.34445600188393,-0.6604402496819723,17.071428571428573,51.90839694101742,18.74999999824219,17.0,3.0,4.0,6.0,1,45750.0,44704.0,0.023398353614888526,-0.0032568306010928253,-0.000127174017909671,45641.0,45552.0,-0.0008764049867443554,0.0010756937126799905,0,-0.0006996733434701003,45648.1895486216,45565.410451378404,0.0018150604129909531,1,16369.589743589744,12095.572329917315,45606.8,1.7873336162367646,1.2248468941168007,-0.00039457243692320176,0,0.9595999999999999,32711.0,3843.0,0.0,923.0,0.0,379.0,-544.0,0.0
2026-06-15 12:32:00,45600.0,45600.0,45575.0,45586.0,79,12:32:00,2026-06-15,0,-0.0003289401548212112,79,45632.825476966034,-0.0010261358238636633,8.576705800820491,11.590905961671243,-3.014200160850752,18.214285714285715,49.99999999485294,0.0,14.0,0.0,11.0,8.4,1,45750.0,44704.0,0.023398353614888526,-0.0035846994535518343,-0.00046593469240086905,45641.0,45556.0,-0.0012050568567734887,0.0006585301606813448,0,-0.0010267112567855616,45647.45408460977,45567.04591539023,0.0017630567337330156,1,15195.333333333334,10502.393502385285,45607.25,0.9648519774534827,1.338983050824763,-0.0003289401548212112,0,0.9595999999999999,32711.0,3843.0,0.0,923.0,0.0,379.0,-544.0,0.0
2026-06-15 12:33:00,45584.0,45600.0,45575.0,45582.0,67,12:33:00,2026-06-15,0,-8.774623788010416e-05,67,45632.75207718695,-0.0011121853247225983,5.725375146022998,10.417799798541594,-4.692424652518596,18.285714285714285,39.999999995333326,0.0,2.0,16.0,7.0,7.8,0,45750.0,44704.0,0.023398353614888526,-0.0036721311475409035,-0.0005645970257247822,45641.0,45556.0,-0.0012926973554479243,0.0005707261392571655,0,-0.0011127950224896425,45646.32392081028,45569.17607918972,0.001691551142526498,1,11481.180451127819,11811.86871912458,45607.75,0.46046926203190713,1.142369991455373,-8.774623788010416e-05,0,0.9595999999999999,32711.0,3843.0,0.0,923.0,0.0,379.0,-544.0,0.0
2026-06-15 12:34:00,45584.0,45595.0,45581.0,45595.0,55,12:34:00,2026-06-15,0,0.0002852002983633195,55,45632.697949051086,-0.0008261170332986816,4.463217223936226,9.22688328362052,-4.763666059684294,18.0,41.46341462942693,40.624999996191406,11.0,0.0,3.0,9.8,1,45750.0,44704.0,0.023398353614888526,-0.003387978142076429,-0.0002927095586663024,45641.0,45575.0,-0.0010078657347560088,0.0004388370817333969,0,-0.0008265580546344018,45645.655425008954,45571.04457499104,0.001635903294416682,1,8677.249134948097,-4699.165177095493,45608.35,0.3398615995850694,0.9450171821143468,0.0002852002983633195,0,0.9595999999999999,32711.0,3843.0,0.0,923.0,0.0,379.0,-544.0,0.0
2026-06-15 12:35:00,45588.0,45593.0,45585.0,45587.0,21,12:35:00,2026-06-15,0,-0.0001754578352889391,21,45632.676344410174,-0.0010009569472856162,2.7853075445309514,7.938568135802607,-5.153260591271655,17.785714285714285,42.14876032570179,51.99999999376,1.0,5.0,2.0,9.0,0,45750.0,44704.0,0.023398353614888526,-0.0035628415300545673,-0.00047469065626807596,45641.0,45575.0,-0.00118314673210488,0.00026330224904003814,0,-0.001001484244988031,45645.11642288814,45572.183577111864,0.0015991011743665582,1,3278.5171232876714,-7842.418424546349,45608.65,0.3069687385232513,0.36490008687463255,-0.0001754578352889391,1,0.9595999999999999,32711.0,3843.0,0.0,923.0,0.0,379.0,-544.0,0.0
2026-06-15 12:36:00,45586.0,45597.0,45570.0,45576.0,63,12:36:00,2026-06-15,0,-0.00024129686094720437,63,45632.600958644005,-0.0012403623167414933,0.5614716698546545,6.463148842613017,-5.901677172758363,18.142857142857142,30.172413789461956,40.624999996191406,10.0,11.0,6.0,7.6,1,45750.0,44704.0,0.023398353614888526,-0.003803278688524507,-0.0007103954534691142,45641.0,45570.0,-0.0014241581034595775,0.000131665569453585,0,-0.0012410204840337254,45645.72305620622,45571.076943793785,0.0016366746566954973,1,10074.694736842106,-1225.035805571326,45608.4,0.14251963756191768,1.0880829015356117,-0.00024129686094720437,0,0.9595999999999999,32711.0,3843.0,0.0,923.0,0.0,379.0,-544.0,0.0
2026-06-15 12:37:00,45576.0,45582.0,45568.0,45582.0,30,12:37:00,2026-06-15,0,0.00013164823591371722,30,45632.562592558315,-0.0011080375434922415,-0.708615943301993,5.028795885430016,-5.737411828732009,17.857142857142858,32.49999999620833,23.999999997120014,6.0,0.0,8.0,6.0,0,45750.0,44704.0,0.023398353614888526,-0.0036721311475409035,-0.0005635013385896796,45641.0,45568.0,-0.0012926973554479243,0.000307233146067409,0,-0.0011086415793454673,45646.49826363917,45568.90173636082,0.0017013909335122986,1,5794.322033898305,-3322.3975204752915,45607.7,-0.142517762646852,0.5560704355782008,0.00013164823591371722,-1,0.9595999999999999,32711.0,3843.0,0.0,923.0,0.0,379.0,-544.0,0.0
2026-06-15 12:38:00,45579.0,45580.0,45567.0,45580.0,49,12:38:00,2026-06-15,0,-4.387696897900639e-05,49,45632.498154782545,-0.001150455418953243,-1.8551675952840014,3.6520031892872127,-5.507170784571214,17.714285714285715,23.14814814514746,31.578947363434906,1.0,0.0,12.0,5.8,0,45750.0,44704.0,0.023398353614888526,-0.003715846994535438,-0.0006007796980314786,45641.0,45567.0,-0.001336517604785142,0.00028529418219324764,0,-0.0011510885247250104,45646.9894722628,45567.8105277372,0.001736098627099949,1,10245.045871559632,21249.023525873738,45607.4,-0.27407081770672886,0.8999081726189181,-4.387696897900639e-05,0,0.9595999999999999,32711.0,3843.0,0.0,923.0,0.0,379.0,-544.0,0.0
2026-06-15 12:39:00,45575.0,45578.0,45560.0,45566.0,49,12:39:00,2026-06-15,0,-0.00030715225976307714,49,45632.42518970002,-0.0014556576693849066,-3.849130654867622,2.1517764204562457,-6.000907075323868,17.642857142857142,21.739130432136093,27.27272726900827,9.0,3.0,6.0,5.4,1,45750.0,44704.0,0.023398353614888526,-0.00402185792349718,-0.0008639327798901137,45641.0,45560.0,-0.0016432593501456664,0.00013169446883230616,0,-0.001456520273915366,45649.11390238147,45561.686097618534,0.0019170494012317003,1,10531.764150943396,453.6806583626151,45605.4,-0.6577735680269423,0.9306742639899208,-0.00030715225976307714,0,0.9595999999999999,32711.0,3843.0,0.0,923.0,0.0,379.0,-544.0,0.0
2026-06-15 12:40:00,45570.0,45579.0,45567.0,45574.0,19,12:40:00,2026-06-15,0,0.000175569503577222,19,45632.39927999446,-0.0012797766699955695,-4.729311050214164,0.7755589263221638,-5.5048699765363285,17.785714285714285,28.20512820175324,33.33333332916668,4.0,5.0,3.0,6.0,0,45750.0,44704.0,0.023398353614888526,-0.0038469945355190417,-0.0006424973631294724,45641.0,45560.0,-0.0014679783527967955,0.0003072870939420477,0,-0.0012805932902763514,45648.865915220034,45557.73408477997,0.0019983604353207094,1,4123.361904761905,-2883.788852881915,45603.3,-0.9647493734597841,0.37254901960053827,0.000175569503577222,-1,0.9595999999999999,32711.0,3843.0,0.0,923.0,0.0,379.0,-544.0,0.0
2026-06-15 12:41:00,45580.0,45580.0,45540.0,45543.0,148,12:41:00,2026-06-15,0,-0.0006802124018080447,148,45632.13356025237,-0.0019533068760564376,-7.837950265369727,-0.9471429120162144,-6.890807353353513,19.571428571428573,22.448979589698737,15.094339621787114,37.0,0.0,3.0,11.4,1,45750.0,44704.0,0.023398353614888526,-0.004524590163934327,-0.001253285351035034,45641.0,45540.0,-0.002147192217523671,6.587615283267313e-05,0,-0.001954676909009437,45653.050203942985,45547.24979605702,0.002320176751303765,0,22848.69152542373,12302.185672835261,45600.15,-1.589654310484702,2.661870503549247,-0.0006802124018080447,0,0.9595999999999999,32711.0,3843.0,0.0,923.0,0.0,379.0,-544.0,0.0
2026-06-15 12:42:00,45541.0,45551.0,45518.0,45547.0,180,12:42:00,2026-06-15,0,8.782908460136518e-05,180,45631.74822686913,-0.0018572206887139879,-9.865084120370739,-2.7307311536871195,-7.134352966683619,20.571428571428573,24.999999997635143,27.90697674223904,6.0,4.0,23.0,11.4,0,45750.0,44704.0,0.023398353614888526,-0.004437158469945258,-0.0010834188664017416,45641.0,45518.0,-0.002059551718849235,0.0006371105936113046,0,-0.001858660483483985,45653.263270897936,45539.53672910207,0.0024942000200863933,0,18423.505617977527,7493.275916482822,45596.4,-1.9734505124393162,2.9629629629141903,8.782908460136518e-05,0,0.9595999999999999,32711.0,3843.0,0.0,923.0,0.0,379.0,-544.0,0.0
2026-06-15 12:43:00,45545.0,45567.0,45543.0,45566.0,69,12:43:00,2026-06-15,0,0.00041715151382093474,69,45631.63291409406,-0.0014383205224677532,-9.825202278901997,-4.149625378730096,-5.675576900171902,21.285714285714285,31.055900618417496,42.59259259022634,21.0,1.0,2.0,15.4,1,45750.0,44704.0,0.023398353614888526,-0.00402185792349718,-0.0006031561516444098,45641.0,45518.0,-0.0016432593501456664,0.0010545278790807802,0,-0.0014395234867701863,45650.3525331413,45536.6474668587,0.002493887643690234,0,6761.406451612903,6397.80016351324,45593.5,-2.148967289648536,1.166525781890676,0.00041715151382093474,0,0.9595999999999999,32711.0,3843.0,0.0,923.0,0.0,379.0,-544.0,0.0
2026-06-15 12:44:00,45565.0,45570.0,45555.0,45562.0,47,12:44:00,2026-06-15,0,-8.7784751788611e-05,47,45631.558512460884,-0.0015243510133866663,-10.001076023865608,-5.319915507757198,-4.6811605161084096,21.428571428571427,31.847133755121916,85.18518517572016,3.0,5.0,7.0,14.2,0,45750.0,44704.0,0.023398353614888526,-0.004109289617486249,-0.0006075933818383644,45638.0,45518.0,-0.0016652789342214457,0.0009666505558240485,0,-0.0015257506072837222,45644.13721635595,45535.262783644044,0.002388136634193761,0,4625.084233261339,-7975.777200145133,45589.7,-2.291659128315228,0.8096468561445368,-8.7784751788611e-05,0,0.9595999999999999,32711.0,3843.0,0.0,923.0,0.0,379.0,-544.0,0.0
2026-06-15 12:45:00,45564.0,45570.0,45551.0,45558.0,62,12:45:00,2026-06-15,0,-8.779245862777785e-05,62,45631.45683827946,-0.0016097850774257373,-10.34398478672665,-6.324729363551089,-4.0192554231755615,21.071428571428573,34.96503496161182,70.37037036255144,6.0,6.0,7.0,14.6,0,45750.0,44704.0,0.023398353614888526,-0.004196721311475318,-0.0006153198182339179,45636.0,45518.0,-0.001709176965553473,0.0008787732325673168,0,-0.0016113885339804367,45638.583598255216,45533.51640174479,0.0023048102766180505,0,5582.205533596838,-6970.0633259775705,45586.05,-2.2699160460033125,1.0652920962016272,-8.779245862777785e-05,0,0.9595999999999999,32711.0,3843.0,0.0,923.0,0.0,379.0,-544.0,0.0
2026-06-15 12:46:00,45560.0,45564.0,45552.0,45558.0,59,12:46:00,2026-06-15,0,0.0,59,45631.3581104682,-0.0016076249646264876,-10.494765329865913,-7.158736556814054,-3.3360287730518596,20.071428571428573,39.06249999572754,0.0,2.0,4.0,6.0,7.6,0,45750.0,44704.0,0.023398353614888526,-0.004196721311475318,-0.000541872245391268,45630.0,45518.0,-0.001577909270216928,0.0008787732325673168,0,-0.0016093410541323798,45633.28437452062,45532.115625479375,0.0022194549476279805,0,6445.856115107914,-466.69334074675527,45582.7,-2.368758704640554,0.9899328858894307,0.0,0,0.9595999999999999,32711.0,3843.0,0.0,923.0,0.0,379.0,-544.0,0.0
2026-06-15 12:47:00,45557.0,45578.0,45557.0,45565.0,70,12:47:00,2026-06-15,0,0.00015365029193548096,70,45631.25511735808,-0.0014519678932275251,-9.934895210331888,-7.713968287517621,-2.220926922814267,19.785714285714285,43.511450377029306,63.636363619008264,8.0,13.0,0.0,8.0,0,45750.0,44704.0,0.023398353614888526,-0.0040437158469944475,-0.0003236086200560485,45630.0,45518.0,-0.0014245014245013933,0.001032558548266597,0,-0.0014536086169423513,45626.962286518195,45532.537713481805,0.0020716342901483417,0,10389.41368078176,12463.188034644187,45579.75,-2.1825105232096482,1.142857142838484,0.00015365029193548096,0,0.9595999999999999,32711.0,3843.0,0.0,923.0,0.0,379.0,-544.0,0.0
2026-06-15 12:48:00,45563.0,45568.0,45543.0,45548.0,44,12:48:00,2026-06-15,0,-0.000373093383079115,44,45631.17688357721,-0.0018228082039046173,-10.73915770687745,-8.319006171389587,-2.4201515354878627,20.571428571428573,32.59259258921263,29.166666663020834,15.0,5.0,5.0,6.8,1,45750.0,44704.0,0.023398353614888526,-0.0044153005464479915,-0.0006165512187308245,45630.0,45518.0,-0.0017970633355248347,0.0006590799244254876,0,-0.0018250109942976093,45621.1211645944,45531.0788354056,0.001975647964367247,1,7106.780141843971,2731.1330603493366,45576.1,-2.182685273236958,0.7148659626203921,-0.000373093383079115,1,0.9595999999999999,32711.0,3843.0,0.0,923.0,0.0,379.0,-544.0,0.0
2026-06-15 12:49:00,45548.0,45551.0,45528.0,45529.0,63,12:49:00,2026-06-15,0,-0.0004171423553174236,63,45631.04083947816,-0.002236215470892319,-12.762563848540594,-9.207717706819789,-3.5548461417208053,21.5,30.13698629848001,16.279069766306108,19.0,3.0,1.0,10.0,1,45750.0,44704.0,0.023398353614888526,-0.00483060109289607,-0.0009260234534090866,45624.0,45518.0,-0.002082237418902287,0.00024166263895601211,0,-0.0022391519090601145,45614.181513754134,45528.21848624586,0.001886345488121284,1,9625.258389261746,4932.47478283279,45571.2,-2.5228869724698186,0.9984152139302945,-0.0004171423553174236,0,0.9595999999999999,32711.0,3843.0,0.0,923.0,0.0,379.0,-544.0,0.0
2026-06-15 12:50:00,45534.0,45539.0,45526.0,45532.0,56,12:50:00,2026-06-15,0,6.58920687912623e-05,56,45630.91558466082,-0.0021677317536461667,-13.963094998282031,-10.158793165112238,-3.8043018331697933,20.5,34.057971011037594,7.692307691715968,2.0,5.0,6.0,9.2,0,45750.0,44704.0,0.023398353614888526,-0.004765027322404268,-0.000764810382986706,45621.0,45518.0,-0.001950855965454463,0.0003075706313985609,0,-0.0021707795175838793,45606.97755974285,45526.722440257145,0.001761261080932873,1,8732.164383561643,-1595.1326495793314,45566.85,-2.8302042025244667,0.8615384615252071,6.58920687912623e-05,0,0.9595999999999999,32711.0,3843.0,0.0,923.0,0.0,379.0,-544.0,0.0
2026-06-15 12:51:00,45535.0,45544.0,45529.0,45540.0,35,12:51:00,2026-06-15,0,0.00017570060616711736,35,45630.84168817643,-0.001990795804232649,-14.106381853525818,-10.948310902794955,-3.1580709507308633,20.571428571428573,34.99999999650001,36.666666663,5.0,4.0,6.0,9.8,0,45750.0,44704.0,0.023398353614888526,-0.00459016393442613,-0.0005223444927772132,45600.0,45518.0,-0.0013157894736841817,0.00048332527791202423,0,-0.0019937250224174863,45602.23572896986,45525.36427103014,0.001687116920443827,1,5947.388059701492,-1631.3887006523541,45563.8,-2.698782914728473,0.5533596837857176,0.00017570060616711736,-1,0.9595999999999999,32711.0,3843.0,0.0,923.0,0.0,379.0,-544.0,0.0
2026-06-15 12:52:00,45542.0,45552.0,45535.0,45535.0,71,12:52:00,2026-06-15,0,-0.00010979358805440764,71,45630.6969580517,-0.002097205706493493,-14.45674754519132,-11.649998231274228,-2.8067493139170914,20.714285714285715,34.26573426237958,68.74999998710938,7.0,10.0,0.0,9.6,0,45750.0,44704.0,0.023398353614888526,-0.0046994535519124655,-0.0005761474937583896,45600.0,45518.0,-0.001425438596491197,0.00037347862384110963,0,-0.002100402382544406,45600.24730082932,45522.25269917068,0.0017118626389449596,1,12018.531598513011,2486.4508696423977,45561.25,-2.1833965311418373,1.1296738265532271,-0.00010979358805440764,0,0.9595999999999999,32711.0,3843.0,0.0,923.0,0.0,379.0,-544.0,0.0
2026-06-15 12:53:00,45533.0,45540.0,45527.0,45539.0,50,12:53:00,2026-06-15,0,8.78445152081575e-05,50,45630.589292568926,-0.0020071906584787293,-14.24741300111782,-12.169481185242947,-2.077931815874873,20.214285714285715,39.84962405595568,70.5882352816609,6.0,1.0,6.0,7.8,0,45750.0,44704.0,0.023398353614888526,-0.004612021857923396,-0.0004411851858354995,45597.0,45518.0,-0.0012720135096606954,0.0004613559470978413,0,-0.0020103402518689764,45598.02178389343,45520.178216106564,0.0017086283044851092,1,8279.818181818182,-518.0230030884508,45559.1,-1.700797838779727,0.8064516128902186,8.78445152081575e-05,0,0.9595999999999999,32711.0,3843.0,0.0,923.0,0.0,379.0,-544.0,0.0
2026-06-15 12:54:00,45536.0,45543.0,45531.0,45534.0,33,12:54:00,2026-06-15,0,-0.00010979599903382375,33,45630.51886281589,-0.0021152260640747915,-14.319901173119433,-12.599565182818244,-1.720335990301189,20.142857142857142,34.61538461165681,28.57142856530612,2.0,7.0,3.0,4.4,0,45750.0,44704.0,0.023398353614888526,-0.004721311475409733,-0.000484019136865519,45597.0,45518.0,-0.0013816698467004106,0.0003515092930269267,0,-0.0021186837492689677,45592.615586328604,45519.4844136714,0.0016053010007935392,1,6133.151020408163,312.34376980605964,45556.05,-1.7009116886651243,0.5418719211733684,-0.00010979599903382375,1,0.9595999999999999,32711.0,3843.0,0.0,923.0,0.0,379.0,-544.0,0.0
2026-06-15 12:55:00,45530.0,45535.0,45527.0,45534.0,18,12:55:00,2026-06-15,0,0.0,18,45630.478866886195,-0.0021143514002481103,-14.213504143517639,-12.922352974958123,-1.2911511685595158,17.857142857142858,45.45454544811754,44.44444442962962,4.0,1.0,3.0,4.8,0,45750.0,44704.0,0.023398353614888526,-0.004721311475409733,-0.00042587380963882013,45597.0,45518.0,-0.0013816698467004106,0.0003515092930269267,0,-0.0021179289995081076,45588.1587171706,45518.641282829405,0.0015260646700617558,1,3959.478260869565,-6705.522443890358,45553.4,-1.7229553622867118,0.296296296291419,0.0,0,0.9595999999999999,32711.0,3843.0,0.0,923.0,0.0,379.0,-544.0,0.0
2026-06-15 12:56:00,45531.0,45556.0,45530.0,45554.0,76,12:56:00,2026-06-15,0,0.0004392322220758693,76,45630.3354497831,-0.0016729101162779982,-12.372725796754821,-12.812427539317465,0.4397017425626437,17.357142857142858,53.0434782544121,79.9999999904,23.0,2.0,1.0,8.4,1,45750.0,44704.0,0.023398353614888526,-0.004284153005464387,3.731974016673258e-05,45582.0,45518.0,-0.0006142775657057476,0.0007908959093105851,0,-0.0016757759714240707,45585.400166931984,45519.19983306802,0.0014532819169166208,1,13960.09677419355,6860.390491241467,45552.3,-1.4925667978506236,1.2377850162664856,0.0004392322220758693,0,0.9595999999999999,32711.0,3843.0,0.0,923.0,0.0,379.0,-544.0,0.0
2026-06-15 12:57:00,45554.0,45568.0,45553.0,45566.0,58,12:57:00,2026-06-15,0,0.0002634236290994796,58,45630.246762007555,-0.0014079862934479324,-9.832255857880227,-12.216393203030018,2.3841373451497905,16.714285714285715,49.999999993518514,99.999999990625,12.0,2.0,1.0,9.4,1,45750.0,44704.0,0.023398353614888526,-0.00402185792349718,0.00031832102126164196,45580.0,45518.0,-0.00030715225976304727,0.0010545278790807802,0,-0.0014104203375861065,45582.269089040776,45520.730910959224,0.0013509583236896723,1,11246.07659574468,8336.539502000147,45551.5,-0.9987696475008062,0.9235668789661853,0.0002634236290994796,0,0.9595999999999999,32711.0,3843.0,0.0,923.0,0.0,379.0,-544.0,0.0
2026-06-15 12:58:00,45566.0,45578.0,45562.0,45576.0,54,12:58:00,2026-06-15,0,0.0002194618794715275,54,45630.17612181647,-0.0011872871512009083,-6.932089884590823,-11.15953253934218,4.227442654751357,16.785714285714285,56.14035087029855,99.99999999285714,10.0,2.0,4.0,10.2,0,45750.0,44704.0,0.023398353614888526,-0.003803278688524507,0.0005422457756418927,45580.0,45518.0,-8.775778850372779e-05,0.0012742211872226092,0,-0.0011893430443580574,45581.33226332463,45521.26773667538,0.0013186127871048436,1,10297.506276150627,16007.230240201216,45551.3,-0.46099742280456446,0.8564631244907779,0.0002194618794715275,0,0.9595999999999999,32711.0,3843.0,0.0,923.0,0.0,379.0,-544.0,0.0
2026-06-15 12:59:00,45573.0,45594.0,45572.0,45593.0,85,12:59:00,2026-06-15,0,0.0003730033350886064,85,45630.092585535705,-0.0008128974418838374,-3.2247565450015827,-9.57257734047406,6.347820795472478,17.0,63.779527552024305,99.99999999230769,20.0,1.0,1.0,13.8,1,45750.0,44704.0,0.023398353614888526,-0.0034316939890709636,0.0008857882033207215,45594.0,45518.0,-2.1932710444356234e-05,0.0016476998110637189,0,-0.000814279422507903,45587.504736118244,45517.79526388176,0.0015303055307755735,1,13317.54295532646,-460.2789144376889,45552.65,0.07683475916661613,1.3107170393012997,0.0003730033350886064,0,0.9595999999999999,32711.0,3843.0,0.0,923.0,0.0,379.0,-544.0,0.0
2026-06-15 13:00:00,45592.0,45601.0,45589.0,45591.0,80,13:00:00,2026-06-15,0,-4.3866382997359565e-05,80,45630.02738060609,-0.0008553003985851996,-0.4429454493729281,-7.746650962253835,7.3037055128809065,17.0,62.79069766760411,93.10344826623069,1.0,9.0,2.0,13.2,0,45750.0,44704.0,0.023398353614888526,-0.003475409836065498,0.0008232078764529439,45601.0,45518.0,-0.00021929343654743935,0.001603761149435353,0,-0.0008567372563268674,45591.25544573308,45515.74455426692,0.0016576309496779058,1,10332.237960339944,-812.584395655385,45553.5,0.4390634776022744,1.178203240041558,-4.3866382997359565e-05,0,0.9595999999999999,32711.0,3843.0,0.0,923.0,0.0,379.0,-544.0,0.0
2026-06-15 13:01:00,45588.0,45604.0,45554.0,45575.0,187,13:01:00,2026-06-15,0,-0.00035094645873090524,187,45629.809201241886,-0.0012011709494589053,0.465230713285564,-6.104274627145955,6.569505340431519,19.071428571428573,53.623188400357066,48.57142856726531,13.0,16.0,21.0,11.2,1,45750.0,44704.0,0.023398353614888526,-0.0038251366120217747,0.00043683363662907164,45604.0,45518.0,-0.000635909130777988,0.0012522518564084264,0,-0.0012031408391570736,45593.684971145405,45516.51502885459,0.001693991282881862,1,18367.51077586207,7836.853198528119,45555.1,0.8342242702174547,2.6771653542923812,-0.00035094645873090524,0,0.9595999999999999,32711.0,3843.0,0.0,923.0,0.0,379.0,-544.0,0.0
2026-06-15 13:02:00,45568.0,45586.0,45561.0,45578.0,75,13:02:00,2026-06-15,0,6.582556226009117e-05,75,45629.717757064784,-0.0011334226816858875,1.4107792086724658,-4.6012638599822715,6.012043068654737,19.071428571428573,62.09677418653746,14.285714283673471,10.0,8.0,7.0,10.8,0,45750.0,44704.0,0.023398353614888526,-0.0037595628415299726,0.00046864727762023934,45604.0,45526.0,-0.0005701254275940582,0.001142204454597348,0,-0.0011352405645450778,45596.3397175916,45516.9602824084,0.0017424335455570627,1,7106.756756756757,-4663.612664440965,45556.65,0.8781047864394277,1.1609907120563314,6.582556226009117e-05,0,0.9595999999999999,32711.0,3843.0,0.0,923.0,0.0,379.0,-544.0,0.0
2026-06-15 13:03:00,45575.0,45619.0,45573.0,45608.0,137,13:03:00,2026-06-15,0,0.0006582122954057468,137,45629.627463591336,-0.00047397852653065014,4.528678694128757,-2.775275349160066,7.303954043288823,20.714285714285715,79.25925925103978,67.34693877138693,33.0,11.0,2.0,15.4,1,45750.0,44704.0,0.023398353614888526,-0.003103825136611954,0.001081021757620631,45619.0,45526.0,-0.0002411276003419575,0.0018011685630188949,0,-0.00047471591277933455,45604.5039184215,45512.9960815785,0.0020085677689356,0,11078.539007092199,722.3033863688715,45558.75,1.1524910270341466,2.014705882323313,0.0006582122954057468,0,0.9595999999999999,32711.0,3843.0,0.0,923.0,0.0,379.0,-544.0,0.0
2026-06-15 13:04:00,45612.0,45634.0,45605.0,45632.0,143,13:04:00,2026-06-15,0,0.0005262234695666557,143,45629.60861907605,5.240853464066675e-05,8.834398476821661,-0.45334058396372057,9.287739060785382,21.857142857142858,82.05128204391848,99.99999999473684,20.0,2.0,7.0,15.4,1,45750.0,44704.0,0.023398353614888526,-0.0025792349726775393,0.0015308725973804734,45634.0,45526.0,-4.3826971118025076e-05,0.0023283398497561322,0,5.2486014715096666e-05,45618.54574162051,45505.95425837949,0.0024711572242595006,0,10490.958199356914,-4288.30703987186,45562.25,1.5695278904011747,1.9642857142587322,0.0005262234695666557,0,0.9595999999999999,32711.0,3843.0,0.0,923.0,0.0,379.0,-544.0,0.0
2026-06-15 13:05:00,45625.0,45647.0,45622.0,45647.0,146,13:05:00,2026-06-15,0,0.0003287166900420857,146,45629.63776196038,0.00038050352558557774,13.303729947845568,2.2980735223981372,11.00565642544743,22.571428571428573,82.822085882457,99.99999999565217,22.0,0.0,3.0,19.6,1,45750.0,44704.0,0.023398353614888526,-0.0022513661202185303,0.0017622518198597036,45647.0,45526.0,0.0,0.0026578219039669056,0,0.00038102908570554234,45634.48013991358,45498.91986008641,0.0029749856765394268,0,9686.718023255815,3630.293472540983,45566.7,2.206044562099196,1.8961038960792713,0.0003287166900420857,0,0.9595999999999999,32711.0,3843.0,0.0,923.0,0.0,379.0,-544.0,0.0
2026-06-15 13:06:00,45641.0,45647.0,45627.0,45637.0,108,13:06:00,2026-06-15,0,-0.0002190724472582728,108,45629.6552421571,0.0001609645701664394,15.856012667907635,5.009661351500037,10.846351316407597,22.785714285714285,80.35714285044642,79.5918367298209,4.0,6.0,10.0,17.8,0,45750.0,44704.0,0.023398353614888526,-0.002469945355191203,0.0014559809877628933,45647.0,45526.0,-0.00021907244725830353,0.0024381672011597236,0,0.0001611729883795082,45645.16817156251,45496.131828437494,0.0032704458489183717,0,8093.261083743842,-2694.6494672603103,45570.65,2.6120119625761142,1.3593455002975539,-0.0002190724472582728,0,0.9595999999999999,32711.0,3843.0,0.0,923.0,0.0,379.0,-544.0,0.0
2026-06-15 13:07:00,45640.0,45640.0,45615.0,45619.0,66,13:07:00,2026-06-15,0,-0.00039441681092100556,66,45629.64801440081,-0.00023335736443657029,16.239071634707216,7.255543408141474,8.983528226565742,23.642857142857142,71.97802197248521,34.883720927798805,21.0,0.0,4.0,20.0,1,45750.0,44704.0,0.023398353614888526,-0.0028633879781420142,0.0010016819040075057,45647.0,45526.0,-0.0006134028523232499,0.002042788736106795,0,-0.00023364563721580607,45650.85932031132,45495.84067968868,0.0034015195420709415,0,5018.09,-5216.74769392599,45573.35,2.4362273592718853,0.8328075709674093,-0.00039441681092100556,0,0.9595999999999999,32711.0,3843.0,0.0,923.0,0.0,379.0,-544.0,0.0
2026-06-15 13:08:00,45616.0,45631.0,45612.0,45628.0,84,13:08:00,2026-06-15,0,0.00019728621846160088,84,45629.63700506168,-3.587591681916737e-05,17.07207713137177,9.218850152787534,7.853226978584237,24.142857142857142,75.26881719863567,24.32432432235207,12.0,3.0,4.0,15.8,0,45750.0,44704.0,0.023398353614888526,-0.0026666666666666085,0.0011112976072544883,45647.0,45526.0,-0.0004162376497907767,0.0022404779686332594,0,-3.591707419765288e-05,45657.56097180734,45497.13902819266,0.0035197733877611985,0,7006.859232175503,-2766.5291635892804,45577.35,2.3372331110221842,1.0338461538334296,0.00019728621846160088,0,0.9595999999999999,32711.0,3843.0,0.0,923.0,0.0,379.0,-544.0,0.0
2026-06-15 13:09:00,45626.0,45638.0,45625.0,45634.0,73,13:09:00,2026-06-15,0,0.00013149820285796032,73,45629.64131116459,9.552318865904794e-05,18.00879565859941,10.97683925394991,7.031956404649501,24.5,76.04166666112197,45.45454545041323,8.0,4.0,1.0,13.4,0,45750.0,44704.0,0.023398353614888526,-0.0025355191256830048,0.0011276232597526323,45647.0,45526.0,-0.0002847941814357946,0.002372270790317569,0,9.562176873217111e-05,45663.230149763636,45501.96985023636,0.0035377600120939123,0,6983.819706498952,-1370.8211878563009,45582.6,2.622301854372735,0.892966360845346,0.00013149820285796032,0,0.9595999999999999,32711.0,3843.0,0.0,923.0,0.0,379.0,-544.0,0.0
2026-06-15 13:10:00,45628.0,45652.0,45628.0,45650.0,105,13:10:00,2026-06-15,0,0.00035061576894412916,105,45629.672690894535,0.00044548443823313127,19.813816776419117,12.744234758443753,7.069582017975364,24.357142857142858,75.5319148879923,99.99999999032258,22.0,2.0,0.0,13.4,1,45750.0,44704.0,0.023398353614888526,-0.0021857923497267282,0.0013490244250194381,45652.0,45527.0,-4.3809690703582674e-05,0.002701693500560048,0,0.0004458867720031324,45670.79216243526,45506.20783756474,0.0036102158410677453,0,10993.69266055046,11908.121736657691,45588.5,3.3243112476922274,1.247030878845047,0.00035061576894412916,0,0.9595999999999999,32711.0,3843.0,0.0,923.0,0.0,379.0,-544.0,0.0
2026-06-15 13:11:00,45648.0,45655.0,45637.0,45649.0,103,13:11:00,2026-06-15,0,-2.190580503835804e-05,103,45629.71155828506,0.00042271671365490325,20.922436549335544,14.379875116622111,6.542561432713432,24.571428571428573,73.44632767780651,95.6521739005671,1.0,6.0,11.0,12.8,0,45750.0,44704.0,0.023398353614888526,-0.0022076502732239957,0.0012073970340363515,45655.0,45527.0,-0.00013142043587777613,0.002679728512750617,0,0.00042304827098637904,45677.150392195144,45510.74960780485,0.003649624224053651,0,10909.15777262181,5569.254941681928,45593.95,3.642159976391463,1.1757990867445685,-2.190580503835804e-05,0,0.9595999999999999,32711.0,3843.0,0.0,923.0,0.0,379.0,-544.0,0.0
2026-06-15 13:12:00,45647.0,45652.0,45626.0,45630.0,120,13:12:00,2026-06-15,0,-0.00041621941334968326,120,45629.727949375156,5.962135587266598e-06,20.03691145348421,15.51128238399453,4.525629069489678,25.285714285714285,64.516129027402,44.44444444074073,17.0,5.0,4.0,12.0,1,45750.0,44704.0,0.023398353614888526,-0.002622950819672074,0.0006864230778509525,45655.0,45527.0,-0.0005475851494907339,0.0022623937443714223,0,5.966192563477971e-06,45678.5079273094,45518.89207269059,0.003500447482467822,0,11289.896907216495,6165.790901947863,45598.7,3.5320495101197706,1.3325930038719311,-0.00041621941334968326,0,0.9595999999999999,32711.0,3843.0,0.0,923.0,0.0,379.0,-544.0,0.0
2026-06-15 13:13:00,45632.0,45632.0,45615.0,45615.0,68,13:13:00,2026-06-15,0,-0.00032873109796183186,68,45629.71458523114,-0.00032247813436683635,17.918201917374972,15.99266629067062,1.9255356267043524,24.928571428571427,55.978260865306,0.0,17.0,0.0,0.0,13.0,1,45750.0,44704.0,0.023398353614888526,-0.0029508196721310834,0.0002741077791787671,45655.0,45527.0,-0.0008761362391851742,0.001932918927229953,0,-0.00032267058233948924,45677.42733320638,45527.57266679362,0.0032861063847982254,0,6613.688699360341,-3984.106247491559,45602.5,3.070949910613422,0.7476635513936485,-0.00032873109796183186,1,0.9595999999999999,32711.0,3843.0,0.0,923.0,0.0,379.0,-544.0,0.0
2026-06-15 13:14:00,45617.0,45617.0,45594.0,45611.0,195,13:14:00,2026-06-15,0,-8.769045270196063e-05,195,45629.62032497498,-0.0004080753870482986,15.73495995128178,15.941125022792853,-0.206165071511073,25.714285714285715,55.37634408185339,0.0,6.0,0.0,17.0,12.6,0,45750.0,44704.0,0.023398353614888526,-0.0030382513661201525,0.00010195948590495301,45655.0,45527.0,-0.0009637498631036916,0.001845058975992228,0,-0.0004082836046949839,45674.01877534103,45538.68122465897,0.0029675155034782747,0,15049.314720812183,3795.12060828447,45606.35,2.719659077575305,1.9687026753965804,-8.769045270196063e-05,0,0.9595999999999999,32711.0,3843.0,0.0,923.0,0.0,379.0,-544.0,0.0
2026-06-15 13:15:00,45610.0,45617.0,45600.0,45607.0,81,13:15:00,2026-06-15,0,-8.769814299181e-05,81,45629.582567950216,-0.0004949106846766811,13.526038639363833,15.45810774610705,-1.9320691067432172,23.357142857142858,59.19540229408773,0.0,3.0,7.0,7.0,8.8,0,45750.0,44704.0,0.023398353614888526,-0.0031256830601092216,-6.577504933128556e-05,45655.0,45530.0,-0.001051363487022209,0.0016911926202503474,0,-0.0004951231736508528,45668.48976517167,45551.51023482833,0.0025647781263611535,1,6515.285714285715,-4229.100789998225,45610.0,2.478140824190802,0.7925636007750237,-8.769814299181e-05,1,0.9595999999999999,32711.0,3843.0,0.0,923.0,0.0,379.0,-544.0,0.0
2026-06-15 13:16:00,45603.0,45608.0,45588.0,45600.0,141,13:16:00,2026-06-15,0,-0.0001534852106036544,141,45629.48886930479,-0.0006462677982051044,11.082854834996397,14.58305716388492,-3.5002023288885233,23.0,56.17977527648024,0.0,3.0,5.0,12.0,9.2,0,45750.0,44704.0,0.023398353614888526,-0.0032786885245900924,-0.0002696641037615433,45655.0,45553.0,-0.0012046873288796146,0.001031765196584176,0,-0.000646511342440305,45664.832095435915,45559.76790456409,0.0023034179568191494,1,10627.438016528926,6068.851286509424,45612.3,2.1490049887622193,1.3371266002718147,-0.0001534852106036544,0,0.9595999999999999,32711.0,3843.0,0.0,923.0,0.0,379.0,-544.0,0.0
2026-06-15 13:17:00,45603.0,45604.0,45589.0,45599.0,116,13:17:00,2026-06-15,0,-2.192982456139525e-05,116,45629.40889241479,-0.0006664318726215544,8.962607069923251,13.458967145092586,-4.496360075169335,20.785714285714285,46.97986576739787,0.0,4.0,1.0,10.0,6.6,0,45750.0,44704.0,0.023398353614888526,-0.00330054644808736,-0.0003277506113808772,45655.0,45554.0,-0.0012265907348592438,0.0009878386091232167,0,-0.0006666577311280124,45662.26246976813,45565.63753023186,0.0021183199336226363,1,8801.138103161398,-4151.80141658542,45613.95,1.6664346083382129,1.0706045223712912,-2.192982456139525e-05,0,0.9595999999999999,32711.0,3843.0,0.0,923.0,0.0,379.0,-544.0,0.0
2026-06-15 13:18:00,45598.0,45616.0,45592.0,45604.0,137,13:18:00,2026-06-15,0,0.00010965152744568663,137,45629.33447351918,-0.0005552233845067539,7.598166717572894,12.286807059588648,-4.688640342015754,20.428571428571427,39.230769226544375,38.46153845266272,6.0,12.0,6.0,4.4,1,45750.0,44704.0,0.023398353614888526,-0.0031912568306010232,-0.0002488197503690818,45655.0,45554.0,-0.001117073704961097,0.001097598454581352,0,-0.0005553936014779679,45660.554913546875,45570.14508645312,0.001982004458888332,1,9324.997014925373,4312.491307140923,45615.35,1.1729883797409657,1.217777777766953,0.00010965152744568663,0,0.9595999999999999,32711.0,3843.0,0.0,923.0,0.0,379.0,-544.0,0.0
2026-06-15 13:19:00,45607.0,45619.0,45603.0,45618.0,72,13:19:00,2026-06-15,0,0.0003069906148582824,72,45629.309881602916,-0.00024786440190005434,7.5593810658101575,11.34132186083295,-3.781940795022793,19.785714285714285,38.75968991827414,94.99999998575,11.0,1.0,4.0,5.4,1,45750.0,44704.0,0.023398353614888526,-0.0028852459016392813,3.069058193730845e-05,45655.0,45554.0,-0.0008104260212462861,0.0014049260218641304,0,-0.00024793346288227855,45660.568409692474,45572.63159030752,0.0019277372575980994,1,6004.563071297989,-4349.942985356346,45616.6,0.9427281676204957,0.6437192668695242,0.0003069906148582824,-1,0.9595999999999999,32711.0,3843.0,0.0,923.0,0.0,379.0,-544.0,0.0
2026-06-15 13:20:00,45615.0,45620.0,45602.0,45610.0,73,13:20:00,2026-06-15,0,-0.00017536937173923128,73,45629.28087636666,-0.0004225549032627347,6.804670015961165,10.433991491858594,-3.629321475897429,19.642857142857142,39.37007873581747,70.37037036255144,5.0,5.0,8.0,5.8,0,45750.0,44704.0,0.023398353614888526,-0.0030601092896174195,-0.00016550647722209422,45655.0,45554.0,-0.000985653269083321,0.0012293102691311143,0,-0.0004226635662516129,45659.98372539484,45575.11627460516,0.0018604122928495188,1,6177.235621521336,-2981.3217914368915,45617.55,0.7892322414537265,0.6547085201735003,-0.00017536937173923128,1,0.9595999999999999,32711.0,3843.0,0.0,923.0,0.0,379.0,-544.0,0.0
2026-06-15 13:21:00,45608.0,45609.0,45593.0,45593.0,140,13:21:00,2026-06-15,0,-0.0003727252795439062,140,45629.18881168413,-0.0007931066193940671,4.779700731720368,9.303133339830948,-4.52343260811058,19.071428571428573,39.68253967813052,35.89743589467456,15.0,1.0,0.0,8.2,1,45750.0,44704.0,0.023398353614888526,-0.0034316939890709636,-0.0005578883105409442,45655.0,45561.0,-0.00135801117073702,0.0007023550843923377,0,-0.0007932933206658356,45657.7302347289,45579.169765271094,0.0017221205336394637,1,11864.349442379182,2723.167013768884,45618.45,0.6795957939593897,1.2826385707624128,-0.0003727252795439062,0,0.9595999999999999,32711.0,3843.0,0.0,923.0,0.0,379.0,-544.0,0.0
2026-06-15 13:22:00,45593.0,45600.0,45587.0,45590.0,161,13:22:00,2026-06-15,0,-6.579957449603935e-05,161,45629.06315559132,-0.0008561025120791449,2.899400571899605,8.022386786244681,-5.122986214345076,18.642857142857142,34.166666662680555,0.0,3.0,7.0,3.0,8.0,0,45750.0,44704.0,0.023398353614888526,-0.003497267759562765,-0.0006367953738625042,45655.0,45573.0,-0.001423721388675908,0.0003730278893204228,0,-0.0008562904223415367,45656.02780270634,45582.072197293666,0.0016211561927017705,1,12590.034305317324,10967.444518150047,45619.05,0.5370851839033084,1.4191273688724624,-6.579957449603935e-05,0,0.9595999999999999,32711.0,3843.0,0.0,923.0,0.0,379.0,-544.0,0.0
2026-06-15 13:23:00,45589.0,45593.0,45566.0,45574.0,207,13:23:00,2026-06-15,0,-0.00035095415661334783,207,45628.83883980969,-0.0012018460518403648,0.11683605270081898,6.441276639535909,-6.32444058683509,19.642857142857142,26.923076920177508,0.0,15.0,4.0,8.0,9.8,1,45750.0,44704.0,0.023398353614888526,-0.0038469945355190417,-0.0009502963236575031,45655.0,45566.0,-0.0017741758843499776,0.0001755695035772248,0,-0.0012021487396721986,45659.26357019718,45575.436429802816,0.001837615301949008,1,14446.888208269525,13387.303145661022,45617.35,-0.043842775424012374,1.7699871739908508,-0.00035095415661334783,0,0.9595999999999999,32711.0,3843.0,0.0,923.0,0.0,379.0,-544.0,0.0
2026-06-15 13:24:00,45577.0,45578.0,45567.0,45569.0,154,13:24:00,2026-06-15,0,-0.00010971167771101076,154,45628.652726113665,-0.0013073523444080172,-2.4634277279037633,4.660335766047974,-7.123763493951738,18.714285714285715,15.966386552743444,0.0,8.0,1.0,2.0,9.2,0,45750.0,44704.0,0.023398353614888526,-0.003956284153005378,-0.0009909194943678965,45655.0,45566.0,-0.0018836929142481244,6.58385638414593e-05,0,-0.0013077665751819382,45660.69663257011,45567.70336742989,0.0020386911343445147,1,9547.790476190476,-1952.5377075577453,45614.2,-0.9316405971706623,1.310638297861186,-0.00010971167771101076,0,0.9595999999999999,32711.0,3843.0,0.0,923.0,0.0,379.0,-544.0,0.0
2026-06-15 13:25:00,45569.0,45572.0,45542.0,45569.0,315,13:25:00,2026-06-15,0,0.0,315,45628.20780965106,-0.0012976141841480537,-4.456928664520092,2.836882879934361,-7.293811544454453,19.571428571428573,16.101694913343863,0.0,0.0,3.0,27.0,8.2,0,45750.0,44704.0,0.023398353614888526,-0.003956284153005378,-0.0009054972232149757,45655.0,45542.0,-0.0018836929142481244,0.0005928593386324582,0,-0.0012981236617838122,45658.274115809785,45562.32588419022,0.0021036527192226837,1,14692.154554759467,1669.6699933171155,45610.3,-1.9180583550073926,2.500992457304478,0.0,0,0.9595999999999999,32711.0,3843.0,0.0,923.0,0.0,379.0,-544.0,0.0
2026-06-15 13:26:00,45565.0,45591.0,45537.0,45542.0,407,13:26:00,2026-06-15,0,-0.0005925080646931313,407,45627.60503053514,-0.0018761675191552856,-8.121843316686864,0.6451376406101159,-8.76698095729698,21.571428571428573,15.079365077689587,0.0,23.0,26.0,5.0,9.8,1,45750.0,44704.0,0.023398353614888526,-0.004546448087431595,-0.0013934707508187385,45655.0,45537.0,-0.002475084875698117,0.00010980082131014099,0,-0.001877074841442244,45660.67273385576,45550.427266144245,0.002417369546283602,1,14899.995176848875,313.6363776387413,45605.55,-2.5867350909238778,2.888573456331522,-0.0005925080646931313,0,0.9595999999999999,32711.0,3843.0,0.0,923.0,0.0,379.0,-544.0,0.0
2026-06-15 13:27:00,45543.0,45554.0,45530.0,45530.0,219,13:27:00,2026-06-15,0,-0.00026349303939221524,219,45627.20062237243,-0.002130321848515258,-11.857923533440044,-1.855474594199916,-10.002448939240129,22.071428571428573,15.447154469786497,0.0,13.0,11.0,0.0,11.8,1,45750.0,44704.0,0.023398353614888526,-0.004808743169398802,-0.0015591729146883955,45655.0,45530.0,-0.0027379257474536693,0.0,0,-0.0021315411771301346,45665.27705770058,45536.92294229942,0.002814715333646755,0,7658.271889400921,-1979.0113655106763,45601.1,-2.8719126938537882,1.4742510938978508,-0.00026349303939221524,0,0.9595999999999999,32711.0,3843.0,0.0,923.0,0.0,379.0,-544.0,0.0
2026-06-15 13:28:00,45530.0,45546.0,45523.0,45539.0,150,13:28:00,2026-06-15,0,0.00019767186470454057,150,45626.91956691458,-0.0019269231354888264,-13.931970158722834,-4.2707737071044996,-9.661196451618334,22.071428571428573,21.874999997607418,18.749999998828116,9.0,7.0,7.0,10.6,0,45750.0,44704.0,0.023398353614888526,-0.004612021857923396,-0.001264347271126282,45655.0,45523.0,-0.002540795093637005,0.0003514706851481592,0,-0.001928202333166483,45665.16899466457,45528.13100533543,0.0030054398586110216,0,5486.626506024097,-6265.607957243598,45596.65,-2.9927450597784833,0.9878169245901363,0.00019767186470454057,0,0.9595999999999999,32711.0,3843.0,0.0,923.0,0.0,379.0,-544.0,0.0
2026-06-15 13:29:00,45537.0,45560.0,45535.0,45550.0,225,13:29:00,2026-06-15,0,0.00024155119787439006,225,45626.55796642058,-0.0016779255291824084,-14.520673695238656,-6.320753704731331,-8.199919990507325,22.642857142857142,28.888888885892996,62.49999999414063,13.0,10.0,2.0,11.6,1,45750.0,44704.0,0.023398353614888526,-0.0043715846994534565,-0.000931075210917513,45655.0,45523.0,-0.0022998576278610823,0.0005931067811875186,0,-0.0016791807946398602,45661.623998753355,45523.27600124664,0.003034449728117564,0,7787.803951367781,-4773.284246784042,45592.45,-2.872457409242038,1.411100658504791,0.00024155119787439006,0,0.9595999999999999,32711.0,3843.0,0.0,923.0,0.0,379.0,-544.0,0.0
2026-06-15 13:30:00,45550.0,45600.0,45548.0,45599.0,312,13:30:00,2026-06-15,0,0.0010757409440176335,312,45626.27758021581,-0.0005978480310573048,-10.907598988000245,-7.238122761385114,-3.6694762266151315,24.928571428571427,49.71751412036133,99.99999999565217,49.0,1.0,2.0,21.4,1,45750.0,44704.0,0.023398353614888526,-0.00330054644808736,0.0001996056144013991,45655.0,45523.0,-0.0012265907348592438,0.001669485754453756,0,-0.0005983250723472977,45653.69209651058,45526.10790348942,0.002798518817131823,0,10835.405940594059,4148.630522755798,45589.9,-2.4560811033060803,1.8374558303778712,0.0010757409440176335,0,0.9595999999999999,32711.0,3843.0,0.0,923.0,0.0,379.0,-544.0,0.0
2026-06-15 13:31:00,45600.0,45628.0,45586.0,45592.0,485,13:31:00,2026-06-15,0,-0.0001535121384240723,485,45626.04064713458,-0.0007460793584488868,-8.510943887027679,-7.492686986513627,-1.0182569005140518,26.857142857142858,48.087431690310254,89.55223880196034,8.0,28.0,6.0,18.4,0,45750.0,44704.0,0.023398353614888526,-0.0034535519125682306,0.00010858346833140072,45652.0,45523.0,-0.0013142907211074802,0.0015157173297014365,0,-0.0007467174808323195,45644.50286396009,45529.59713603991,0.0025205782765100643,0,15896.563623292595,18973.292798113383,45587.05,-2.105417832230777,2.567496029631723,-0.0001535121384240723,0,0.9595999999999999,32711.0,3843.0,0.0,923.0,0.0,379.0,-544.0,0.0
2026-06-15 13:32:00,45597.0,45616.0,45590.0,45609.0,262,13:32:00,2026-06-15,0,0.00037287243376038504,262,45625.93030145322,-0.00037106753421486103,-5.180106484418502,-7.030170886094603,1.850064401676101,27.0,51.282051278369494,90.41095890039406,12.0,7.0,7.0,18.2,0,45750.0,44704.0,0.023398353614888526,-0.003081967213114687,0.0005045408678102816,45632.0,45523.0,-0.0005040322580645052,0.0018891549326713556,0,-0.00037139256467378924,45640.856751235966,45531.143248764034,0.0024067367716388687,0,8333.02510460251,700.096146024542,45586.0,-1.4147079176480075,1.336734693870731,0.00037287243376038504,0,0.9595999999999999,32711.0,3843.0,0.0,923.0,0.0,379.0,-544.0,0.0
2026-06-15 13:33:00,45609.0,45637.0,45605.0,45630.0,336,13:33:00,2026-06-15,0,0.00046043544037366324,336,45625.91740565475,8.947972068052943e-05,-0.8362298130377894,-5.79138267148324,4.955152858445451,28.142857142857142,52.970297026031766,84.44444443881481,21.0,7.0,4.0,20.6,1,45750.0,44704.0,0.023398353614888526,-0.002622950819672074,0.0009487405879997818,45637.0,45523.0,-0.00015338431535814903,0.0023504602069283143,0,8.955660022376881e-05,45643.64833961463,45529.85166038537,0.00249626655177776,0,9464.0,-1265.6710307974586,45586.75,-0.6909425113899033,1.6045845272129677,0.00046043544037366324,0,0.9595999999999999,32711.0,3843.0,0.0,923.0,0.0,379.0,-544.0,0.0
2026-06-15 13:34:00,45630.0,45641.0,45606.0,45633.0,284,13:34:00,2026-06-15,0,6.574621959232196e-05,284,45625.92161282244,0.00015513959888028113,2.81593828919722,-4.069918479347148,6.885856768544368,29.357142857142858,55.83756344780849,99.99999999268293,3.0,8.0,24.0,18.6,0,45750.0,44704.0,0.023398353614888526,-0.0025573770491802723,0.0009903954672133139,45641.0,45523.0,-0.0001752809973488711,0.0024163609603935943,0,0.0001552691600405903,45647.50611980214,45528.193880197854,0.0026171938269579824,0,7718.744490768315,-5144.394302012324,45587.85,0.17548843366605965,1.3280336684529903,6.574621959232196e-05,0,0.9595999999999999,32711.0,3843.0,0.0,923.0,0.0,379.0,-544.0,0.0
2026-06-15 13:35:00,45633.0,45642.0,45611.0,45624.0,262,13:35:00,2026-06-15,0,-0.00019722569193347805,262,45625.92029897718,-4.208789575304667e-05,4.927284371689893,-2.27047790913974,7.197762280829633,30.357142857142858,58.20105819674701,72.72727272066115,9.0,9.0,13.0,10.6,0,45750.0,44704.0,0.023398353614888526,-0.0027540983606556776,0.000774314687630973,45642.0,45523.0,-0.0003943736032601465,0.0022186586999977547,0,-4.2122257866097684e-05,45649.96766124194,45527.43233875805,0.0026878441912993405,0,7337.930018416207,-1194.158272290204,45588.7,0.5922871056897051,1.1754149842926183,-0.00019722569193347805,0,0.9595999999999999,32711.0,3843.0,0.0,923.0,0.0,379.0,-544.0,0.0
2026-06-15 13:36:00,45621.0,45624.0,45601.0,45603.0,300,13:36:00,2026-06-15,0,-0.00046028406102049946,300,45625.82299569809,-0.0005002210195800337,4.850107833794027,-0.8463607605529866,5.696468594347014,31.071428571428573,53.14009661476347,9.090909090082647,18.0,3.0,2.0,12.6,1,45750.0,44704.0,0.023398353614888526,-0.0032131147540982907,0.00031038291161108794,45642.0,45523.0,-0.0008544761403969841,0.0017573534257407958,0,-0.0005006267036366622,45650.24869704048,45527.45130295952,0.0026935839373214716,0,9474.307479224377,10.891250237084687,45588.85,0.4606601698955387,1.2995451591886527,-0.00046028406102049946,0,0.9595999999999999,32711.0,3843.0,0.0,923.0,0.0,379.0,-544.0,0.0
2026-06-15 13:37:00,45604.0,45626.0,45600.0,45601.0,275,13:37:00,2026-06-15,0,-4.385676380935788e-05,275,45625.73301565691,-0.0005420847846635121,4.574825841606071,0.23787655987882494,4.336949281727246,31.0,56.994818648715395,0.0,3.0,22.0,1.0,10.8,0,45750.0,44704.0,0.023398353614888526,-0.0032568306010928253,0.0002643184368142422,45642.0,45523.0,-0.0008982954296481115,0.0017134195900972758,0,-0.0005425221606750599,45650.42477016378,45527.475229836215,0.0026969153781247947,0,8606.91489361702,1150.6669302384153,45588.95,0.24129236188996517,1.151591289777422,-4.385676380935788e-05,0,0.9595999999999999,32711.0,3843.0,0.0,923.0,0.0,379.0,-544.0,0.0
2026-06-15 13:38:00,45605.0,45613.0,45566.0,45573.0,386,13:38:00,2026-06-15,0,-0.0006140216223328165,386,45625.42203818459,-0.0011489655512822237,2.073396066072746,0.6049804611176093,1.468415604955137,33.57142857142857,50.92592592262517,0.0,32.0,8.0,7.0,13.0,1,45750.0,44704.0,0.023398353614888526,-0.0038688524590163092,-0.0003158767554192856,45642.0,45523.0,-0.001511765479163895,0.0010983458910879974,0,-0.001149923842653603,45648.84025766081,45525.95974233919,0.0026954929502805785,0,11672.978102189782,5907.726120164385,45587.4,-0.2851583835458424,1.5363184079540844,-0.0006140216223328165,0,0.9595999999999999,32711.0,3843.0,0.0,923.0,0.0,379.0,-544.0,0.0
2026-06-15 13:39:00,45569.0,45600.0,45564.0,45569.0,295,13:39:00,2026-06-15,0,-8.777126807535396e-05,295,45625.151617526615,-0.0012307162943222666,-0.22913035142119043,0.4381582986098494,-0.6672886500310398,34.0,49.999999996818175,0.0,0.0,31.0,5.0,12.4,0,45750.0,44704.0,0.023398353614888526,-0.003956284153005378,-0.00034989618284097585,45642.0,45523.0,-0.0015994040576661496,0.0010104782198009576,0,-0.0012318016697750887,45645.14783173536,45524.75216826463,0.0026411274657694196,0,8855.635704874836,-652.999467988756,45584.95,-0.8554723358894676,1.1242378048737645,-8.777126807535396e-05,0,0.9595999999999999,32711.0,3843.0,0.0,923.0,0.0,379.0,-544.0,0.0
2026-06-15 13:40:00,45570.0,45583.0,45564.0,45573.0,281,13:40:00,2026-06-15,0,8.777897254708122e-05,281,45624.873615009135,-0.0011369590948755962,-1.7114045491616707,0.008245729055545381,-1.719650278217216,31.5,57.868020300456074,11.111111110185178,3.0,10.0,6.0,11.2,0,45750.0,44704.0,0.023398353614888526,-0.0038688524590163092,-0.00022157334626206476,45642.0,45523.0,-0.001511765479163895,0.0010983458910879974,0,-0.0011380010356718665,45642.32268411733,45523.877315882666,0.0025984491672278146,0,8331.823682498374,-319.6165112805482,45583.1,-1.2832056890975874,1.030058651022617,8.777897254708122e-05,0,0.9595999999999999,32711.0,3843.0,0.0,923.0,0.0,379.0,-544.0,0.0
2026-06-15 13:41:00,45576.0,45619.0,45573.0,45608.0,303,13:41:00,2026-06-15,0,0.0007679985956596802,303,45624.73054922804,-0.0003666991350226321,-0.06120450979506131,-0.005644318714575959,-0.055560191080485356,33.07142857142857,67.72727272296281,90.69767441227691,32.0,11.0,3.0,14.0,1,45750.0,44704.0,0.023398353614888526,-0.003103825136611954,0.0005297928981426739,45642.0,45523.0,-0.0007449279172691656,0.0018671880148495956,0,-0.00036702799846969003,45643.973644515696,45523.7263554843,0.0026379362215212653,0,8973.522077922078,-2312.5683956875596,45583.85,-0.7787239456522878,1.078483715959856,0.0007679985956596802,0,0.9595999999999999,32711.0,3843.0,0.0,923.0,0.0,379.0,-544.0,0.0
2026-06-15 13:42:00,45610.0,45620.0,45601.0,45619.0,328,13:42:00,2026-06-15,0,0.00024118575688469868,328,45624.66002615957,-0.0001240562922840715,2.1098776237413404,0.4174600697766073,1.692417553964733,32.785714285714285,68.0180180137286,99.999999994,9.0,1.0,9.0,15.2,0,45750.0,44704.0,0.023398353614888526,-0.0028633879781420142,0.0007392734061198753,45642.0,45523.0,-0.000503921826387965,0.002108824110888955,0,-0.00012416340705373541,45647.41398688453,45523.186013115475,0.0027251761811165525,0,9392.989328311362,606.7928281430142,45585.3,0.076779726643513,1.1337711717900665,0.00024118575688469868,0,0.9595999999999999,32711.0,3843.0,0.0,923.0,0.0,379.0,-544.0,0.0
2026-06-15 13:43:00,45619.0,45645.0,45607.0,45642.0,596,13:43:00,2026-06-15,0,0.0005041758916242145,596,45624.73422381414,0.0003784301756402316,5.621581544604851,1.458284364742256,4.163297179862595,33.714285714285715,69.65811965395207,99.99999999565217,23.0,3.0,12.0,13.4,1,45750.0,44704.0,0.023398353614888526,-0.0023606557377048665,0.0011691493725419183,45645.0,45523.0,-6.572461386789209e-05,0.002614063220789434,0,0.0003787292944492138,45655.478817933414,45521.92118206658,0.002929621504162879,0,15087.42762063228,8108.193590707593,45588.7,1.2285254842251943,1.9303643724633834,0.0005041758916242145,0,0.9595999999999999,32711.0,3843.0,0.0,923.0,0.0,379.0,-544.0,0.0
2026-06-15 13:44:00,45642.0,45652.0,45622.0,45628.0,754,13:44:00,2026-06-15,0,-0.00030673502475786485,754,45624.86274942664,6.87618632540245e-05,7.192043801180262,2.6050362520298576,4.587007549150404,32.142857142857146,57.28643215677382,70.83333332890625,14.0,10.0,6.0,16.2,0,45750.0,44704.0,0.023398353614888526,-0.0026666666666666085,0.0007972951187333152,45652.0,45523.0,-0.0005257162884429921,0.0023065263712847947,0,6.881195511370417e-05,45659.95974345508,45523.34025654492,0.00299659009731293,0,15209.333333333334,6949.123433655416,45591.65,1.7111323418278428,2.2258302582960123,-0.00030673502475786485,0,0.9595999999999999,32711.0,3843.0,0.0,923.0,0.0,379.0,-544.0,0.0
2026-06-15 13:45:00,45627.0,45633.0,45570.0,45580.0,1314,13:45:00,2026-06-15,0,-0.0010519856228631275,1314,45624.14217799492,-0.0009675179825345319,4.511442505892774,2.9863175028024407,1.525125003090333,33.642857142857146,47.49999999722917,27.058823528456756,47.0,6.0,10.0,25.0,1,45750.0,44704.0,0.023398353614888526,-0.003715846994535438,-0.00026758963155971467,45652.0,45523.0,-0.0015771488653289764,0.001252114315840317,0,-0.0009681958316317768,45659.916436614316,45524.48356338568,0.0029705272662568305,0,18176.667678300455,9351.31303036218,45592.2,1.5136458463570885,3.380499099553948,-0.0010519856228631275,0,0.9595999999999999,32711.0,3843.0,0.0,923.0,0.0,379.0,-544.0,0.0
2026-06-15 15:01:00,45547.0,45616.0,45546.0,45606.0,319,15:01:00,2026-06-15,0,0.0005704256252743178,319,45623.94386002512,-0.00039329918693953547,4.433917929753079,3.2758375881925685,1.1580803415605105,36.785714285714285,49.39759035866841,29.54545454444731,59.0,10.0,1.0,30.4,1,45750.0,44704.0,0.023398353614888526,-0.0031475409836064887,0.00023247959223953102,45652.0,45523.0,-0.0010076228861824015,0.0018232541792060756,0,-0.00039354540206079766,45659.05499110834,45531.74500889166,0.0027921672409208244,0,4393.933554817276,-7087.685412449962,45595.4,1.4696624382806192,0.8300806661440799,0.0005704256252743178,0,0.9595999999999999,32711.0,3843.0,0.0,923.0,0.0,379.0,-544.0,0.0
2026-06-15 15:02:00,45605.0,45638.0,45590.0,45601.0,112,15:02:00,2026-06-15,0,-0.00010963469718894281,112,45623.91535806166,-0.0005022663636344949,3.923789923595905,3.4054280552732363,0.5183618683226685,37.92857142857143,43.7768240317044,32.911392403813494,4.0,33.0,11.0,29.4,0,45750.0,44704.0,0.023398353614888526,-0.0032568306010928253,4.495717554906123e-05,45652.0,45523.0,-0.0011171471129413583,0.0017134195900972758,0,-0.0005025413537298911,45654.67290465802,45543.22709534197,0.0024440433237179304,1,1650.1815831987076,-8915.020437100875,45598.95,1.6011703897524294,0.295553503099893,-0.00010963469718894281,1,0.9595999999999999,32711.0,3843.0,0.0,923.0,0.0,379.0,-544.0,0.0
2026-06-15 15:03:00,45601.0,45632.0,45601.0,45628.0,43,15:03:00,2026-06-15,0,0.0005920922786781802,43,45623.91261473064,8.958866162746294e-05,5.63324758347153,3.850991960912895,1.7822556225586346,37.642857142857146,49.027237351414854,91.37931034010107,27.0,4.0,0.0,30.2,0,45750.0,44704.0,0.023398353614888526,-0.0026666666666666085,0.0005394334632943598,45652.0,45535.0,-0.0005257162884429921,0.002042384978587855,0,8.962895901099569e-05,45652.82362527279,45553.976374727215,0.002167541247923836,1,771.8347757671125,-9575.370585286908,45603.4,2.4565605520252074,0.1150963597427326,0.0005920922786781802,-1,0.9595999999999999,32711.0,3843.0,0.0,923.0,0.0,379.0,-544.0,0.0
2026-06-15 15:04:00,45630.0,45630.0,45590.0,45590.0,60,15:04:00,2026-06-15,0,-0.0008328219514333046,60,45623.89064631297,-0.0007428267478478616,3.8770306778606027,3.8561997043024365,0.02083097355816621,38.285714285714285,44.05594405378748,38.57142856977551,40.0,0.0,0.0,35.4,1,45750.0,44704.0,0.023398353614888526,-0.003497267759562765,-0.00033767930990630756,45652.0,45546.0,-0.001358100411811063,0.0009660562947349721,0,-0.000743127925924718,45648.56626361004,45562.233736389964,0.0018930330009181515,1,1480.1948051948052,-6631.276311468119,45605.4,2.193203700373283,0.16422608457598406,-0.0008328219514333046,1,0.9595999999999999,32711.0,3843.0,0.0,923.0,0.0,379.0,-544.0,0.0
2026-06-15 15:05:00,45595.0,45643.0,45595.0,45633.0,61,15:05:00,2026-06-15,0,0.0009431892958982058,61,45623.89040349287,0.000199667245089459,5.887094006197003,4.26237856468135,1.6247154415156535,40.42857142857143,54.870129867635775,64.81481481301441,38.0,10.0,0.0,33.6,1,45750.0,44704.0,0.023398353614888526,-0.0025573770491802723,0.0005678940340429646,45652.0,45546.0,-0.00041619206168403545,0.0019101567645896037,0,0.0001997407532408074,45651.85382957266,45562.346170427336,0.001962581684547436,1,4678.341176470588,18350.462907252324,45607.1,1.7873218571922063,0.17290249433057567,0.0009431892958982058,-1,0.9595999999999999,32711.0,3843.0,0.0,923.0,0.0,379.0,-544.0,0.0
2026-06-15 15:06:00,45626.0,45686.0,45626.0,45682.0,132,15:06:00,2026-06-15,0,0.0010737843227488497,132,45623.98583899242,0.0012715715196894915,11.30367246564856,5.670637344874792,5.633035120773768,42.857142857142854,61.4084507018036,70.76923076759763,56.0,4.0,0.0,33.0,1,45750.0,44704.0,0.023398353614888526,-0.0014863387978141752,0.0015434670127774496,45686.0,45546.0,-8.755417414525046e-05,0.002985992183726277,0,0.0012719168151869137,45666.83309456387,45556.36690543612,0.0024218880532090015,1,14779.470588235294,181484.90133197544,45611.6,1.79811154431404,0.3938534984323621,0.0010737843227488497,-1,0.9595999999999999,32711.0,3843.0,0.0,923.0,0.0,379.0,-544.0,0.0
2026-06-15 15:07:00,45681.0,45687.0,45661.0,45665.0,100,15:07:00,2026-06-15,0,-0.0003721378223370264,100,45624.069051369646,0.0008971349877685672,14.062488381568983,7.349007552213631,6.713480829355352,41.357142857142854,63.372093020676715,84.4036697224476,16.0,6.0,4.0,35.4,0,45750.0,44704.0,0.023398353614888526,-0.001857923497267719,0.0011092988179170929,45687.0,45546.0,-0.00048153741764614703,0.0026127431607604924,0,0.0008973251567564798,45674.53808670005,45554.26191329995,0.0026368027070419295,0,11531.565656565657,67905.72981404305,45614.4,1.9734505124393162,0.3057636447017099,-0.0003721378223370264,1,0.9595999999999999,32711.0,3843.0,0.0,923.0,0.0,379.0,-544.0,0.0
2026-06-15 15:08:00,45663.0,45715.0,45661.0,45690.0,193,15:08:00,2026-06-15,0,0.0005474652359576115,193,45624.28896493332,0.0014402643100297078,18.057999559197924,9.49080595361049,8.567193605587434,42.642857142857146,66.57534246319986,81.31868131600048,27.0,25.0,2.0,35.4,0,45750.0,44704.0,0.023398353614888526,-0.001311475409836037,0.0015914979810334863,45715.0,45546.0,-0.0005468664552116254,0.0031616387827689994,0,0.0014404818132264378,45686.18004605334,45548.61995394666,0.0030155180283548996,0,16150.494505494506,24521.8398921446,45617.4,2.2584202898239334,0.6033135354779515,0.0005474652359576115,-1,0.9595999999999999,32711.0,3843.0,0.0,923.0,0.0,379.0,-544.0,0.0
2026-06-15 15:09:00,45690.0,45694.0,45671.0,45683.0,37,15:09:00,2026-06-15,0,-0.0001532063908951109,37,45624.32704025572,0.00128600164759718,20.424192082304216,11.677483179349235,8.746708902954982,42.92857142857143,64.94565217144228,51.020408160141606,7.0,4.0,12.0,28.8,0,45750.0,44704.0,0.023398353614888526,-0.001464480874316908,0.0013831683103206532,45715.0,45546.0,-0.0006999890626708805,0.0030079480086066175,0,0.0012861264435976717,45694.45947818842,45545.34052181158,0.0032687260685981085,0,3231.8757170172084,-7813.266924736915,45619.9,1.8197125292695082,0.12030564135873742,-0.0001532063908951109,1,0.9595999999999999,32711.0,3843.0,0.0,923.0,0.0,379.0,-544.0,0.0
2026-06-15 15:10:00,45678.0,45683.0,45663.0,45669.0,47,15:10:00,2026-06-15,0,-0.00030645973338006005,47,45624.36622868818,0.0009782880289908086,20.92848318067263,13.527683179613913,7.400800001058716,41.07142857142857,58.78962535785864,54.347826083412095,9.0,5.0,6.0,23.0,0,45750.0,44704.0,0.023398353614888526,-0.0017704918032786499,0.001026913461991544,45715.0,45546.0,-0.0010062342775893907,0.0027005664602818536,0,0.0009783355521784521,45699.87901644981,45544.42098355019,0.0034075122040416795,0,4216.980353634578,-6343.098171380066,45622.15,1.6990248693395067,0.15835579514771445,-0.00030645973338006005,1,0.9595999999999999,32711.0,3843.0,0.0,923.0,0.0,379.0,-544.0,0.0
2026-06-15 15:11:00,45670.0,45686.0,45670.0,45682.0,51,15:11:00,2026-06-15,0,0.000284656988329024,51,45624.41555950516,0.0012621408907634432,22.122118848274113,15.246570313345954,6.875548534928159,40.92857142857143,59.025787963248256,38.23529411427335,12.0,4.0,0.0,14.2,0,45750.0,44704.0,0.023398353614888526,-0.0014863387978141752,0.0012251759409636204,45715.0,45546.0,-0.0007218637208793455,0.002985992183726277,0,0.0012620942945996993,45707.66598877332,45544.53401122668,0.003575409196636057,0,5443.415887850468,-6629.567047622856,45626.1,1.9071670020643636,0.1793564269380012,0.000284656988329024,-1,0.9595999999999999,32711.0,3843.0,0.0,923.0,0.0,379.0,-544.0,0.0
2026-06-15 15:12:00,45680.0,45688.0,45672.0,45675.0,37,15:12:00,2026-06-15,0,-0.00015323322096227887,37,45624.45064246858,0.0011079444644175877,22.24679501123319,16.646615252923404,5.600179758309785,39.357142857142854,54.95495495264454,38.23529411427335,5.0,8.0,3.0,12.0,0,45750.0,44704.0,0.023398353614888526,-0.0016393442622950462,0.0009905807169874972,45715.0,45546.0,-0.0008749863283386007,0.002832301409563895,0,0.00110781457581266,45713.26344928575,45546.33655071426,0.003658286877687045,0,4630.068493150685,4326.25787177209,45629.8,2.1701055898854347,0.13580473481322886,-0.00015323322096227887,1,0.9595999999999999,32711.0,3843.0,0.0,923.0,0.0,379.0,-544.0,0.0
2026-06-15 15:13:00,45681.0,45685.0,45643.0,45645.0,84,15:13:00,2026-06-15,0,-0.0006568144499179418,84,45624.49963709583,0.00044932795027299144,19.697788643054082,17.256849930949542,2.44093871210454,40.214285714285715,52.435530083856456,25.999999998440003,36.0,4.0,2.0,13.8,1,45750.0,44704.0,0.023398353614888526,-0.002295081967213065,0.0002541997747263691,45715.0,45546.0,-0.001531226074592551,0.002173626663153687,0,0.0004492403131076604,45712.652826603015,45554.14717339699,0.003473457011882146,0,14977.265625,25516.564861610575,45633.4,2.4659074594248627,0.32640373032707826,-0.0006568144499179418,1,0.9595999999999999,32711.0,3843.0,0.0,923.0,0.0,379.0,-544.0,0.0
2026-06-15 15:14:00,45647.0,45654.0,45645.0,45645.0,30,15:14:00,2026-06-15,0,0.0,30,45624.51201048358,0.0004490566279747015,17.47622765781125,17.300725476321883,0.17550218148936736,36.357142857142854,60.79734218986325,0.0,2.0,7.0,0.0,12.8,0,45750.0,44704.0,0.023398353614888526,-0.002295081967213065,0.00017091320238758601,45715.0,45546.0,-0.001531226074592551,0.002173626663153687,0,0.00044893178188887636,45710.51719119392,45563.882808806076,0.0032130451120541636,0,5499.3975903614455,102.84296416874412,45637.2,2.432818058084856,0.12290045063448218,0.0,0,0.9595999999999999,32711.0,3843.0,0.0,923.0,0.0,379.0,-544.0,0.0
2026-06-15 15:15:00,45647.0,45671.0,45647.0,45671.0,29,15:15:00,2026-06-15,0,0.0005696133201884557,29,45624.53158968782,0.001018496161891237,17.610603208879184,17.362701022833342,0.2479021860458417,33.214285714285715,60.79734218986325,46.42857142608418,24.0,0.0,0.0,15.8,1,45750.0,44704.0,0.023398353614888526,-0.0017267759562841153,0.0006331873423878573,45715.0,45546.0,-0.0009624849611724607,0.0027444781100425344,0,0.0010181041256248624,45710.2697571341,45573.9302428659,0.0029871437613123723,0,5733.588744588745,2383.377811949241,45642.1,2.6956068183502087,0.12526997840118675,0.0005696133201884557,-1,0.9595999999999999,32711.0,3843.0,0.0,923.0,0.0,379.0,-544.0,0.0
2026-06-15 15:16:00,45668.0,45706.0,45668.0,45706.0,72,15:16:00,2026-06-15,0,0.0007663506382606933,72,45624.61837686949,0.0017837217279995177,20.307215356202505,17.951603889507176,2.355611466695329,32.5,65.86102718754667,99.99999999508196,38.0,0.0,0.0,21.0,1,45750.0,44704.0,0.023398353614888526,-0.0009617486338797604,0.001292527438823991,45715.0,45546.0,-0.00019687192387618513,0.0035129319808544436,0,0.0017828471341053782,45718.839001270266,45575.160998729734,0.003147589163373898,0,13058.857142857143,-1280.880322333775,45647.0,2.9802732209299645,0.3273471243449541,0.0007663506382606933,-1,0.9595999999999999,32711.0,3843.0,0.0,923.0,0.0,379.0,-544.0,0.0
2026-06-15 15:17:00,45704.0,45726.0,45702.0,45707.0,93,15:17:00,2026-06-15,0,2.1878965562605046e-05,93,45624.75997574571,0.0018025305623089489,22.268296493210073,18.814942410247756,3.453354082962317,32.0,62.9508196692416,99.99999999516129,3.0,19.0,2.0,20.6,0,45750.0,44704.0,0.023398353614888526,-0.0009398907103824931,0.0012179254086402023,45726.0,45546.0,-0.00041551852337837523,0.003534887805734784,0,0.0018014786896851298,45726.71379966047,45576.08620033953,0.0032995176340909296,0,13801.13961038961,15095.729820623015,45651.4,3.111496761414891,0.4466858789603906,2.1878965562605046e-05,-1,0.9595999999999999,32711.0,3843.0,0.0,923.0,0.0,379.0,-544.0,0.0
2026-06-15 15:18:00,45705.0,45709.0,45700.0,45703.0,22,15:18:00,2026-06-15,0,-8.751394753536701e-05,22,45624.79045587533,0.0017141896618748842,23.231897993784514,19.69833352695511,3.5335644668294037,29.785714285714285,70.84870848342479,89.99999999325,2.0,4.0,3.0,13.8,0,45750.0,44704.0,0.023398353614888526,-0.0010273224043715623,0.0010634231712352653,45726.0,45546.0,-0.0005029961072475069,0.003447064506213423,0,0.001713076033654318,45733.03076635124,45575.86923364875,0.003442414325492664,0,4087.2601626016262,-2871.3754252794865,45654.45,2.7058351828681295,0.12256267409402473,-8.751394753536701e-05,1,0.9595999999999999,32711.0,3843.0,0.0,923.0,0.0,379.0,-544.0,0.0
2026-06-15 15:19:00,45705.0,45782.0,45705.0,45742.0,202,15:19:00,2026-06-15,0,0.0008533356672428827,202,45625.20648361094,0.0025598463084437507,26.833216571219964,21.125310135808082,5.707906435411882,31.642857142857142,70.41198501503457,90.90909090289256,37.0,40.0,0.0,20.8,1,45750.0,44704.0,0.023398353614888526,-0.00017486338797813826,0.001792591570548865,45782.0,45546.0,-0.000873705823249293,0.004303341676546693,0,0.002557887269075011,45746.77872987841,45573.52127012159,0.0037945004507609504,0,22104.985645933015,6927.197689748731,45660.15,2.880802681447073,1.3298222514724831,0.0008533356672428827,0,0.9595999999999999,32711.0,3843.0,0.0,923.0,0.0,379.0,-544.0,0.0
2026-06-15 15:20:00,45744.0,45758.0,45732.0,45742.0,54,15:20:00,2026-06-15,0,0.0,54,45625.31814331303,0.002557392724812558,29.348970823382842,22.770042273323035,6.578928550059807,29.214285714285715,63.76146788581348,90.69767441227691,2.0,14.0,10.0,16.4,0,45750.0,44704.0,0.023398353614888526,-0.00017486338797813826,0.0016149075123307417,45782.0,45546.0,-0.000873705823249293,0.004303341676546693,0,0.002554988568359137,45753.609610801206,45582.890389198794,0.0037382475046100643,0,5575.774266365688,-5959.91749683613,45668.25,3.691014952443637,0.6074240719841684,0.0,0,0.9595999999999999,32711.0,3843.0,0.0,923.0,0.0,379.0,-544.0,0.0
2026-06-15 15:21:00,45742.0,45742.0,45723.0,45740.0,73,15:21:00,2026-06-15,0,-4.3723492632596894e-05,73,45625.45733590622,0.0025104989797797663,30.825997991632903,24.38123341698501,6.444764574647895,28.714285714285715,68.47290639921862,95.12195121255205,2.0,0.0,17.0,9.2,0,45750.0,44704.0,0.023398353614888526,-0.00021857923497267282,0.0014241942246242523,45782.0,45590.0,-0.0009173911144117576,0.0032901952182495444,0,0.002507778642204925,45760.771050039104,45589.12894996089,0.0037579044985973737,0,7520.315315315315,8399.404530511896,45674.95,4.490252319324841,0.9530026109536162,-4.3723492632596894e-05,0,0.9595999999999999,32711.0,3843.0,0.0,923.0,0.0,379.0,-544.0,0.0
2026-06-15 15:22:00,45735.0,45743.0,45728.0,45743.0,29,15:22:00,2026-06-15,0,6.558810668999548e-05,29,45625.51404526921,0.002575005612303289,31.871235824393807,25.879233898466772,5.992001925927035,25.928571428571427,64.6408839729007,59.999999964000004,8.0,0.0,7.0,10.2,0,45750.0,44704.0,0.023398353614888526,-0.00015300546448087098,0.0013342220850420625,45782.0,45590.0,-0.0008518631776680606,0.003355999122614535,0,0.0025718187938323857,45765.576169856315,45598.52383014369,0.003656848580845646,0,3490.9131578947367,-8420.757554964975,45682.05,4.7963048741630185,0.4002760524444406,6.558810668999548e-05,-1,0.9595999999999999,32711.0,3843.0,0.0,923.0,0.0,379.0,-544.0,0.0
2026-06-15 15:23:00,45742.0,45744.0,45729.0,45735.0,23,15:23:00,2026-06-15,0,-0.00017489014712634976,23,45625.558182081346,0.002398695430352743,31.688772749505006,27.04114166867442,4.647631080830585,25.357142857142858,64.28571428076924,23.076923071597633,7.0,2.0,6.0,11.2,0,45750.0,44704.0,0.023398353614888526,-0.00032786885245900924,0.0010418627455271586,45782.0,45590.0,-0.0010266043423179192,0.0031805220443078927,0,0.002395448590172602,45770.05183793492,45604.74816206508,0.00361814583167,0,2760.9055118110236,-5048.390806519158,45687.4,4.193285269306674,0.3219034289668033,-0.00017489014712634976,1,0.9595999999999999,32711.0,3843.0,0.0,923.0,0.0,379.0,-544.0,0.0
2026-06-15 15:24:00,45735.0,45739.0,45723.0,45730.0,27,15:24:00,2026-06-15,0,-0.00010932546190012271,27,45625.607449972806,0.002288025428300447,30.785831334709655,27.79007960188147,2.995751732828186,25.071428571428573,67.63005779799525,18.749999996484377,5.0,4.0,7.0,4.8,1,45750.0,44704.0,0.023398353614888526,-0.00043715846994534565,0.000779088903673049,45782.0,45595.0,-0.0011358175702240807,0.0029608509705010867,0,0.002284580824503486,45765.180312444965,45623.61968755504,0.0030979862935047726,1,5993.73786407767,-2029.9380906658678,45694.4,4.258351678546855,0.38681948423514584,-0.00010932546190012271,1,0.9595999999999999,32711.0,3843.0,0.0,923.0,0.0,379.0,-544.0,0.0
2026-06-15 15:25:00,45730.0,45737.0,45709.0,45712.0,50,15:25:00,2026-06-15,0,-0.00039361469494858525,50,45625.688735863456,0.0018917251778097217,28.291665481701784,27.890396777845535,0.4012687038562497,25.857142857142858,58.42696628753945,0.0,18.0,7.0,3.0,8.0,1,45750.0,44704.0,0.023398353614888526,-0.0008306010928961567,0.00029869787421211394,45782.0,45626.0,-0.0015289851906862626,0.0018848901941874835,0,0.0018887172980324742,45763.27838158362,45633.421618416374,0.002841607260814575,1,11314.851485148514,22412.29722246129,45698.35,3.5681410969944722,0.7220216606393931,-0.00039361469494858525,1,0.9595999999999999,32711.0,3843.0,0.0,923.0,0.0,379.0,-544.0,0.0
2026-06-15 15:26:00,45714.0,45720.0,45707.0,45713.0,33,15:26:00,2026-06-15,0,2.187609380466249e-05,33,45625.73887492416,0.001912541631710397,26.0949068734335,27.531298796963128,-1.4363919235296265,25.642857142857142,61.04651162293808,4.166666666145829,1.0,6.0,6.0,7.8,0,45750.0,44704.0,0.023398353614888526,-0.0008087431693988895,0.00028665270602338866,45782.0,45643.0,-0.0015071425451050303,0.001533641522248723,0,0.0019094379873006273,45764.664837749755,45635.13516225025,0.002834353587196124,1,9311.907407407407,23727.729426347643,45699.9,2.735984100649194,0.5132192845954399,2.187609380466249e-05,-1,0.9595999999999999,32711.0,3843.0,0.0,923.0,0.0,379.0,-544.0,0.0
2026-06-15 15:27:00,45712.0,45716.0,45705.0,45707.0,16,15:27:00,2026-06-15,0,-0.00013125369151012478,16,45625.7620549615,0.0017805279600729867,23.597789366969664,26.74459691096444,-3.1468075439947754,23.428571428571427,70.94594593923483,3.9999999995199857,5.0,4.0,2.0,7.2,0,45750.0,44704.0,0.023398353614888526,-0.0009398907103824931,0.00010940440243315153,45782.0,45643.0,-0.0016381984185924242,0.0014021865346274041,0,0.0017775577663668128,45764.690551611726,45639.309448388274,0.0027434489349142032,1,4908.13422818792,-1811.2297543009167,45702.0,1.6632235022231487,0.2662229617260196,-0.00013125369151012478,1,0.9595999999999999,32711.0,3843.0,0.0,923.0,0.0,379.0,-544.0,0.0
2026-06-15 15:28:00,45713.0,45734.0,45710.0,45734.0,28,15:28:00,2026-06-15,0,0.0005907191458638383,28,45625.81067285651,0.002371230791255843,23.526283749459253,26.100934278663406,-2.5746505292041526,24.714285714285715,75.42857142253715,82.35294116920416,21.0,0.0,3.0,10.0,1,45750.0,44704.0,0.023398353614888526,-0.0003497267759562765,0.0006520188516591968,45782.0,45643.0,-0.0010484469878991516,0.00199373397892334,0,0.002367163786774232,45768.19210476228,45640.20789523771,0.0028002723934467,1,8315.272727272728,-2651.0102777866155,45704.2,1.2801337466229188,0.5400192863926708,0.0005907191458638383,-1,0.9595999999999999,32711.0,3843.0,0.0,923.0,0.0,379.0,-544.0,0.0
2026-06-15 15:29:00,45735.0,45756.0,45735.0,45754.0,61,15:29:00,2026-06-15,0,0.00043731140945468816,61,45625.9400011536,0.0028067366687275093,24.797596627482562,25.840266748427236,-1.042670120944674,24.428571428571427,74.55621301157522,88.67924527799929,19.0,2.0,0.0,12.8,1,45750.0,44704.0,0.023398353614888526,8.743169398906913e-05,0.0010118634148475695,45782.0,45643.0,-0.0006115940762745051,0.002431917270994404,0,0.0028017130321750486,45774.60372877299,45640.89627122701,0.002925268855850085,1,14845.712765957447,5942.719484246617,45707.75,1.7177280475446435,1.1498586239180046,0.00043731140945468816,0,0.9595999999999999,32711.0,3843.0,0.0,923.0,0.0,379.0,-544.0,0.0
2026-06-15 15:30:00,45753.0,45753.0,45717.0,45718.0,47,15:30:00,2026-06-15,0,-0.0007868164532063293,47,45626.024021531775,0.002015866612107543,22.639250915082812,25.20006358175835,-2.560812666675538,24.357142857142858,53.52941176029758,56.62650602204965,35.0,0.0,1.0,16.2,1,45750.0,44704.0,0.023398353614888526,-0.000699453551912553,0.00017064025097249063,45782.0,45643.0,-0.0013979293171988687,0.0016431873452664892,0,0.002012154365288768,45774.621637410426,45645.77836258957,0.002818698557889817,1,11614.843243243244,13664.477586081499,45710.2,1.7942321999030872,0.8859566446581347,-0.0007868164532063293,0,0.9595999999999999,32711.0,3843.0,0.0,923.0,0.0,379.0,-544.0,0.0
2026-06-15 15:31:00,45717.0,45723.0,45702.0,45723.0,51,15:31:00,2026-06-15,0,0.00010936611400325091,51,45626.10329141331,0.0021237121208403376,21.089102554476995,24.377871376302082,-3.2887688218250872,24.142857142857142,54.597701145032374,40.98360655536146,6.0,0.0,15.0,17.2,0,45750.0,44704.0,0.023398353614888526,-0.0005901639344262166,0.00023516672226809587,45782.0,45643.0,-0.001288716089292707,0.001752733168284255,0,0.002119709893664995,45775.491808275925,45649.008191724075,0.002766952327917511,1,11487.059113300493,3814.410531148096,45712.25,1.76132609256981,0.9613572101609548,0.00010936611400325091,0,0.9595999999999999,32711.0,3843.0,0.0,923.0,0.0,379.0,-544.0,0.0
2026-06-15 15:32:00,45719.0,45719.0,45704.0,45717.0,29,15:32:00,2026-06-15,0,-0.0001312249852372105,29,45626.14696893831,0.001991249252836124,19.15563472147187,23.33342404533604,-4.177789323864172,24.857142857142858,53.97727272297908,10.63829787166138,2.0,0.0,13.0,16.6,0,45750.0,44704.0,0.023398353614888526,-0.0007213114754098203,5.7968668481590515e-05,45782.0,45643.0,-0.001419771962780101,0.0016212781806629359,0,0.0019874072596830013,45775.124908242644,45653.57509175735,0.0026588984965396642,1,6137.930555555556,-5865.519795297144,45714.35,1.4439564406470555,0.5508072174634225,-0.0001312249852372105,1,0.9595999999999999,32711.0,3843.0,0.0,923.0,0.0,379.0,-544.0,0.0
2026-06-15 15:33:00,45713.0,45720.0,45710.0,45720.0,12,15:33:00,2026-06-15,0,6.562110374686014e-05,12,45626.165720105644,0.0020565892051938248,17.66182790392486,22.199104817053808,-4.537276913128949,19.928571428571427,42.14285713864286,57.142857130612235,7.0,0.0,3.0,13.8,0,45750.0,44704.0,0.023398353614888526,-0.0006557377049180185,4.155903241826353e-05,45782.0,45645.0,-0.001354244026036404,0.0016431153466973023,0,0.00205245362108998,45769.36977152183,45666.83022847817,0.002242865365001165,1,2743.2,-7638.1945562667715,45718.1,1.7282794649775006,0.24464831803782575,6.562110374686014e-05,-1,0.9595999999999999,32711.0,3843.0,0.0,923.0,0.0,379.0,-544.0,0.0
2026-06-15 15:34:00,45714.0,45719.0,45704.0,45714.0,33,15:34:00,2026-06-15,0,-0.0001312335958004729,33,45626.21477864808,0.0019240084187961424,15.811559566485812,20.92159576694021,-5.110036200454399,19.214285714285715,40.41095890023457,19.999999996,0.0,5.0,10.0,10.0,0,45750.0,44704.0,0.023398353614888526,-0.0007868852459016222,-0.00016513000980943878,45782.0,45647.0,-0.001485299899523798,0.0014677853966306338,0,0.00191999661761073,45759.72122088011,45683.3787791199,0.0016697255836734674,1,8770.709302325582,-2364.704302626716,45721.55,2.0344655972967662,0.6707317073034404,-0.0001312335958004729,1,0.9595999999999999,32711.0,3843.0,0.0,923.0,0.0,379.0,-544.0,0.0
2026-06-15 15:35:00,45710.0,45744.0,45710.0,45744.0,31,15:35:00,2026-06-15,0,0.0006562541015882051,31,45626.271682214516,0.002580274772513861,16.574892811317113,20.052255175815592,-3.477362364498479,20.285714285714285,51.149425283240845,84.61538460887574,34.0,0.0,0.0,9.8,1,45750.0,44704.0,0.023398353614888526,-0.0001311475409836037,0.00041115183749885185,45782.0,45668.0,-0.0008300205320868283,0.0016641849872996045,0,0.0025746922437842085,45756.33028645957,45694.069713540426,0.0013616249446506631,1,9090.153846153846,4809.802365597274,45725.2,2.373434162357891,0.628803245423351,0.0006562541015882051,-1,0.9595999999999999,32711.0,3843.0,0.0,923.0,0.0,379.0,-544.0,0.0
2026-06-15 15:36:00,45744.0,45749.0,45734.0,45741.0,26,15:36:00,2026-06-15,0,-6.558237145859458e-05,26,45626.323244684216,0.0025133902352989265,16.74474201668636,19.390752543989745,-2.6460105273033854,20.285714285714285,49.425287352345094,76.92307691715976,3.0,5.0,7.0,9.2,0,45750.0,44704.0,0.023398353614888526,-0.00019672131147540554,0.0003072586297577819,45782.0,45700.0,-0.0008955484688305252,0.0008971553610503086,0,0.0025078592671451245,45757.464707382394,45696.4352926176,0.001334648708579805,1,9078.36641221374,23094.07411859777,45726.95,1.9357759836910424,0.5531914893499321,-6.558237145859458e-05,1,0.9595999999999999,32711.0,3843.0,0.0,923.0,0.0,379.0,-544.0,0.0
2026-06-15 15:37:00,45737.0,45738.0,45726.0,45726.0,16,15:37:00,2026-06-15,0,-0.0003279333639404358,16,45626.351827919934,0.0021840048149343,15.490410288512066,18.61068409289421,-3.120273804382144,20.285714285714285,47.513812151021035,62.499999996093756,11.0,1.0,0.0,11.0,0,45750.0,44704.0,0.023398353614888526,-0.0005245901639344148,-4.155012585317527e-05,45782.0,45700.0,-0.0012231881525490102,0.0005689277899343421,0,0.002179154784717066,45756.94732976769,45698.852670232314,0.0012704423237317503,1,6200.135593220339,-2930.861827131413,45727.9,1.3888418043567081,0.37079953649198616,-0.0003279333639404358,1,0.9595999999999999,32711.0,3843.0,0.0,923.0,0.0,379.0,-544.0,0.0
2026-06-15 15:38:00,45732.0,45737.0,45726.0,45726.0,11,15:38:00,2026-06-15,0,0.0,11,45626.37140658558,0.002183574769218569,14.331142862865818,17.754775846888535,-3.423632984022717,19.928571428571427,48.863636359749485,0.0,6.0,5.0,0.0,10.8,0,45750.0,44704.0,0.023398353614888526,-0.0005245901639344148,-6.669720888587984e-05,45782.0,45702.0,-0.0012231881525490102,0.0005251411316791274,0,0.0021786718380201603,45755.66598250163,45702.43401749837,0.0011640732751556724,1,4299.025641025641,-5270.678897426351,45729.05,0.8419864757301928,0.25821596243525313,0.0,0,0.9595999999999999,32711.0,3843.0,0.0,923.0,0.0,379.0,-544.0,0.0
2026-06-15 15:39:00,45720.0,45744.0,45714.0,45743.0,23,15:39:00,2026-06-15,0,0.0003717797314437554,23,45626.41390414851,0.002555232504058062,14.61569239704113,17.126959156919053,-2.5112667598779232,20.071428571428573,58.857142852434286,53.12499999501953,23.0,1.0,6.0,15.4,1,45750.0,44704.0,0.023398353614888526,-0.00015300546448087098,0.0003039639966673552,45758.0,45702.0,-0.00032781153022421594,0.0008971160999518425,0,0.0025494946511408923,45755.82196018457,45702.37803981543,0.0011687070239550404,1,9832.607476635514,830.8114369640808,45729.1,0.4701822448253066,0.6835066864581425,0.0003717797314437554,-1,0.9595999999999999,32711.0,3843.0,0.0,923.0,0.0,379.0,-544.0,0.0
2026-06-15 15:40:00,45733.0,45737.0,45724.0,45727.0,35,15:40:00,2026-06-15,0,-0.0003497802942526995,35,45626.47589953646,0.002203196685294692,13.395716192797408,16.380710564094727,-2.9849943712973186,20.5,53.68421052236011,51.51515151046833,6.0,4.0,3.0,9.8,0,45750.0,44704.0,0.023398353614888526,-0.0005027322404371475,-2.9522167320677773e-05,45756.0,45702.0,-0.0006337966605472369,0.0005470220121657576,0,0.0021982883804803123,45754.38054882049,45702.31945117951,0.0011384862484865427,1,14418.423423423423,13255.013066471538,45728.35,0.0984081928094423,1.070336391404577,-0.0003497802942526995,0,0.9595999999999999,32711.0,3843.0,0.0,923.0,0.0,379.0,-544.0,0.0
2026-06-15 15:41:00,45726.0,45753.0,45726.0,45750.0,50,15:41:00,2026-06-15,0,0.0005029851072670954,50,45626.57608533663,0.00270508824577422,14.12199448071624,15.928967347419029,-1.8069728667027896,21.642857142857142,60.386473425867585,71.4285714247449,24.0,3.0,0.0,14.0,1,45750.0,44704.0,0.023398353614888526,0.0,0.00046250889755594107,45756.0,45702.0,-0.00013113034356149728,0.0010502822633582547,0,0.0026990382365479834,45756.17475257847,45701.52524742153,0.001195077181187263,1,16944.444444444445,29414.615913763013,45728.85,-0.04373587468017935,1.584786053832495,0.0005029851072670954,0,0.9595999999999999,32711.0,3843.0,0.0,923.0,0.0,379.0,-544.0,0.0
2026-06-15 15:42:00,45750.0,45758.0,45749.0,45749.0,27,15:42:00,2026-06-15,0,-2.1857923497292653e-05,27,45626.63429069054,0.002681892083686374,14.450309441555873,15.633235766246399,-1.1829263246905253,20.357142857142858,54.14364640465187,57.4999999956875,1.0,8.0,0.0,12.0,0,45750.0,44704.0,0.023398353614888526,-2.1857923497267282e-05,0.00043407760695307287,45758.0,45702.0,-0.00019668691813452957,0.0010284013828716243,0,0.0026758798120992025,45757.24963472886,45701.05036527114,0.0012289594155526398,1,8460.431506849314,-1395.5362024232113,45729.15,0.010933956715288599,0.8585055643606199,-2.1857923497292653e-05,0,0.9595999999999999,32711.0,3843.0,0.0,923.0,0.0,379.0,-544.0,0.0
2026-06-15 15:43:00,45752.0,45755.0,45744.0,45755.0,11,15:43:00,2026-06-15,0,0.00013115040765909747,11,45626.657862478234,0.002812876145971391,15.021492850282812,15.510887183053683,-0.4893943327708712,19.571428571428573,50.29940119338808,96.666666657,3.0,0.0,8.0,11.4,0,45750.0,44704.0,0.023398353614888526,0.00010928961748633641,0.0005434051714240606,45758.0,45702.0,-6.556230604484319e-05,0.0011596866657914062,0,0.0028065103115070262,45760.46258203766,45699.83741796234,0.0013257153994753288,1,3447.294520547945,-7609.104394210223,45730.15,0.39362889761010633,0.3565640194373885,0.00013115040765909747,-1,0.9595999999999999,32711.0,3843.0,0.0,923.0,0.0,379.0,-544.0,0.0
2026-06-15 15:44:00,45755.0,45756.0,45738.0,45743.0,24,15:44:00,2026-06-15,0,-0.00026226641897064695,24,45626.70692478586,0.0025487939641544353,14.340551157976734,15.276819978038294,-0.9362688200615601,18.214285714285715,58.74125873550785,31.578947363434906,12.0,1.0,5.0,9.2,1,45750.0,44704.0,0.023398353614888526,-0.00015300546448087098,0.0002667786262212081,45758.0,45702.0,-0.00032781153022421594,0.0008971160999518425,0,0.00254299236431765,45761.651767812524,45699.94823218748,0.0013492774153314692,1,7468.244897959184,-5592.511207761794,45730.8,0.42642664313761786,0.7817589576292587,-0.00026226641897064695,1,0.9595999999999999,32711.0,3843.0,0.0,923.0,0.0,379.0,-544.0,0.0
2026-06-15 15:45:00,45750.0,45761.0,45750.0,45758.0,45,15:45:00,2026-06-15,0,0.00032791902586182253,45,45626.80704645189,0.0028753481131068882,14.840205944259651,15.189497171282566,-0.34929122702291515,18.0,61.43790849111026,63.636363630578515,8.0,3.0,0.0,9.6,0,45750.0,44704.0,0.023398353614888526,0.00017486338797813826,0.000544463419274025,45761.0,45702.0,-6.555800791066486e-05,0.0012253293072512971,0,0.002868665223833668,45764.89473637832,45701.305263621674,0.001390447460518682,1,13115.350318471337,5501.987467014583,45733.1,0.8637816360017821,1.477832512266738,0.00032791902586182253,0,0.9595999999999999,32711.0,3843.0,0.0,923.0,0.0,379.0,-544.0,0.0
2026-06-15 15:46:00,45757.0,45776.0,45757.0,45768.0,52,15:46:00,2026-06-15,0,0.0002185410201493987,52,45626.932062033055,0.003091769084433521,15.8602750110731,15.323652739240673,0.5366222718324263,18.0,66.24203821065358,67.56756756208912,11.0,8.0,0.0,7.0,1,45750.0,44704.0,0.023398353614888526,0.0003934426229508111,0.0007029496554672266,45776.0,45702.0,-0.00017476406850751105,0.0014441381121176001,0,0.003084406170803481,45769.76801257674,45701.93198742326,0.0014832133906656257,1,14968.150943396226,33419.99459047395,45735.85,1.2464424455194416,1.6560509553612723,0.0002185410201493987,0,0.9595999999999999,32711.0,3843.0,0.0,923.0,0.0,379.0,-544.0,0.0
2026-06-15 15:47:00,45768.0,45769.0,45760.0,45763.0,35,15:47:00,2026-06-15,0,-0.00010924663520361921,35,45627.01428212335,0.002980377305335167,16.079870148758346,15.474896221144208,0.6049739276141377,17.928571428571427,63.52201257302321,83.333333325,5.0,1.0,3.0,7.8,0,45750.0,44704.0,0.023398353614888526,0.00028415300546447467,0.0005323725120876549,45776.0,45702.0,-0.00028399161132470547,0.0013347337096844486,0,0.002973103007558028,45771.776710455095,45705.52328954491,0.0014485215656820957,1,9591.047904191617,2842.438933426678,45738.65,1.7165673900300333,1.0819165378336348,-0.00010924663520361921,0,0.9595999999999999,32711.0,3843.0,0.0,923.0,0.0,379.0,-544.0,0.0
2026-06-15 15:48:00,45756.0,45766.0,45748.0,45748.0,28,15:48:00,2026-06-15,0,-0.00032777571400477434,28,45627.07519071765,0.002650286234146902,14.87209004125907,15.354334985167181,-0.48224494390811046,18.071428571428573,60.1190476140377,33.33333333,8.0,10.0,0.0,8.8,0,45750.0,44704.0,0.023398353614888526,-4.3715846994534565e-05,0.00018911506175757346,45776.0,45702.0,-0.0006116742397762887,0.001006520502384994,0,0.0026437806676820864,45772.654180206984,45706.04581979301,0.0014562594443071402,1,6961.652173913043,-4691.981529377508,45739.35,1.366625048378527,0.8655332302669079,-0.00032777571400477434,0,0.9595999999999999,32711.0,3843.0,0.0,923.0,0.0,379.0,-544.0,0.0
2026-06-15 15:49:00,45744.0,45748.0,45728.0,45730.0,105,15:49:00,2026-06-15,0,-0.00039345982338023777,105,45627.26956333396,0.002251514010134655,12.320443631782837,14.747556714490313,-2.4271130827074767,17.071428571428573,45.51282050873603,0.0,14.0,4.0,2.0,9.2,1,45750.0,44704.0,0.023398353614888526,-0.00043715846994534565,-0.00017818823017549414,45776.0,45702.0,-0.0010048933939181886,0.0006126646536256486,0,0.0022460557907575387,45770.95741248555,45705.34258751445,0.0014345754030518373,1,18119.43396226415,2105.325521358557,45738.15,0.5028877784064165,3.0390738059901867,-0.00039345982338023777,0,0.9595999999999999,32711.0,3843.0,0.0,923.0,0.0,379.0,-544.0,0.0
2026-06-15 15:50:00,45732.0,45740.0,45731.0,45735.0,49,15:50:00,2026-06-15,0,0.00010933741526342189,49,45627.36003189247,0.0023591101486539444,10.579746944786166,13.913994760549485,-3.3342478157633195,16.714285714285715,48.10126581852268,13.157894735803325,3.0,5.0,1.0,8.2,0,45750.0,44704.0,0.023398353614888526,-0.00032786885245900924,-8.745272087277624e-05,45776.0,45702.0,-0.0008956658511009942,0.0007220690560588001,0,0.0023533520214155295,45770.462592630756,45707.537407369244,0.001375744665635697,1,8330.910780669145,-1313.868032054922,45739.0,0.07652171631618877,1.4141414141006021,0.00010933741526342189,0,0.9595999999999999,32711.0,3843.0,0.0,923.0,0.0,379.0,-544.0,0.0
2026-06-15 15:51:00,45731.0,45739.0,45720.0,45730.0,50,15:51:00,2026-06-15,0,-0.00010932546190012271,50,45627.44735404575,0.00224760866323496,8.696525928542542,12.870500994148097,-4.173975065605555,17.0,51.3513513464938,17.857142855229583,1.0,8.0,10.0,6.2,0,45750.0,44704.0,0.023398353614888526,-0.00043715846994534565,-0.00020441917080147272,45776.0,45704.0,-0.0010048933939181886,0.0005688779975494363,0,0.002242109823472574,45770.213195562224,45708.48680443777,0.0013495248866555913,1,8563.670411985018,2301.2040792200396,45739.35,0.0,1.4450867051605467,-0.00010932546190012271,0,0.9595999999999999,32711.0,3843.0,0.0,923.0,0.0,379.0,-544.0,0.0
2026-06-15 15:52:00,45739.0,45770.0,45737.0,45768.0,35,15:52:00,2026-06-15,0,0.0008309643560027169,35,45627.525508260114,0.003078722551247098,10.153301190133789,12.327061033345236,-2.1737598432114478,19.071428571428573,61.29032257603191,89.58333332773438,29.0,2.0,2.0,11.0,1,45750.0,44704.0,0.023398353614888526,0.0003934426229508111,0.0005705928262708364,45776.0,45704.0,-0.00017476406850751105,0.00140031507089092,0,0.0030710244161235682,45773.408728920826,45710.39127107918,0.0013776746886693986,1,5999.550561797752,-6688.886322667407,45741.9,0.8198844946723906,1.0028653294841587,0.0008309643560027169,0,0.9595999999999999,32711.0,3843.0,0.0,923.0,0.0,379.0,-544.0,0.0
2026-06-15 15:53:00,45772.0,45791.0,45765.0,45789.0,111,15:53:00,2026-06-15,0,0.0004588358678552229,111,45627.816855680045,0.0035325631473837804,12.854155868699308,12.432480000416051,0.4216758682832573,18.785714285714285,62.10526315331856,92.1874999956787,17.0,2.0,7.0,12.8,1,45750.0,44704.0,0.023398353614888526,0.000852459016393424,0.0009541953444448562,45791.0,45704.0,-4.3676705029371635e-05,0.001859793453527003,0,0.00352348696249896,45781.52661353175,45709.17338646825,0.0015816520600127136,0,14521.654285714285,7431.052459966323,45745.35,1.388311943855035,2.785445420256325,0.0004588358678552229,0,0.9595999999999999,32711.0,3843.0,0.0,923.0,0.0,379.0,-544.0,0.0
2026-06-15 15:54:00,45787.0,45790.0,45770.0,45770.0,17,15:54:00,2026-06-15,0,-0.0004149468212889529,17,45627.859932247244,0.0031152034735755043,13.308054481603904,12.607594896653623,0.7004595849502806,18.857142857142858,61.139896368621976,75.64102563811637,17.0,3.0,0.0,13.4,1,45750.0,44704.0,0.023398353614888526,0.00043715846994534565,0.00047761494180634776,45791.0,45710.0,-0.00045860540280840214,0.0013126230584116975,0,0.003107012365587531,45782.74403657605,45713.555963423954,0.001512368765777253,0,2969.8091603053435,-6532.083770822101,45748.15,1.923945136956015,0.435339308567597,-0.0004149468212889529,1,0.9595999999999999,32711.0,3843.0,0.0,923.0,0.0,379.0,-544.0,0.0
2026-06-15 15:55:00,45770.0,45774.0,45761.0,45766.0,23,15:55:00,2026-06-15,0,-8.73934891850725e-05,23,45627.91438927271,0.0030263406201128822,13.192925993353128,12.724661115993525,0.4682648773596032,17.857142857142858,54.597701145032374,47.7272727240186,4.0,4.0,5.0,13.6,0,45750.0,44704.0,0.023398353614888526,0.0003497267759562765,0.000366126220648418,45791.0,45714.0,-0.0005459588128671454,0.0011375071094194091,0,0.0030183141959111695,45784.677464788794,45713.822535211206,0.001548767019734461,0,4460.245762711865,-2565.700185756312,45749.25,1.606841867084346,0.5950840879535555,-8.73934891850725e-05,1,0.9595999999999999,32711.0,3843.0,0.0,923.0,0.0,379.0,-544.0,0.0
2026-06-15 15:56:00,45770.0,45780.0,45760.0,45780.0,42,15:56:00,2026-06-15,0,0.0003059039461608126,42,45628.01824581689,0.003330886591749736,14.069187992659863,12.993566491326792,1.075621501333071,18.642857142857142,58.28877004911207,37.83783783476991,10.0,0.0,10.0,15.4,0,45750.0,44704.0,0.023398353614888526,0.0006557377049180185,0.0006294916854640378,45791.0,45714.0,-0.000240221877661544,0.0014437590234938655,0,0.003321918423628316,45788.93369286394,45713.466307136056,0.0016495170777571177,0,8433.157894736842,-4192.701651744332,45751.2,1.2788185028639074,1.064638783242975,0.0003059039461608126,0,0.9595999999999999,32711.0,3843.0,0.0,923.0,0.0,379.0,-544.0,0.0
2026-06-15 15:57:00,45786.0,45789.0,45767.0,45767.0,36,15:57:00,2026-06-15,0,-0.0002839667977282412,36,45628.1077594997,0.003044006147096534,13.558348385362478,13.106522870133931,0.4518255152285473,19.428571428571427,53.0927835013232,45.1612903182102,19.0,3.0,0.0,13.4,1,45750.0,44704.0,0.023398353614888526,0.0003715846994535438,0.0003005250993098785,45791.0,45714.0,-0.0005241204603524596,0.001159382246139013,0,0.003035680317798192,45789.650549421705,45716.849450578295,0.0015911678152570395,0,7194.812227074236,14226.51368727846,45753.25,1.1147991776713473,0.8899876390385665,-0.0002839667977282412,0,0.9595999999999999,32711.0,3843.0,0.0,923.0,0.0,379.0,-544.0,0.0
2026-06-15 15:58:00,45765.0,45780.0,45757.0,45780.0,21,15:58:00,2026-06-15,0,0.0002840474577752161,21,45628.159211755716,0.003327786850650782,14.040643868131156,13.293347069733377,0.7472967983977785,19.785714285714285,59.487179482908616,67.4999999949375,15.0,0.0,8.0,13.0,1,45750.0,44704.0,0.023398353614888526,0.0006557377049180185,0.0005256147014760351,45791.0,45714.0,-0.000240221877661544,0.0014437590234938655,0,0.0033184927478127116,45791.84736829954,45720.052631700455,0.0015690797939739516,0,6916.402877697842,5506.775289199792,45755.95,1.4645048825930675,0.5128205128079898,0.0002840474577752161,-1,0.9595999999999999,32711.0,3843.0,0.0,923.0,0.0,379.0,-544.0,0.0
2026-06-15 15:59:00,45781.0,45781.0,45765.0,45765.0,27,15:59:00,2026-06-15,0,-0.000327653997378774,27,45628.22439380561,0.0029976096596244653,13.061922165259602,13.247062088838623,-0.18513992357902076,19.642857142857142,51.794871791153184,31.707317070850678,16.0,0.0,0.0,12.8,1,45750.0,44704.0,0.023398353614888526,0.00032786885245900924,0.00017374371818106534,45791.0,45720.0,-0.0005677971653818313,0.0009842519685039155,0,0.0029891701102755614,45792.623348958114,45721.47665104189,0.0015548794757577226,0,8292.986577181207,-166.21450624458907,45757.05,1.2786549860999976,0.6561360874688668,-0.000327653997378774,1,0.9595999999999999,32711.0,3843.0,0.0,923.0,0.0,379.0,-544.0,0.0
2026-06-15 16:00:00,45765.0,45770.0,45761.0,45761.0,34,16:00:00,2026-06-15,0,-8.74030372555179e-05,34,45628.30273563453,0.002908222669037336,11.827175279358926,12.963084726942684,-1.1359094475837583,18.928571428571427,48.14814814458162,40.624999996191406,4.0,5.0,0.0,12.8,0,45750.0,44704.0,0.023398353614888526,0.0002404371584699401,4.91709235938471e-05,45791.0,45720.0,-0.0006551505754405745,0.0008967629046369008,0,0.002899932020989879,45791.40690864749,45726.09309135251,0.0014273514310373966,1,9724.2125,3515.5890009298296,45758.75,1.2021003972395403,0.8272506082523784,-8.74030372555179e-05,0,0.9595999999999999,32711.0,3843.0,0.0,923.0,0.0,379.0,-544.0,0.0
2026-06-15 16:01:00,45760.0,45770.0,45750.0,45765.0,89,16:01:00,2026-06-15,0,8.741067721418361e-05,89,45628.50386060042,0.002991466470533196,11.044086690351833,12.579285119624513,-1.5351984292726808,19.714285714285715,50.531914889854015,17.391304345557657,5.0,5.0,10.0,11.8,0,45750.0,44704.0,0.023398353614888526,0.00032786885245900924,0.0001201936209967303,45791.0,45720.0,-0.0005677971653818313,0.0009842519685039155,0,0.0029829027720928037,45791.99939267918,45727.00060732082,0.0014204435222928016,1,19676.739130434784,18449.382545199973,45759.5,0.7758553805577003,2.067363530730143,8.741067721418361e-05,0,0.9595999999999999,32711.0,3843.0,0.0,923.0,0.0,379.0,-544.0,0.0
2026-06-15 16:02:00,45770.0,45782.0,45762.0,45782.0,25,16:02:00,2026-06-15,0,0.0003714629083360066,25,45628.56603432701,0.0033626734085300783,11.660822562887915,12.395592608277195,-0.7347700453892791,19.857142857142858,58.94736841670914,83.99999998992,12.0,0.0,8.0,10.4,1,45750.0,44704.0,0.023398353614888526,0.000699453551912553,0.00045562666148027506,45791.0,45720.0,-0.00019654517263217235,0.001356080489938728,0,0.003352930721211992,45794.73743496716,45727.562565032844,0.0014679454064050782,0,5839.540816326531,-2958.4586180393944,45761.15,0.8960367855879137,0.5820721769363895,0.0003714629083360066,-1,0.9595999999999999,32711.0,3843.0,0.0,923.0,0.0,379.0,-544.0,0.0
2026-06-15 16:03:00,45781.0,45820.0,45781.0,45820.0,161,16:03:00,2026-06-15,0,0.0008300205320868059,161,45629.051294178586,0.0041848055220418704,15.042472348352021,12.92496855629216,2.1175037920598605,21.214285714285715,71.42857142380953,99.99999999491526,39.0,0.0,0.0,15.2,1,45750.0,44704.0,0.023398353614888526,0.0015300546448087098,0.0012149181459824084,45820.0,45720.0,0.0,0.002187226596675368,0,0.0041724289146456706,45806.88293773032,45721.917062269684,0.0018565932353670853,0,21955.416666666668,12578.092227691104,45764.4,1.2347365258013943,3.191278493494722,0.0008300205320868059,0,0.9595999999999999,32711.0,3843.0,0.0,923.0,0.0,379.0,-544.0,0.0
2026-06-15 16:04:00,45822.0,45843.0,45819.0,45841.0,88,16:04:00,2026-06-15,0,0.00045831514622429737,88,45629.355985089984,0.00463833009125023,19.195702552373405,14.179115355508412,5.016587196864993,22.214285714285715,73.45132742907823,99.99999999605264,19.0,2.0,3.0,15.8,1,45750.0,44704.0,0.023398353614888526,0.001989071038251323,0.0015665522522738064,45843.0,45720.0,-4.362716227122912e-05,0.0026465441819771953,0,0.0046241479531041905,45822.615742696216,45715.98425730379,0.0023297600223823505,0,10161.229219143577,-4835.918110320014,45769.3,2.1416317923060593,1.640260950575205,0.00045831514622429737,0,0.9595999999999999,32711.0,3843.0,0.0,923.0,0.0,379.0,-544.0,0.0
2026-06-15 16:05:00,45841.0,45841.0,45812.0,45823.0,55,16:05:00,2026-06-15,0,-0.0003926615911520326,55,45629.53761683293,0.004239849739255202,20.7950059594732,15.50229347630137,5.292712483171831,22.928571428571427,69.45606694153814,76.6233766203913,18.0,0.0,11.0,18.6,0,45750.0,44704.0,0.023398353614888526,0.0015956284153005116,0.0011021889757069682,45843.0,45720.0,-0.0004362716227122912,0.0022528433945756287,0,0.00422660269456398,45830.67319039208,45714.426809607925,0.002539652712906608,0,6029.3421052631575,325.0277631521451,45772.55,2.4911961347128413,1.0156971375620372,-0.0003926615911520326,0,0.9595999999999999,32711.0,3843.0,0.0,923.0,0.0,379.0,-544.0,0.0
2026-06-15 16:06:00,45821.0,45821.0,45796.0,45802.0,42,16:06:00,2026-06-15,0,-0.00045828514064993886,42,45629.6626533751,0.0037768709344633317,20.135827649261046,16.429000310893304,3.7068273383677415,22.0,57.657657654021584,34.999999998250004,19.0,0.0,6.0,21.4,0,45750.0,44704.0,0.023398353614888526,0.0011366120218578987,0.0006062360388209396,45843.0,45720.0,-0.0008943568265601969,0.0017935258092738016,0,0.003764940913830361,45833.78459850581,45714.71540149419,0.00260122660691577,0,5185.132075471698,-7638.335835664685,45774.25,2.1523280104182607,0.7828518173199842,-0.00045828514064993886,1,0.9595999999999999,32711.0,3843.0,0.0,923.0,0.0,379.0,-544.0,0.0
2026-06-15 16:07:00,45801.0,45801.0,45780.0,45784.0,109,16:07:00,2026-06-15,0,-0.0003929959390419624,109,45629.95335182228,0.0033759983708500346,17.954011848960363,16.734002618506715,1.2200092304536483,21.714285714285715,48.858447485461106,0.0,17.0,0.0,4.0,22.4,0,45750.0,44704.0,0.023398353614888526,0.0007431693989070876,0.00019005883085412655,45843.0,45720.0,-0.001287001287001259,0.0013998250218722355,0,0.0033652788332947047,45834.739841310664,45715.86015868934,0.0025970268380834075,0,10968.035164835164,794.0042767380731,45775.3,1.310922386840087,1.9006102876739215,-0.0003929959390419624,0,0.9595999999999999,32711.0,3843.0,0.0,923.0,0.0,379.0,-544.0,0.0
2026-06-15 16:08:00,45787.0,45808.0,45787.0,45794.0,36,16:08:00,2026-06-15,0,0.00021841691420587672,36,45630.05396628087,0.0035929397287207663,16.837728679507563,16.754747830706886,0.08298084880067691,22.0,55.71428571057143,20.408163264056654,7.0,14.0,0.0,16.0,0,45750.0,44704.0,0.023398353614888526,0.0009617486338797604,0.0003582538184614549,45843.0,45720.0,-0.0010688654756451134,0.0016185476815397722,0,0.0035813593049684378,45836.14516923111,45719.05483076889,0.002557808588965324,0,4995.709090909091,-1714.3379763635958,45777.6,1.103281333462006,0.623376623365829,0.00021841691420587672,-1,0.9595999999999999,32711.0,3843.0,0.0,923.0,0.0,379.0,-544.0,0.0
2026-06-15 16:09:00,45794.0,45814.0,45789.0,45800.0,50,16:09:00,2026-06-15,0,0.00013102153120492233,50,45630.19742311587,0.003721276401887938,16.249897379457252,16.65377774045696,-0.4038803609997075,22.857142857142858,58.01886792069688,47.05882352525951,6.0,14.0,5.0,13.4,0,45750.0,44704.0,0.023398353614888526,0.0010928961748633641,0.0004128341171356967,45843.0,45720.0,-0.000937983988831426,0.0017497812773402943,0,0.003709010418800092,45835.91413569397,45726.285864306024,0.0023946185519340035,0,7842.465753424657,5124.910299823401,45781.1,1.4964745462784306,0.9090909090743802,0.00013102153120492233,0,0.9595999999999999,32711.0,3843.0,0.0,923.0,0.0,379.0,-544.0,0.0
2026-06-15 16:10:00,45805.0,45825.0,45805.0,45823.0,39,16:10:00,2026-06-15,0,0.0005021834061136321,39,45630.32005479145,0.0042226297114983805,17.438919610140147,16.8108061143936,0.6281134957465468,23.214285714285715,59.72850678354661,99.99999999230769,18.0,2.0,0.0,13.4,1,45750.0,44704.0,0.023398353614888526,0.0015956284153005116,0.0008190365945550269,45843.0,45720.0,-0.0004362716227122912,0.0022528433945756287,0,0.0042083180310042,45838.841008202755,45732.158991797245,0.0023300393444541934,0,6474.989130434783,-4096.491273847868,45785.5,2.22827594794509,0.7155963302620992,0.0005021834061136321,-1,0.9595999999999999,32711.0,3843.0,0.0,923.0,0.0,379.0,-544.0,0.0
2026-06-15 16:11:00,45823.0,45836.0,45823.0,45835.0,31,16:11:00,2026-06-15,0,0.0002618772232285682,31,45630.42451928719,0.004483313115492396,19.129020564549137,17.27444900442471,1.8545715601244268,22.571428571428573,65.45454545038017,99.99999999268293,12.0,1.0,0.0,12.0,0,45750.0,44704.0,0.023398353614888526,0.001857923497267719,0.0009663523746608002,45843.0,45737.0,-0.0001745086490849165,0.0021426853532150745,0,0.0044676158550101515,45841.70663789496,45739.79336210504,0.0022256301936508655,0,5361.830188679245,732.8711322210503,45790.75,2.872583971200206,0.5788982259462391,0.0002618772232285682,-1,0.9595999999999999,32711.0,3843.0,0.0,923.0,0.0,379.0,-544.0,0.0
2026-06-15 16:12:00,45833.0,45833.0,45802.0,45810.0,18,16:12:00,2026-06-15,0,-0.0005454347114650648,18,45630.48019909836,0.003934208014431149,18.240877203301352,17.46773464420004,0.7731425591013128,23.285714285714285,56.4655172379719,58.33333333041666,23.0,0.0,8.0,13.2,1,45750.0,44704.0,0.023398353614888526,0.001311475409836037,0.00037451261496065615,45843.0,45750.0,-0.0007198481774752805,0.001311475409836037,0,0.003920258313287656,45843.31843722649,45742.38156277351,0.002204205994013829,0,4738.9655172413795,-3957.301611203132,45792.85,2.5665613102350098,0.34155597722312037,-0.0005454347114650648,1,0.9595999999999999,32711.0,3843.0,0.0,923.0,0.0,379.0,-544.0,0.0
2026-06-15 16:13:00,45808.0,45825.0,45800.0,45825.0,32,16:13:00,2026-06-15,0,0.0003274394237067213,32,45630.5799958683,0.004260739270666767,18.53374633961357,17.680936983282745,0.8528093563308268,23.928571428571427,62.93103447896106,51.92307692008136,17.0,0.0,8.0,15.2,1,45750.0,44704.0,0.023398353614888526,0.0016393442622950462,0.0006627411717307128,45843.0,45750.0,-0.00039264446044106206,0.0016393442622950462,0,0.004245474179444487,45847.07046605427,45742.229533945734,0.0022893707476426247,0,8625.882352941177,3321.8483910597165,45794.65,1.998449290714627,0.6564102563967916,0.0003274394237067213,-1,0.9595999999999999,32711.0,3843.0,0.0,923.0,0.0,379.0,-544.0,0.0
2026-06-15 16:14:00,45829.0,45845.0,45826.0,45845.0,79,16:14:00,2026-06-15,0,0.0004364429896344113,79,45630.854984944795,0.004692987127369271,20.147433026577346,18.174236191941667,1.9731968346356794,24.714285714285715,66.93548386718913,58.33333333041666,16.0,0.0,3.0,17.2,0,45750.0,44704.0,0.023398353614888526,0.002076502732240392,0.0010175027948574084,45845.0,45750.0,0.0,0.002076502732240392,0,0.00467581869792831,45854.028088307205,45742.7719116928,0.002429259026830716,0,18199.773869346733,23943.211979694937,45798.4,1.6706430883969918,1.5236258437507497,0.0004364429896344113,0,0.9595999999999999,32711.0,3843.0,0.0,923.0,0.0,379.0,-544.0,0.0
2026-06-15 16:15:00,45845.0,45855.0,45839.0,45851.0,86,16:15:00,2026-06-15,0,0.00013087577707482367,86,45631.16740164144,0.004817597507940317,21.660749570197368,18.871538867592808,2.78921070260456,24.428571428571427,67.1999999962368,99.99999999268293,6.0,4.0,6.0,14.8,0,45750.0,44704.0,0.023398353614888526,0.0022076502732239957,0.001055615777689664,45855.0,45750.0,-8.723149056809319e-05,0.0022076502732239957,0,0.004799560688269243,45860.78695263208,45744.513047367924,0.0025385846728115716,0,16029.211382113821,23824.283641221045,45802.65,2.1400720854899644,1.563636363607934,0.00013087577707482367,0,0.9595999999999999,32711.0,3843.0,0.0,923.0,0.0,379.0,-544.0,0.0
2026-06-15 16:16:00,45851.0,45856.0,45846.0,45851.0,49,16:16:00,2026-06-15,0,0.0,49,45631.347186291685,0.004813638589532968,22.599550285907753,19.617141151255797,2.982409134651956,23.714285714285715,64.80686694889573,99.99999998846154,0.0,5.0,5.0,12.4,0,45750.0,44704.0,0.023398353614888526,0.0022076502732239957,0.0009780335413110438,45856.0,45750.0,-0.0001090369853454268,0.0022076502732239957,0,0.004795263822546082,45867.11789122967,45745.28210877033,0.0026598098610960473,0,8510.223484848484,-134.0835213840543,45806.2,2.5221286766021,0.8852755194058668,0.0,0,0.9595999999999999,32711.0,3843.0,0.0,923.0,0.0,379.0,-544.0,0.0
2026-06-15 16:17:00,45852.0,45857.0,45846.0,45847.0,42,16:17:00,2026-06-15,0,-8.723910056485096e-05,42,45631.50035303078,0.004722607087253087,22.758444860490272,20.245401893102695,2.5130429673875767,21.714285714285715,56.7839195939951,59.999999982,5.0,5.0,1.0,8.8,0,45750.0,44704.0,0.023398353614888526,0.0021202185792349266,0.0008033145456689146,45857.0,45750.0,-0.00021806921516888986,0.0021202185792349266,0,0.00470418480969773,45870.785216177195,45749.6147838228,0.0026450535547627753,0,6686.020833333333,-6326.316534847517,45810.2,2.576509223028672,0.7547169811185137,-8.723910056485096e-05,1,0.9595999999999999,32711.0,3843.0,0.0,923.0,0.0,379.0,-544.0,0.0
2026-06-15 16:18:00,45847.0,45857.0,45840.0,45856.0,72,16:18:00,2026-06-15,0,0.00019630510175150384,72,45631.76362535885,0.0049140413787673734,23.34152813276887,20.864627141035932,2.47690099173294,21.214285714285715,54.010695183122195,69.2307692147929,9.0,1.0,7.0,7.2,1,45750.0,44704.0,0.023398353614888526,0.002316939890710332,0.0009167503383245097,45857.0,45750.0,-2.1806921516888988e-05,0.002316939890710332,0,0.004894494578974665,45876.123815234074,45751.876184765926,0.002712001363516501,0,10065.951219512195,-3720.2455070595197,45814.0,2.4780225598297356,1.2371134020405994,0.00019630510175150384,0,0.9595999999999999,32711.0,3843.0,0.0,923.0,0.0,379.0,-544.0,0.0
2026-06-15 16:19:00,45852.0,45860.0,45845.0,45853.0,38,16:19:00,2026-06-15,0,-6.542219120730941e-05,38,45631.90337456507,0.0048452203192156625,23.29304319642688,21.35031035211412,1.9427328443127578,20.214285714285715,58.72093022777853,56.24999998945312,1.0,7.0,7.0,4.2,0,45750.0,44704.0,0.023398353614888526,0.0022513661202185303,0.0007551551341818526,45860.0,45750.0,-0.00015263846489314974,0.0022513661202185303,0,0.004825498608308636,45878.3382137861,45758.461786213906,0.002616338143020901,0,6071.128919860627,-2866.0758079154984,45818.4,2.663394911606806,0.6468085106272884,-6.542219120730941e-05,1,0.9595999999999999,32711.0,3843.0,0.0,923.0,0.0,379.0,-544.0,0.0
2026-06-15 16:20:00,45852.0,45852.0,45834.0,45834.0,45,16:20:00,2026-06-15,0,-0.0004143676531525031,45,45632.05915624168,0.004425415979298237,21.473939121555304,21.37503610600236,0.09890301555294556,19.642857142857142,59.411764700989615,29.032258061706557,18.0,0.0,0.0,6.6,1,45750.0,44704.0,0.023398353614888526,0.0018360655737704517,0.0002607914748466476,45860.0,45750.0,-0.0005669428696031276,0.0018360655737704517,0,0.004407066985399265,45875.846791122014,45768.25320887799,0.0023480743930928464,0,8384.268292682927,2539.9972594804626,45822.05,2.58676015385347,0.7588532883514528,-0.0004143676531525031,1,0.9595999999999999,32711.0,3843.0,0.0,923.0,0.0,379.0,-544.0,0.0
2026-06-15 16:21:00,45835.0,45847.0,45833.0,45847.0,35,16:21:00,2026-06-15,0,0.0002836322380765921,35,45632.18151639594,0.004707609333269978,20.84103491336282,21.268235867474452,-0.4272009541116333,19.071428571428573,69.09090908504683,37.14285713967347,12.0,0.0,2.0,9.0,1,45750.0,44704.0,0.023398353614888526,0.0021202185792349266,0.0004549803987460891,45860.0,45762.0,-0.0002834714348015638,0.0018574363008609358,0,0.004687683421017374,45873.78578926852,45778.51421073148,0.002078978455249595,1,6916.573275862069,-3128.74349872197,45826.15,2.6520277644391355,0.6183745582929616,0.0002836322380765921,-1,0.9595999999999999,32711.0,3843.0,0.0,923.0,0.0,379.0,-544.0,0.0
2026-06-15 16:22:00,45844.0,45844.0,45823.0,45831.0,57,16:22:00,2026-06-15,0,-0.00034898684755813036,57,45632.37133191593,0.004352801800268118,18.83131184524973,20.78085106302951,-1.9495392177797797,19.071428571428573,60.81871344531309,27.08333333164063,13.0,0.0,8.0,10.6,1,45750.0,44704.0,0.023398353614888526,0.0017704918032786499,5.236904465773345e-05,45860.0,45780.0,-0.0006323593545573348,0.001114023591087787,0,0.004334163995497723,45871.477549005365,45785.72245099463,0.00187121356556237,1,10576.384615384615,7420.78739389941,45828.6,2.2261798753332918,0.9793814432821413,-0.00034898684755813036,0,0.9595999999999999,32711.0,3843.0,0.0,923.0,0.0,379.0,-544.0,0.0
2026-06-15 16:23:00,45837.0,45839.0,45835.0,45838.0,5,16:23:00,2026-06-15,0,0.00015273504832968854,5,45632.38835279333,0.00450582699325403,17.600545203902584,20.144789891204127,-2.5442446873015427,17.857142857142858,61.04651162293808,55.555555550925924,1.0,1.0,2.0,9.0,0,45750.0,44704.0,0.023398353614888526,0.0019234972677595209,0.00018547005749571378,45860.0,45780.0,-0.00047972088966418493,0.0012669287898645421,0,0.004486447532848209,45872.37312982906,45786.62687017094,0.001870983965745106,1,1273.2777777777778,-8481.34895815657,45829.5,1.6258548013450052,0.09920634920438083,0.00015273504832968854,-1,0.9595999999999999,32711.0,3843.0,0.0,923.0,0.0,379.0,-544.0,0.0
2026-06-15 16:24:00,45836.0,45850.0,45836.0,45848.0,19,16:24:00,2026-06-15,0,0.0002181596055674806,19,45632.455319784814,0.004723495124351271,17.233414129303128,19.56251473882393,-2.3291006095208004,17.071428571428573,57.86163521503104,51.51515151046833,12.0,2.0,0.0,11.2,1,45750.0,44704.0,0.023398353614888526,0.0021420765027321937,0.000396030098287493,45860.0,45780.0,-0.00026166593981682816,0.0014853647881170494,0,0.004703150462311808,45873.229718742536,45786.47028125746,0.0018930770553486926,1,5410.633540372671,-2177.291666590058,45829.85,0.8073992687574867,0.40468583598712066,0.0002181596055674806,-1,0.9595999999999999,32711.0,3843.0,0.0,923.0,0.0,379.0,-544.0,0.0
2026-06-15 16:25:00,45841.0,45847.0,45837.0,45837.0,7,16:25:00,2026-06-15,0,-0.0002399232245681171,7,45632.47947760162,0.004481906850991132,15.871890761693066,18.824389943397755,-2.952499181704688,16.928571428571427,50.632911387918604,60.71428570778062,4.0,6.0,0.0,8.4,0,45750.0,44704.0,0.023398353614888526,0.0019016393442622536,0.00014073581922968302,45860.0,45780.0,-0.0005015263846489206,0.0012450851900392913,0,0.004462536940935139,45873.916127920456,45787.18387207955,0.0018924550510719374,1,2608.609756097561,-7533.552484179682,45830.55,0.42549848784478816,0.1571268237899635,-0.0002399232245681171,1,0.9595999999999999,32711.0,3843.0,0.0,923.0,0.0,379.0,-544.0,0.0
2026-06-15 16:26:00,45837.0,45852.0,45837.0,45852.0,17,16:26:00,2026-06-15,0,0.0003272465475490094,17,45632.540004204566,0.004809287315043354,15.820875123114092,18.22368697934102,-2.402811856226929,15.642857142857142,64.18918918311724,69.4444444386574,15.0,0.0,0.0,9.0,1,45750.0,44704.0,0.023398353614888526,0.002229508196721263,0.0004134571013710996,45860.0,45780.0,-0.00017444395987788544,0.0015727391874180523,0,0.004788247690158727,45875.23493118679,45790.86506881322,0.0018408083767841592,1,7423.657142857143,48303.51610952858,45833.05,0.7746102401298094,0.392609699759986,0.0003272465475490094,-1,0.9595999999999999,32711.0,3843.0,0.0,923.0,0.0,379.0,-544.0,0.0
2026-06-15 16:27:00,45851.0,45866.0,45844.0,45866.0,78,16:27:00,2026-06-15,0,0.0003053301927942176,78,45632.83236090392,0.005109646432901246,16.71741984932305,17.922433553337427,-1.2050137040143767,15.428571428571429,63.94557822520246,72.4999999945625,15.0,0.0,7.0,9.4,1,45750.0,44704.0,0.023398353614888526,0.0025355191256830048,0.0006294021334222986,45866.0,45787.0,0.0,0.0017253805665363156,0,0.005086870346347303,45874.97661271855,45799.32338728145,0.001650478387881796,1,28393.238095238095,42476.73471761763,45837.15,1.592848329200927,1.8682634730091436,0.0003053301927942176,0,0.9595999999999999,32711.0,3843.0,0.0,923.0,0.0,379.0,-544.0,0.0
2026-06-15 16:28:00,45865.0,45883.0,45865.0,45874.0,93,16:28:00,2026-06-15,0,0.00017442113984222907,93,45633.20355383436,0.005276781540913734,17.867505662172334,17.91144797510441,-0.0439423129320744,15.285714285714286,60.7407407344417,99.9999999918919,9.0,9.0,0.0,11.0,0,45750.0,44704.0,0.023398353614888526,0.002710382513661143,0.0007166050589917101,45883.0,45789.0,-0.00019615107992066352,0.0018563410426084464,0,0.005252844794810606,45876.609539556346,45805.69046044366,0.0015470615181488207,1,19935.89719626168,66423.45563441221,45841.15,2.3128677268761875,2.08520179367522,0.00017442113984222907,0,0.9595999999999999,32711.0,3843.0,0.0,923.0,0.0,379.0,-544.0,0.0
2026-06-15 16:29:00,45880.0,45880.0,45860.0,45866.0,50,16:29:00,2026-06-15,0,-0.00017439072241354214,50,45633.39823833226,0.005097182560301858,17.92677510913927,17.914513401911382,0.012261707227889218,15.571428571428571,55.47445254907561,73.333333326,14.0,0.0,6.0,11.4,1,45750.0,44704.0,0.023398353614888526,0.0025355191256830048,0.00047006780537235026,45883.0,45800.0,-0.0003705075954056978,0.0014410480349344665,0,0.005073716920319401,45875.83538040939,45813.0646195906,0.0013692117763173227,1,9360.408163265307,2608.8907167158936,45844.45,2.487288103234277,1.1210762331587203,-0.00017439072241354214,0,0.9595999999999999,32711.0,3843.0,0.0,923.0,0.0,379.0,-544.0,0.0
2026-06-15 16:30:00,45863.0,45880.0,45863.0,45880.0,27,16:30:00,2026-06-15,0,0.00030523699472384536,27,45633.5057630854,0.005401606402854847,18.88572666890832,18.10875605531077,0.7769706135975483,16.071428571428573,59.602649001096445,73.333333326,17.0,0.0,0.0,14.0,1,45750.0,44704.0,0.023398353614888526,0.0028415300546447467,0.0007132372026269023,45883.0,45800.0,-6.538369330688785e-05,0.0017467248908296564,0,0.005376417737022588,45880.767030095936,45813.83296990407,0.001459934613202198,1,4674.566037735849,-8353.634051158177,45847.3,2.2143610586612508,0.6136363636224174,0.00030523699472384536,-1,0.9595999999999999,32711.0,3843.0,0.0,923.0,0.0,379.0,-544.0,0.0
2026-06-15 16:31:00,45870.0,45875.0,45860.0,45865.0,21,16:31:00,2026-06-15,0,-0.00032693984306886303,21,45633.58666688697,0.005071118665343564,18.225238840590464,18.13205261236671,0.09318622822375389,16.714285714285715,55.55555555075446,37.83783783476991,5.0,5.0,5.0,12.0,0,45750.0,44704.0,0.023398353614888526,0.0025136612021857377,0.0003533353108477591,45883.0,45800.0,-0.00039230215984132705,0.0014192139737990957,0,0.0050473149376433785,45882.63302650354,45814.96697349646,0.0014758522143890104,1,3580.539033457249,-8203.973968059656,45848.8,1.6688063017619443,0.4827586206785573,-0.00032693984306886303,1,0.9595999999999999,32711.0,3843.0,0.0,923.0,0.0,379.0,-544.0,0.0
2026-06-15 16:32:00,45866.0,45870.0,45860.0,45863.0,11,16:32:00,2026-06-15,0,-4.360623569166222e-05,11,45633.62859864755,0.0050263677992778396,17.340523432758346,17.97374677644504,-0.6332233436866943,16.214285714285715,52.25806451140894,45.1612903182102,3.0,4.0,3.0,9.6,0,45750.0,44704.0,0.023398353614888526,0.002469945355191203,0.0002519004306298418,45883.0,45800.0,-0.0004358912887125856,0.0013755458515283543,0,0.0050024895908950835,45880.4434656571,45822.45653434289,0.0012646695211211516,1,2497.490099009901,-7331.8576973905465,45851.45,1.5269023840399438,0.2549246813382405,-4.360623569166222e-05,1,0.9595999999999999,32711.0,3843.0,0.0,923.0,0.0,379.0,-544.0,0.0
2026-06-15 16:33:00,45868.0,45871.0,45862.0,45862.0,11,16:33:00,2026-06-15,0,-2.1804068639164065e-05,11,45633.67063629707,0.005003528327202085,16.369985453035042,17.65299451176304,-1.2830090587279983,15.785714285714286,52.941176465743936,0.0,6.0,3.0,0.0,9.0,0,45750.0,44704.0,0.023398353614888526,0.0024480874316939356,0.00018973552612346113,45883.0,45823.0,-0.0004576858531482149,0.000851100975492638,0,0.004979562293290175,45879.80203563719,45826.79796436281,0.001155948890796916,1,4204.016666666666,-1006.6161591699231,45853.3,1.3086921149118922,0.26128266032633535,-2.1804068639164065e-05,1,0.9595999999999999,32711.0,3843.0,0.0,923.0,0.0,379.0,-544.0,0.0
2026-06-15 16:34:00,45860.0,45875.0,45860.0,45866.0,28,16:34:00,2026-06-15,0,8.721817626788919e-05,28,45633.77849686044,0.005088807256132261,15.742128227284411,17.270821254867315,-1.5286930275829036,15.5,61.59420289230204,57.14285711836734,6.0,9.0,0.0,7.4,0,45750.0,44704.0,0.023398353614888526,0.0025355191256830048,0.0002540653176852622,45883.0,45823.0,-0.0003705075954056978,0.0009383933832354727,0,0.005064328752660451,45881.130000359044,45827.56999964095,0.0011680462315590532,1,13104.57142857143,26599.43742023137,45854.35,1.2105006019777256,0.7079646017520111,8.721817626788919e-05,-1,0.9595999999999999,32711.0,3843.0,0.0,923.0,0.0,379.0,-544.0,0.0
2026-06-15 16:35:00,45875.0,45878.0,45874.0,45874.0,13,16:35:00,2026-06-15,0,0.00017442113984222907,13,45633.83032923984,0.005262974180062743,15.708996460933122,16.958456296080477,-1.2494598351473556,15.357142857142858,60.150375933518006,92.30769228639053,1.0,3.0,0.0,4.2,0,45750.0,44704.0,0.023398353614888526,0.002710382513661143,0.00040344124477978866,45883.0,45823.0,-0.00019615107992066352,0.0011129781987211421,0,0.005237532482693535,45883.61629979153,45827.38370020847,0.0012262999985402036,1,7099.547619047619,18426.729787085635,45855.5,0.8832872242868895,0.36211699163336725,0.00017442113984222907,-1,0.9595999999999999,32711.0,3843.0,0.0,923.0,0.0,379.0,-544.0,0.0
2026-06-15 16:36:00,45873.0,45874.0,45863.0,45874.0,22,16:36:00,2026-06-15,0,0.0,22,45633.91617991618,0.005261082987864983,15.5040186216429,16.66756876119296,-1.1635501395500611,14.428571428571429,68.37606836788663,99.999999975,1.0,0.0,10.0,3.4,0,45750.0,44704.0,0.023398353614888526,0.002710382513661143,0.00037835297606777135,45883.0,45823.0,-0.00019615107992066352,0.0011129781987211421,0,0.005235528981812096,45885.85183841128,45827.44816158872,0.0012736141175284722,1,11873.270588235295,18242.68201022505,45856.65,0.7305908189810864,0.6367583212550867,0.0,0,0.9595999999999999,32711.0,3843.0,0.0,923.0,0.0,379.0,-544.0,0.0
2026-06-15 16:37:00,45869.0,45869.0,45860.0,45863.0,14,16:37:00,2026-06-15,0,-0.00023978724331863432,14,45633.969317057075,0.005018863937775241,14.289246598018508,16.19190432855807,-1.9026577305395627,14.857142857142858,60.3305785054163,42.10526315124654,6.0,0.0,3.0,4.0,1,45750.0,44704.0,0.023398353614888526,0.002469945355191203,0.00012102722676474139,45883.0,45823.0,-0.0004358912887125856,0.0008729240774283467,0,0.004994405117225656,45886.414406437594,45828.4855935624,0.001263236679649498,1,7296.386363636364,-4432.1823850505225,45857.45,0.6760536350419415,0.42232277525121203,-0.00023978724331863432,1,0.9595999999999999,32711.0,3843.0,0.0,923.0,0.0,379.0,-544.0,0.0
2026-06-15 16:38:00,45866.0,45866.0,45854.0,45862.0,34,16:38:00,2026-06-15,0,-2.1804068639164065e-05,34,45634.09639375254,0.004994151835088341,13.09488963822514,15.572501390491485,-2.477611752266345,14.714285714285714,56.249999992968746,0.0,4.0,0.0,8.0,3.6,1,45750.0,44704.0,0.023398353614888526,0.0024480874316939356,9.26779006819983e-05,45883.0,45823.0,-0.0004576858531482149,0.000851100975492638,0,0.004969794772910958,45886.775397196034,45828.724602803966,0.0012658884134539136,1,14047.81981981982,9786.922454228554,45857.75,0.4906717841916455,1.087999999965184,-2.1804068639164065e-05,0,0.9595999999999999,32711.0,3843.0,0.0,923.0,0.0,379.0,-544.0,0.0
2026-06-15 16:39:00,45859.0,45865.0,45853.0,45853.0,19,16:39:00,2026-06-15,0,-0.0001962408966028617,19,45634.16619693548,0.00479539391867333,11.291961653907492,14.716393443174688,-3.424431789267196,14.785714285714286,57.272727265438014,0.0,6.0,6.0,0.0,3.6,1,45750.0,44704.0,0.023398353614888526,0.0022513661202185303,-0.00010358118311517458,45883.0,45823.0,-0.0006538369330688784,0.00065469305807126,0,0.004772013521477014,45886.775397196034,45828.724602803966,0.0012658884134539136,1,8541.245098039215,-2806.324900484992,45857.75,0.23987796753547083,0.6270627062499319,-0.0001962408966028617,1,0.9595999999999999,32711.0,3843.0,0.0,923.0,0.0,379.0,-544.0,0.0
2026-06-15 16:40:00,45852.0,45863.0,45849.0,45863.0,31,16:40:00,2026-06-15,0,0.00021808823850122394,31,45634.280673431735,0.005012006833306364,10.548448712863319,13.882804497112415,-3.3343557842490963,14.714285714285714,55.23809523073016,49.9999999925,11.0,0.0,3.0,5.6,1,45750.0,44704.0,0.023398353614888526,0.002469945355191203,8.286232642529368e-05,45883.0,45823.0,-0.0004358912887125856,0.0008729240774283467,0,0.004987425131015378,45886.045366125036,45832.35463387496,0.0011707734162409343,1,11847.941666666668,6238.0952380952385,45859.2,0.3816173816904342,1.0472972972619157,0.00021808823850122394,0,0.9595999999999999,32711.0,3843.0,0.0,923.0,0.0,379.0,-544.0,0.0
2026-06-15 16:41:00,45861.0,45864.0,45855.0,45860.0,24,16:41:00,2026-06-15,0,-6.541220591760322e-05,24,45634.3697470689,0.004944305228310664,9.606397847805056,13.027523167250944,-3.4211253194458884,13.785714285714286,46.80851063132639,45.45454544834711,1.0,3.0,5.0,5.6,0,45750.0,44704.0,0.023398353614888526,0.002404371584699401,3.2708349460683352e-06,45883.0,45823.0,-0.0005012749820194735,0.0008074547716212207,0,0.004919995441134125,45886.073934392436,45833.62606560756,0.0011436554804447438,1,9021.639344262296,-3577.907846216945,45859.85,0.457937862193096,0.8261617899887724,-6.541220591760322e-05,0,0.9595999999999999,32711.0,3843.0,0.0,923.0,0.0,379.0,-544.0,0.0
2026-06-15 16:42:00,45860.0,45866.0,45857.0,45857.0,14,16:42:00,2026-06-15,0,-6.541648495417274e-05,14,45634.42175101248,0.004877420167651777,8.51953294955456,12.125925123711667,-3.606392174157108,13.142857142857142,40.449438195884355,62.49999998828125,3.0,6.0,0.0,5.0,0,45750.0,44704.0,0.023398353614888526,0.0023387978142075994,-9.04905350171412e-05,45883.0,45835.0,-0.0005666586753263613,0.00047998254608922267,0,0.004853307188928215,45883.66806288452,45838.63193711548,0.0009820103893826769,1,5262.2786885245905,-3838.9794132794127,45861.15,0.7414232054563199,0.5204460966349277,-6.541648495417274e-05,1,0.9595999999999999,32711.0,3843.0,0.0,923.0,0.0,379.0,-544.0,0.0
2026-06-15 16:43:00,45857.0,45858.0,45855.0,45858.0,8,16:43:00,2026-06-15,0,2.1806921516986932e-05,8,45634.451061728396,0.004898688010275638,7.650684007057862,11.230876900380906,-3.5801928933230442,11.928571428571429,45.121951211808444,14.285714279591843,1.0,0.0,2.0,4.4,0,45750.0,44704.0,0.023398353614888526,0.0023606557377048665,-9.048856191873614e-05,45883.0,45836.0,-0.000544864110890732,0.00047997207435202725,0,0.004874366733168839,45881.95191373706,45842.348086262944,0.0008635405770142501,1,3821.5,-6774.545226913536,45862.15,0.6432733235652531,0.29574861366744,2.1806921516986932e-05,-1,0.9595999999999999,32711.0,3843.0,0.0,923.0,0.0,379.0,-544.0,0.0
2026-06-15 16:44:00,45861.0,45865.0,45845.0,45850.0,40,16:44:00,2026-06-15,0,-0.00017445156788342686,40,45634.59508691123,0.00472021089873874,6.244597980803519,10.233621116465429,-3.9890231356619097,12.142857142857142,30.263157889162045,8.333333331250003,11.0,4.0,5.0,5.4,1,45750.0,44704.0,0.023398353614888526,0.0021857923497267282,-0.00026710420879917,45883.0,45837.0,-0.0007192206263757663,0.00028361367454239405,0,0.004696780316900452,45881.769221249226,45842.730778750774,0.0008512107996980192,1,15675.213675213676,7375.127819959916,45862.25,0.5233335913661853,1.4234875444333277,-0.00017445156788342686,0,0.9595999999999999,32711.0,3843.0,0.0,923.0,0.0,379.0,-544.0,0.0
2026-06-15 16:45:00,45856.0,45856.0,45831.0,45831.0,41,16:45:00,2026-06-15,0,-0.00041439476553983834,41,45634.73308017294,0.004300823223447931,3.556130604330974,8.89812301403854,-5.341992409707565,12.5,28.749999994968746,3.5714285710459137,25.0,0.0,0.0,8.2,1,45750.0,44704.0,0.023398353614888526,0.0017704918032786499,-0.0006748513746143899,45883.0,45831.0,-0.0011333173506527226,0.0,0,0.004279515367904229,45883.210044023006,45840.68995597699,0.0009271321443160833,1,14795.83464566929,18116.782712277196,45861.95,0.17443958557420267,1.3758389261283275,-0.00041439476553983834,0,0.9595999999999999,32711.0,3843.0,0.0,923.0,0.0,379.0,-544.0,0.0
2026-06-15 16:46:00,45835.0,45854.0,45834.0,45852.0,18,16:46:00,2026-06-15,0,0.00045820514498928766,18,45634.795773143356,0.004759618689571663,3.084469490517222,7.735392309334276,-4.650922818817054,13.428571428571429,44.44444443815937,43.74999999726562,17.0,2.0,1.0,11.4,1,45750.0,44704.0,0.023398353614888526,0.002229508196721263,-0.00021695544999715175,45883.0,45831.0,-0.0006756314975045077,0.0004582051449891895,0,0.004736044299395012,45883.210044023006,45840.68995597699,0.0009271321443160833,1,6820.9586776859505,7848.904036859742,45861.95,-0.04360894550394292,0.6030150753566829,0.00045820514498928766,-1,0.9595999999999999,32711.0,3843.0,0.0,923.0,0.0,379.0,-544.0,0.0
2026-06-15 16:47:00,45852.0,45852.0,45823.0,45827.0,50,16:47:00,2026-06-15,0,-0.0005452324871325631,50,45634.959326097305,0.004208192068944568,0.685481786080345,6.3254102046834895,-5.639928418603144,14.857142857142858,35.77235771950559,32.30769230620119,25.0,0.0,4.0,15.8,1,45750.0,44704.0,0.023398353614888526,0.0016830601092895808,-0.0007195813344962774,45883.0,45823.0,-0.0012204956083952396,8.729240774283467e-05,0,0.004187541951650472,45886.2618394006,45833.7381605994,0.001145304814679371,1,14594.585987261147,-689.3862567636087,45860.0,-0.4905995671821596,1.757469244226451,-0.0005452324871325631,0,0.9595999999999999,32711.0,3843.0,0.0,923.0,0.0,379.0,-544.0,0.0
2026-06-15 16:48:00,45827.0,45827.0,45808.0,45820.0,113,16:48:00,2026-06-15,0,-0.0001527483797760798,113,45635.298952118705,0.0040473285400208,-1.760283301860909,4.70827150337461,-6.468554805235519,15.142857142857142,31.746031742504414,39.62264150719117,7.0,0.0,12.0,17.0,0,45750.0,44704.0,0.023398353614888526,0.0015300546448087098,-0.0008133928513018014,45880.0,45808.0,-0.001307759372275473,0.00026196297589940054,0,0.004027734905484871,45888.19609067875,45826.403909321256,0.0013474884338478851,0,19762.06106870229,3356.5030577620046,45857.3,-1.0139124045083516,3.837011884419796,-0.0001527483797760798,0,0.9595999999999999,32711.0,3843.0,0.0,923.0,0.0,379.0,-544.0,0.0
2026-06-15 16:49:00,45820.0,45825.0,45816.0,45825.0,25,16:49:00,2026-06-15,0,0.00010912265386298081,25,45635.375422557896,0.004155210200119601,-3.257560412901512,3.115105120119386,-6.372665533020898,14.928571428571429,30.081300809584235,13.513513512417816,5.0,0.0,4.0,15.8,0,45750.0,44704.0,0.023398353614888526,0.0016393442622950462,-0.0006596845508420376,45880.0,45808.0,-0.00119877942458585,0.00037111421585748404,0,0.004135286089206796,45889.02245838765,45821.47754161235,0.001473002911886739,0,4638.1578947368425,-3200.137819467975,45855.25,-1.4609060452067761,0.8865248226635984,0.00010912265386298081,0,0.9595999999999999,32711.0,3843.0,0.0,923.0,0.0,379.0,-544.0,0.0
2026-06-15 16:50:00,45825.0,45828.0,45815.0,45815.0,44,16:50:00,2026-06-15,0,-0.00021822149481720565,44,45635.50793754741,0.003933166750290667,-5.191238372681255,1.4538364215592576,-6.645074794240513,15.071428571428571,27.81954886925209,22.72727272417356,10.0,3.0,0.0,12.8,0,45750.0,44704.0,0.023398353614888526,0.0014207650273223734,-0.0008069440809561022,45878.0,45808.0,-0.0013732072017088501,0.00015281173594131696,0,0.003914596145262743,45888.16919303072,45815.83080696928,0.0015776495258972279,0,8063.44,-4475.047111964563,45852.0,-1.7444395987788923,1.5146299483127494,-0.00021822149481720565,0,0.9595999999999999,32711.0,3843.0,0.0,923.0,0.0,379.0,-544.0,0.0
2026-06-15 16:51:00,45815.0,45828.0,45814.0,45821.0,38,16:51:00,2026-06-15,0,0.00013096147549918058,38,45635.623264996706,0.004062105910701499,-6.168436336927698,-0.07061813013813345,-6.097818206789564,15.071428571428571,33.593749996325684,52.38095237346938,6.0,7.0,1.0,10.6,0,45750.0,44704.0,0.023398353614888526,0.001551912568305977,-0.0006281379635244272,45878.0,45808.0,-0.0012424255634508644,0.00028379322389101723,0,0.004043130722561275,45887.9388046382,45811.661195361805,0.0016636410469924503,0,6448.881481481481,-6736.736386421379,45849.8,-1.6355084141456213,1.2709030099909397,0.00013096147549918058,0,0.9595999999999999,32711.0,3843.0,0.0,923.0,0.0,379.0,-544.0,0.0
2026-06-15 16:52:00,45819.0,45832.0,45817.0,45817.0,19,16:52:00,2026-06-15,0,-8.729621789138609e-05,19,45635.68118573283,0.003973180843498697,-7.1828400258746115,-1.493062509285429,-5.689777516589182,15.285714285714286,32.82442747740808,29.999999995500005,2.0,13.0,0.0,6.0,0,45750.0,44704.0,0.023398353614888526,0.001464480874316908,-0.0006652489230601306,45878.0,45808.0,-0.0013296133222895216,0.0001964722319245504,0,0.003954824456451663,45887.77536792304,45807.22463207696,0.0017569275499443324,0,3642.355648535565,-2146.9778925190667,45847.5,-1.6901009153804636,0.6270627062499319,-8.729621789138609e-05,1,0.9595999999999999,32711.0,3843.0,0.0,923.0,0.0,379.0,-544.0,0.0
2026-06-15 16:53:00,45817.0,45817.0,45806.0,45808.0,46,16:53:00,2026-06-15,0,-0.00019643363816923554,46,45635.81249455195,0.0037730785546680043,-8.613693741986935,-2.9171887558257303,-5.696504986161205,15.214285714285714,32.82442747740808,31.578947363434906,9.0,0.0,2.0,6.4,1,45750.0,44704.0,0.023398353614888526,0.0012677595628415024,-0.0008027082678952053,45878.0,45806.0,-0.0015257857796765002,4.366240230537389e-05,0,0.0037558786481355385,45888.108440872544,45801.49155912746,0.0018893501933715435,0,12250.976744186046,5193.238548542615,45844.8,-1.5702695629410035,1.4352574102516302,-0.00019643363816923554,0,0.9595999999999999,32711.0,3843.0,0.0,923.0,0.0,379.0,-544.0,0.0
2026-06-15 16:54:00,45809.0,45809.0,45775.0,45794.0,162,16:54:00,2026-06-15,0,-0.0003056234718826767,162,45636.22670861452,0.0034571940487729325,-10.753380343026947,-4.484427073265974,-6.268953269760973,16.642857142857142,24.444444441909454,0.0,15.0,0.0,19.0,8.4,1,45750.0,44704.0,0.023398353614888526,0.0009617486338797604,-0.0010296414579024124,45878.0,45775.0,-0.0018309429356118004,0.0004150737302020663,0,0.0034417356305130433,45888.84164474458,45793.558355255416,0.0020785513793085612,0,24008.504854368934,27228.94415614773,45841.2,-1.8756897521921185,4.180645161182436,-0.0003056234718826767,0,0.9595999999999999,32711.0,3843.0,0.0,923.0,0.0,379.0,-544.0,0.0
2026-06-15 16:55:00,45791.0,45802.0,45790.0,45797.0,37,16:55:00,2026-06-15,0,6.551076560246116e-05,37,45636.32321652575,0.003520809130742198,-12.067911094927695,-6.001123877598318,-6.066787217329376,16.857142857142858,26.66666666390124,11.538461537130189,6.0,5.0,1.0,7.6,0,45750.0,44704.0,0.023398353614888526,0.0010273224043715623,-0.0008802864912565336,45874.0,45775.0,-0.0016785107032305517,0.0004806116876023926,0,0.003505368078090161,45886.25926075555,45788.44073924445,0.0021340352684240814,0,5610.890728476821,5404.56580820909,45837.35,-2.213861170184079,0.9261576970982188,6.551076560246116e-05,0,0.9595999999999999,32711.0,3843.0,0.0,923.0,0.0,379.0,-544.0,0.0
2026-06-15 16:56:00,45795.0,45825.0,45794.0,45812.0,44,16:56:00,2026-06-15,0,0.00032753237111604605,44,45636.447859518885,0.003846752951095307,-11.763706856720091,-7.153640473422673,-4.6100663832974185,18.428571428571427,34.69387754771623,56.24999999472656,17.0,13.0,1.0,9.8,1,45750.0,44704.0,0.023398353614888526,0.0013551912568305715,-0.00048544483655780374,45869.0,45775.0,-0.001242669340949198,0.0008083014746040239,0,0.0038301519165495537,45881.19845996322,45787.30154003678,0.0020486190987402926,0,6544.571428571428,-4657.918658055334,45834.25,-2.3012424527978985,1.0718635809726709,0.00032753237111604605,0,0.9595999999999999,32711.0,3843.0,0.0,923.0,0.0,379.0,-544.0,0.0
2026-06-15 16:57:00,45814.0,45815.0,45803.0,45810.0,15,16:57:00,2026-06-15,0,-4.365668383832233e-05,15,45636.49006651259,0.00380199996175266,-11.55085502500151,-8.033083383738441,-3.517771641263069,19.071428571428573,33.783783780588024,89.9999999865,4.0,1.0,7.0,10.2,0,45750.0,44704.0,0.023398353614888526,0.001311475409836037,-0.000471290550624418,45866.0,45775.0,-0.0012209479788950156,0.0007646095030038064,0,0.003785814448708021,45877.6909855129,45785.5090144871,0.0020113190686294326,0,2260.3618421052633,-9058.51619839878,45831.6,-2.0941860160725603,0.36496350364075514,-4.365668383832233e-05,1,0.9595999999999999,32711.0,3843.0,0.0,923.0,0.0,379.0,-544.0,0.0
2026-06-15 16:58:00,45804.0,45818.0,45803.0,45815.0,21,16:58:00,2026-06-15,0,0.00010914647456883309,21,45636.550032811065,0.003910242274243608,-10.853596695014858,-8.597186045993725,-2.2564106490211326,18.714285714285715,37.93103447909632,90.90909089669421,11.0,3.0,1.0,10.6,1,45750.0,44704.0,0.023398353614888526,0.0014207650273223734,-0.0003109367925506023,45866.0,45775.0,-0.001111934766493675,0.0008738394320043502,0,0.0038938007318237017,45873.57357099277,45784.92642900723,0.001934291789316541,0,3448.440860215054,-3854.0224233680697,45829.25,-1.7671178634887368,0.5191594561058305,0.00010914647456883309,-1,0.9595999999999999,32711.0,3843.0,0.0,923.0,0.0,379.0,-544.0,0.0
2026-06-15 16:59:00,45823.0,45826.0,45806.0,45806.0,21,16:59:00,2026-06-15,0,-0.0001964422132488819,21,45636.61018584781,0.0037117089429380594,-10.90157268497569,-9.05806337379012,-1.8435093111855707,18.357142857142858,40.74074073651577,31.249999994140623,17.0,3.0,0.0,11.0,1,45750.0,44704.0,0.023398353614888526,0.0012240437158469678,-0.0004560640148035542,45866.0,45775.0,-0.001308158548816088,0.0006772255598033714,0,0.003696296588950801,45870.904305988755,45782.89569401125,0.001920457460083617,0,6970.478260869565,650.7787972773413,45826.9,-1.603604291550215,0.5178791615162053,-0.0001964422132488819,1,0.9595999999999999,32711.0,3843.0,0.0,923.0,0.0,379.0,-544.0,0.0
2026-06-15 17:00:00,45810.0,45814.0,45806.0,45814.0,12,17:00:00,2026-06-15,0,0.00017464960922142225,12,45636.6442803868,0.0038862568098465655,-10.176749626560195,-9.281800624344134,-0.8949490022160607,17.285714285714285,34.426229504246166,59.09090908285124,4.0,0.0,4.0,10.6,0,45750.0,44704.0,0.023398353614888526,0.001398907103825106,-0.0002280441991119776,45866.0,45775.0,-0.001133737408973943,0.0008519934462042414,0,0.0038703294772375564,45865.33739347956,45783.562606520434,0.0017845230430288636,0,4865.203539823009,11524.003144963903,45824.45,-1.5600589985951736,0.30303030302265077,0.00017464960922142225,-1,0.9595999999999999,32711.0,3843.0,0.0,923.0,0.0,379.0,-544.0,0.0
2026-06-15 17:01:00,45811.0,45846.0,45811.0,45833.0,53,17:01:00,2026-06-15,0,0.0004147203911468722,53,45636.81077948734,0.004298924862664483,-7.977224442598526,-9.020885387995012,1.0436609453964856,17.714285714285715,52.586206890205105,74.99999999375,22.0,13.0,0.0,11.6,1,45750.0,44704.0,0.023398353614888526,0.0018142076502731844,0.00021604823767927618,45866.0,45775.0,-0.0007194872018488485,0.0012670671764063077,0,0.004281448014487293,45860.69563242095,45785.504367579044,0.001640903056360387,0,19911.05737704918,47739.30359880805,45823.1,-1.3419377362713671,1.2911084043534446,0.0004147203911468722,0,0.9595999999999999,32711.0,3843.0,0.0,923.0,0.0,379.0,-544.0,0.0
2026-06-15 17:02:00,45833.0,45850.0,45832.0,45850.0,56,17:02:00,2026-06-15,0,0.00037091178844939066,56,45636.999118036954,0.004667285011710103,-4.806915829045465,-8.178091476205102,3.371175647159637,17.642857142857142,61.904761897883596,99.99999999318182,17.0,0.0,1.0,14.2,1,45750.0,44704.0,0.023398353614888526,0.0021857923497267282,0.0005946827722037505,45865.0,45775.0,-0.00032704676768777224,0.0016384489350081567,0,0.004648365319912948,45859.12740765445,45786.37259234555,0.0015877444131768485,0,15752.147239263804,12598.37366926775,45822.75,-0.9055816561891498,1.2977983777219515,0.00037091178844939066,0,0.9595999999999999,32711.0,3843.0,0.0,923.0,0.0,379.0,-544.0,0.0
2026-06-15 17:03:00,45848.0,45852.0,45838.0,45849.0,39,17:03:00,2026-06-15,0,-2.1810250817932975e-05,39,45637.131556463995,0.004642457497002595,-2.3480482163795386,-7.0120828242399895,4.664034607860451,18.0,59.836065566904054,97.29729728940833,1.0,3.0,10.0,12.2,0,45750.0,44704.0,0.023398353614888526,0.002163934426229461,0.0005826857228903069,45865.0,45775.0,-0.00034884988553362373,0.0016166029492080479,0,0.004623697272637995,45857.02660133514,45787.57339866486,0.0015157074758420789,1,9879.06629834254,10305.556011130277,45822.3,-0.4691818450617911,0.8724832214569914,-2.1810250817932975e-05,0,0.9595999999999999,32711.0,3843.0,0.0,923.0,0.0,379.0,-544.0,0.0
2026-06-15 17:04:00,45843.0,45848.0,45838.0,45848.0,41,17:04:00,2026-06-15,0,-2.1810726515303358e-05,41,45637.26949825727,0.004617508980259443,-0.47459868262376403,-5.704585995916745,5.229987313292981,17.857142857142858,64.60176990350067,89.47368419639889,5.0,0.0,5.0,9.8,0,45750.0,44704.0,0.023398353614888526,0.0021420765027321937,0.0005630458598671026,45856.0,45775.0,-0.0001744591765526829,0.001594756963407939,0,0.0045988735098429,45856.6007343599,45787.7992656401,0.001501487678893627,1,9352.07960199005,-5303.072345735951,45822.2,-0.19640748879963496,0.916201117297962,-2.1810726515303358e-05,0,0.9595999999999999,32711.0,3843.0,0.0,923.0,0.0,379.0,-544.0,0.0
2026-06-15 17:05:00,45842.0,45847.0,45835.0,45847.0,25,17:05:00,2026-06-15,0,-2.1811202233434912e-05,25,45637.3528439475,0.0045937624114476125,0.9188401108549442,-4.379900774562407,5.298740885417351,17.785714285714285,62.0370370289952,0.0,5.0,0.0,7.0,10.0,0,45750.0,44704.0,0.023398353614888526,0.0021202185792349266,0.0005237544464570081,45854.0,45775.0,-0.0001526584376499291,0.0015729109776078303,0,0.004575151257065182,45858.97074832453,45787.02925167547,0.001569986614779848,1,5355.957943925234,-6599.855332373372,45823.0,0.05455805249575812,0.5688282138664658,-2.1811202233434912e-05,1,0.9595999999999999,32711.0,3843.0,0.0,923.0,0.0,379.0,-544.0,0.0
2026-06-15 17:06:00,45849.0,45852.0,45837.0,45838.0,54,17:06:00,2026-06-15,0,-0.00019630510175150384,54,45637.53205750923,0.004392611376052358,1.2821458309772424,-3.2474914534544777,4.52963728443172,17.785714285714285,59.29203539088417,0.0,11.0,3.0,1.0,7.8,1,45750.0,44704.0,0.023398353614888526,0.0019234972677595209,0.00034262793443359997,45852.0,45775.0,-0.00030533019279420083,0.0013762971054068515,0,0.004374899175527401,45856.39028258325,45788.20971741676,0.0014879341535996527,1,11512.8,1653.7329058430935,45822.3,0.0,1.1803278688266596,-0.00019630510175150384,0,0.9595999999999999,32711.0,3843.0,0.0,923.0,0.0,379.0,-544.0,0.0
2026-06-15 17:07:00,45842.0,45848.0,45833.0,45848.0,22,17:07:00,2026-06-15,0,0.0002181596055674806,22,45637.605218010554,0.00461011880409558,2.349896513915155,-2.1280138599805514,4.477910373895707,18.071428571428573,67.54385964082795,49.9999999925,6.0,0.0,9.0,5.6,1,45750.0,44704.0,0.023398353614888526,0.0021420765027321937,0.0005379353539189283,45852.0,45775.0,-8.723719794120023e-05,0.001594756963407939,0,0.004591431704348134,45859.29308363708,45787.40691636292,0.0015687671738133665,1,5572.685082872928,-4041.2343349952835,45823.35,0.25097005381702653,0.4960541149831781,0.0002181596055674806,-1,0.9595999999999999,32711.0,3843.0,0.0,923.0,0.0,379.0,-544.0,0.0
2026-06-15 17:08:00,45850.0,45850.0,45838.0,45841.0,18,17:08:00,2026-06-15,0,-0.00015267841563426643,18,45637.665037861625,0.00445541992496069,2.601269310929638,-1.1821572257985136,3.783426536728151,16.5,71.96261681301424,38.46153845710059,9.0,0.0,3.0,7.2,1,45750.0,44704.0,0.023398353614888526,0.001989071038251323,0.00036225242447251207,45852.0,45775.0,-0.00023990229433830065,0.0014418350628071777,0,0.0044372640370276654,45861.148934796955,45787.65106520305,0.0016039024972264691,1,5157.1125,-371.2602787532445,45824.4,0.3055234271002455,0.45454545453397616,-0.00015267841563426643,1,0.9595999999999999,32711.0,3843.0,0.0,923.0,0.0,379.0,-544.0,0.0
2026-06-15 17:09:00,45844.0,45845.0,45838.0,45839.0,14,17:09:00,2026-06-15,0,-4.3629065683559176e-05,14,45637.71101189514,0.0044105846599622935,2.6090255557573983,-0.4239206694873312,3.0329462252447295,16.142857142857142,69.81132074549662,52.63157893905817,5.0,1.0,1.0,7.2,0,45750.0,44704.0,0.023398353614888526,0.0019453551912567881,0.00030332721587080343,45852.0,45775.0,-0.00028352089330890075,0.0013981430912069603,0,0.0043925488019634865,45862.42587642394,45787.774123576055,0.001629058154764212,1,4825.1578947368425,-5808.8754301848,45825.1,0.6110561887979509,0.35851472470272694,-4.3629065683559176e-05,1,0.9595999999999999,32711.0,3843.0,0.0,923.0,0.0,379.0,-544.0,0.0
2026-06-15 17:10:00,45836.0,45845.0,45836.0,45845.0,16,17:10:00,2026-06-15,0,0.00013089290778589557,16,45637.76387316579,0.0045408913418751706,3.0640023794185254,0.2736639402938401,2.7903384391246853,14.571428571428571,67.01030926867892,39.99999999199999,9.0,0.0,0.0,8.0,1,45750.0,44704.0,0.023398353614888526,0.002076502732240392,0.0004015135314424604,45852.0,45775.0,-0.00015266509639710041,0.0015292190060076129,0,0.004522179843894201,45864.62160048507,45788.578399514925,0.0016593681610712011,1,5915.4838709677415,615.141144703062,45826.6,0.7092453956334489,0.42496679945750426,0.00013089290778589557,-1,0.9595999999999999,32711.0,3843.0,0.0,923.0,0.0,379.0,-544.0,0.0
2026-06-15 17:11:00,45843.0,45856.0,45843.0,45854.0,15,17:11:00,2026-06-15,0,0.00019631366561245756,15,45637.81558850319,0.004736957908898402,4.1034970147156855,1.0396305551782092,3.0638664595374765,14.642857142857142,71.15384614426776,88.23529410207613,11.0,2.0,0.0,8.0,1,45750.0,44704.0,0.023398353614888526,0.0022732240437157974,0.0005618804994735658,45856.0,45775.0,-4.361479413817072e-05,0.0017258328782085916,0,0.004717273984863201,45868.06998966764,45788.43001033236,0.0017377922860958902,1,8091.882352941177,5690.722963559892,45828.25,0.8401637555534922,0.4109589040983299,0.00019631366561245756,-1,0.9595999999999999,32711.0,3843.0,0.0,923.0,0.0,379.0,-544.0,0.0
2026-06-15 17:12:00,45853.0,45853.0,45796.0,45796.0,104,17:12:00,2026-06-15,0,-0.0012648841976709013,104,45638.11302654163,0.0034595421017198065,0.24437176299397834,0.8805787967413631,-0.6362070337473847,17.714285714285715,43.94904458206824,20.547945204635013,57.0,0.0,0.0,18.2,1,45750.0,44704.0,0.023398353614888526,0.001005464480874295,-0.0006808183786047678,45856.0,45775.0,-0.0013084438241451216,0.00045876570180228385,0,0.003445267733101039,45869.31063121518,45785.089368784815,0.0018378007478170803,0,28519.664670658683,49106.1790988585,45827.2,0.45826413908503094,2.5521472392011746,-0.0012648841976709013,0,0.9595999999999999,32711.0,3843.0,0.0,923.0,0.0,379.0,-544.0,0.0
2026-06-15 17:13:00,45800.0,45806.0,45800.0,45806.0,12,17:13:00,2026-06-15,0,0.00021835968206840306,12,45638.14515183303,0.0036779507056768695,-1.9842234828029177,0.3076183408325069,-2.2918418236354245,17.0,49.999999995569624,24.675324674363296,6.0,0.0,0.0,17.6,0,45750.0,44704.0,0.023398353614888526,0.0012240437158469678,-0.0004604262543341841,45856.0,45775.0,-0.001090369853454268,0.0006772255598033714,0,0.0036627857352301957,45869.41162585382,45784.78837414618,0.001846576626224232,0,3414.111801242236,-4228.516422810048,45827.1,0.10910693789196668,0.30729833545948027,0.00021835968206840306,-1,0.9595999999999999,32711.0,3843.0,0.0,923.0,0.0,379.0,-544.0,0.0
2026-06-15 17:14:00,45805.0,45806.0,45785.0,45789.0,47,17:14:00,2026-06-15,0,-0.0003711304195956888,47,45638.2627717216,0.0033028695468179537,-5.063787011757086,-0.7666627296854117,-4.297124282071674,17.928571428571427,42.514970056316116,11.764705881937715,16.0,1.0,4.0,19.8,0,45750.0,44704.0,0.023398353614888526,0.000852459016393424,-0.0008259350140801239,45856.0,45785.0,-0.0014610956036287192,8.736485748607432e-05,0,0.003289277536605611,45870.03515824818,45783.664841751815,0.0018847098697895319,0,11093.211340206186,3709.0615710374345,45826.85,-0.30548842689857353,1.411411411369027,-0.0003711304195956888,0,0.9595999999999999,32711.0,3843.0,0.0,923.0,0.0,379.0,-544.0,0.0
2026-06-15 17:15:00,45788.0,45797.0,45780.0,45789.0,48,17:15:00,2026-06-15,0,0.0,48,45638.37910087012,0.0033003121955092014,-7.418843485880643,-2.097098880924458,-5.321744604956185,16.642857142857142,35.13513513181155,37.037037032921816,1.0,8.0,8.0,18.2,0,45750.0,44704.0,0.023398353614888526,0.000852459016393424,-0.0008172136397210842,45856.0,45780.0,-0.0014610956036287192,0.00019659239842725654,0,0.0032867677755940936,45870.92814363641,45781.97185636358,0.0019411559759227595,0,9725.097345132743,-6590.037976449975,45826.45,-0.16365826408770337,1.418020679426351,0.0,0,0.9595999999999999,32711.0,3843.0,0.0,923.0,0.0,379.0,-544.0,0.0
2026-06-15 17:16:00,45785.0,45785.0,45765.0,45773.0,85,17:16:00,2026-06-15,0,-0.00034942890213807143,85,45638.565054844854,0.0029456435581090203,-10.455781253513123,-3.7688353554421914,-6.686945898070932,17.071428571428573,23.80952380725624,0.0,12.0,0.0,8.0,18.4,0,45750.0,44704.0,0.023398353614888526,0.0005027322404371475,-0.0011238529607524115,45856.0,45765.0,-0.0018100139567340848,0.00017480607451108546,0,0.002933691478469884,45874.697504637865,45774.302495362135,0.002190858804258145,0,13144.273648648648,28499.83367230698,45824.5,-0.5673498868570224,2.3676880222181707,-0.00034942890213807143,0,0.9595999999999999,32711.0,3843.0,0.0,923.0,0.0,379.0,-544.0,0.0
2026-06-15 17:17:00,45769.0,45778.0,45762.0,45766.0,59,17:17:00,2026-06-15,0,-0.0001529285823520521,59,45638.688455190444,0.0027895530988922214,-13.274398806453974,-5.669948045644548,-7.604450760809425,17.214285714285715,22.87581699137084,0.0,3.0,9.0,4.0,7.6,0,45750.0,44704.0,0.023398353614888526,0.0003497267759562765,-0.001228659408192118,45856.0,45762.0,-0.0019626657362176825,8.740876709933817e-05,0,0.002778375262908085,45878.652649013304,45765.9473509867,0.002459616781056368,0,10757.74501992032,-302.40685947269736,45822.3,-0.9928677183781199,1.5485564304055497,-0.0001529285823520521,0,0.9595999999999999,32711.0,3843.0,0.0,923.0,0.0,379.0,-544.0,0.0
2026-06-15 17:18:00,45770.0,45802.0,45770.0,45789.0,75,17:18:00,2026-06-15,0,0.0005025564829785889,75,45638.86706059292,0.0032895851513524478,-13.496684367230046,-7.235295309961648,-6.2613890572683975,19.0,33.14285714020572,49.99999999673913,19.0,13.0,0.0,10.2,1,45750.0,44704.0,0.023398353614888526,0.000852459016393424,-0.0006983697431308637,45856.0,45762.0,-0.0014610956036287192,0.0005900091779205325,0,0.0032765094477875826,45879.23003383384,45762.76996616616,0.002541630860689983,0,10936.863057324841,1246.019108280256,45821.0,-1.1892695157484576,1.8382352940725926,0.0005025564829785889,0,0.9595999999999999,32711.0,3843.0,0.0,923.0,0.0,379.0,-544.0,0.0
2026-06-15 17:19:00,45789.0,45791.0,45783.0,45788.0,24,17:19:00,2026-06-15,0,-2.183930638366416e-05,24,45638.924251908684,0.0032664167820537176,-13.596803432032175,-8.507596934375755,-5.08920649765642,18.642857142857142,33.14285714020572,74.19354837991676,1.0,2.0,5.0,7.2,0,45750.0,44704.0,0.023398353614888526,0.0008306010928961567,-0.0007005659088478168,45856.0,45762.0,-0.0014829030006978045,0.0005681569861456981,0,0.0032535011510518956,45879.842958169276,45760.35704183072,0.002607718366798693,0,3776.3298969072166,-7127.015156675882,45820.1,-0.9601850538470589,0.586080586066274,-2.183930638366416e-05,1,0.9595999999999999,32711.0,3843.0,0.0,923.0,0.0,379.0,-544.0,0.0
2026-06-15 17:20:00,45788.0,45802.0,45788.0,45795.0,29,17:20:00,2026-06-15,0,0.00015287848344547328,29,45638.99686624313,0.0034181981302980136,-12.961890409496846,-9.398455629399972,-3.5634347800968733,18.571428571428573,37.572254332219586,96.77419353902185,7.0,7.0,0.0,8.4,0,45750.0,44704.0,0.023398353614888526,0.0009836065573770277,-0.0005270721957958829,45856.0,45762.0,-0.0013302512212142069,0.0007211223285695398,0,0.003404758354462472,45879.89718965365,45758.40281034635,0.0026516070094556713,0,4882.555147058823,-5461.358176813353,45819.15,-0.6874382123990841,0.6937799042896226,0.00015287848344547328,-1,0.9595999999999999,32711.0,3843.0,0.0,923.0,0.0,379.0,-544.0,0.0
2026-06-15 17:21:00,45793.0,45793.0,45758.0,45767.0,66,17:21:00,2026-06-15,0,-0.0006114204607490237,66,45639.13825229441,0.002801581112219135,-14.550355814528302,-10.42883566642564,-4.121520148102663,20.142857142857142,28.795811516213917,19.44444444282408,26.0,0.0,9.0,11.2,1,45750.0,44704.0,0.023398353614888526,0.0003715846994535438,-0.0010662248981520039,45856.0,45758.0,-0.001940858339148597,0.00019668691813452957,0,0.002790775412997595,45880.476131249605,45751.22386875039,0.002821125494762396,0,11939.217391304348,916.4916198783264,45815.85,-1.1239388053515758,1.5547703179845755,-0.0006114204607490237,0,0.9595999999999999,32711.0,3843.0,0.0,923.0,0.0,379.0,-544.0,0.0
2026-06-15 17:22:00,45763.0,45779.0,45763.0,45772.0,11,17:22:00,2026-06-15,0,0.00010924902222120281,11,45639.16155255385,0.002910624186055251,-15.230203572718892,-11.38910924768429,-3.841094325034602,20.428571428571427,31.74603174368019,29.999999997749995,9.0,7.0,0.0,12.4,0,45750.0,44704.0,0.023398353614888526,0.0004808743169398802,-0.0008720432114327424,45856.0,45758.0,-0.0018318213538031703,0.0003059574282092682,0,0.0028996462155866797,45877.308847492546,45746.59115250745,0.0028533536552164964,0,2456.058536585366,-3496.1759072032933,45811.95,-1.7786953760470743,0.27363184078921315,0.00010924902222120281,-1,0.9595999999999999,32711.0,3843.0,0.0,923.0,0.0,379.0,-544.0,0.0
2026-06-15 17:23:00,45777.0,45786.0,45777.0,45782.0,22,17:23:00,2026-06-15,0,0.0002184741763524567,22,45639.21176979385,0.003128630505854809,-14.791563456514268,-12.069600089450287,-2.7219633670639816,20.928571428571427,35.53299492133267,34.883720927798805,5.0,4.0,0.0,9.6,0,45750.0,44704.0,0.023398353614888526,0.000699453551912553,-0.0005806769907833457,45856.0,45758.0,-0.0016137473831123166,0.0005244984483587455,0,0.003117061647946999,45872.82132780903,45744.378672190964,0.002803898298967157,0,6626.3421052631575,3571.4639275600703,45808.6,-2.3025307104132025,0.5590851334038353,0.0002184741763524567,-1,0.9595999999999999,32711.0,3843.0,0.0,923.0,0.0,379.0,-544.0,0.0
2026-06-15 17:24:00,45783.0,45798.0,45773.0,45787.0,39,17:24:00,2026-06-15,0,0.0001092132279061353,39,45639.303409636625,0.003236171004577306,-13.880474323232193,-12.431774936206669,-1.448699387025524,22.071428571428573,35.204081630138475,99.999999985,4.0,11.0,10.0,10.2,0,45750.0,44704.0,0.023398353614888526,0.0008087431693988895,-0.00040497275985120813,45856.0,45758.0,-0.0015047103977668898,0.0006337689584334842,0,0.003224425650677095,45867.65169925871,45743.44830074129,0.002711536015120822,0,10692.77245508982,-1043.9921607611795,45805.55,-2.2481302867884443,0.9936305732230923,0.0001092132279061353,0,0.9595999999999999,32711.0,3843.0,0.0,923.0,0.0,379.0,-544.0,0.0
2026-06-15 17:25:00,45791.0,45792.0,45779.0,45786.0,27,17:25:00,2026-06-15,0,-2.1840260335914685e-05,27,45639.3666415988,0.0032128701424078915,-13.088248086918611,-12.563069566349059,-0.5251785205695523,22.071428571428573,31.914893614644626,93.74999998242187,5.0,1.0,7.0,9.8,0,45750.0,44704.0,0.023398353614888526,0.0007868852459016222,-0.0003602423448501641,45856.0,45758.0,-0.0015265177948359753,0.0006119148564185364,0,0.0032014269614365925,45861.966045139256,45743.033954860744,0.0025966287927189254,0,7492.254545454545,20505.195352025094,45802.5,-2.0627805627128053,0.6861499364501614,-2.1840260335914685e-05,1,0.9595999999999999,32711.0,3843.0,0.0,923.0,0.0,379.0,-544.0,0.0
2026-06-15 17:26:00,45783.0,45783.0,45760.0,45780.0,73,17:26:00,2026-06-15,0,-0.00013104442405975636,73,45639.52410633424,0.003077943874665872,-12.797036670017405,-12.609862987082728,-0.1871736829346773,19.785714285714285,44.117647054282,41.666666656249994,3.0,0.0,20.0,5.2,0,45750.0,44704.0,0.023398353614888526,0.0006557377049180185,-0.00042795133581948575,45856.0,45758.0,-0.0016573621772504874,0.00048079024432885005,0,0.0030671860379950238,45857.41057996667,45741.789420033325,0.0025245015225754124,0,19429.883720930233,19322.186226240123,45799.6,-1.9646965853573346,1.8114143920146053,-0.00013104442405975636,0,0.9595999999999999,32711.0,3843.0,0.0,923.0,0.0,379.0,-544.0,0.0
2026-06-15 17:27:00,45775.0,45796.0,45775.0,45788.0,16,17:27:00,2026-06-15,0,0.00017474879860190917,16,45639.56163785298,0.003252405518809854,-11.784867763090006,-12.444863942284185,0.6599961791941791,20.571428571428573,43.28358208503007,53.33333332266666,13.0,8.0,0.0,6.0,1,45750.0,44704.0,0.023398353614888526,0.0008306010928961567,-0.00018778686627387968,45856.0,45758.0,-0.0014829030006978045,0.0006556230604484319,0,0.003241252890979146,45849.88532925654,45743.31467074346,0.0023270430231301137,0,4139.0282485875705,-6129.1346412058265,45796.6,-1.953911698474173,0.39999999999,0.00017474879860190917,-1,0.9595999999999999,32711.0,3843.0,0.0,923.0,0.0,379.0,-544.0,0.0
2026-06-15 17:28:00,45780.0,45783.0,45763.0,45771.0,44,17:28:00,2026-06-15,0,-0.0003712763169388955,44,45639.65491510991,0.0028778719982521816,-12.213682804533164,-12.398627714733982,0.1849449102008176,20.857142857142858,43.28358208503007,25.80645161040583,9.0,3.0,8.0,6.8,1,45750.0,44704.0,0.023398353614888526,0.00045901639344261293,-0.00048260545802747716,45856.0,45758.0,-0.0018536287508722556,0.0002841033261943205,0,0.002868228726382083,45843.206833216944,45742.99316678305,0.0021884010131196247,1,10120.221105527638,3507.577784670232,45793.1,-2.052289722177055,1.0653753026376425,-0.0003712763169388955,0,0.9595999999999999,32711.0,3843.0,0.0,923.0,0.0,379.0,-544.0,0.0
2026-06-15 17:29:00,45771.0,45781.0,45771.0,45773.0,10,17:29:00,2026-06-15,0,4.369578991059164e-05,10,45639.67652192422,0.0029212187341364957,-12.250917577119253,-12.369085687211037,0.11816811009178352,20.357142857142858,44.117647054282,37.037037032921816,2.0,8.0,0.0,6.4,0,45750.0,44704.0,0.023398353614888526,0.0005027322404371475,-0.00036689393707774534,45856.0,45758.0,-0.0018100139567340848,0.00032781153022421594,0,0.002911641415244762,45835.6950748221,45743.90492517791,0.002004598177851614,1,2692.529411764706,-8614.232874248104,45789.8,-2.139756679096681,0.2433090024271701,4.369578991059164e-05,-1,0.9595999999999999,32711.0,3843.0,0.0,923.0,0.0,379.0,-544.0,0.0
2026-06-15 17:30:00,45779.0,45781.0,45772.0,45781.0,9,17:30:00,2026-06-15,0,0.00017477552268796437,9,45639.69639313211,0.0030960680730810573,-11.502301885251654,-12.19572892681916,0.6934270415675066,19.285714285714285,53.12499999418945,37.037037032921816,2.0,0.0,7.0,5.8,0,45750.0,44704.0,0.023398353614888526,0.0006775956284152858,-0.00012230652636357412,45856.0,45758.0,-0.001635554780181402,0.0005026443463437978,0,0.003086134521189366,45824.521803175536,45748.67819682446,0.001656458578515827,1,2710.717105263158,-3450.8369055268445,45786.6,-2.18356821248739,0.22085889570010164,0.00017477552268796437,-1,0.9595999999999999,32711.0,3843.0,0.0,923.0,0.0,379.0,-544.0,0.0
2026-06-15 17:31:00,45778.0,45783.0,45766.0,45769.0,44,17:31:00,2026-06-15,0,-0.00026211747231386084,44,45639.78971602358,0.002831088503702117,-11.741964213440951,-12.10497598414352,0.3630117707025686,19.357142857142858,51.1278195434903,45.45454544834711,9.0,5.0,3.0,7.0,1,45750.0,44704.0,0.023398353614888526,0.00041530054644807837,-0.00029159708927126404,45853.0,45758.0,-0.0018319412034108603,0.00024039512216442502,0,0.0028222728622802565,45804.049138917675,45760.65086108232,0.0009479259547697308,1,16372.650406504064,6178.154840472176,45782.35,-2.34751523701169,1.0426540284113115,-0.00026211747231386084,0,0.9595999999999999,32711.0,3843.0,0.0,923.0,0.0,379.0,-544.0,0.0
2026-06-15 17:32:00,45772.0,45785.0,45771.0,45785.0,18,17:32:00,2026-06-15,0,0.00034958159452913584,18,45639.83005639627,0.003180773097190409,-10.519569009440602,-11.787894589202937,1.268325579762335,17.928571428571427,48.41269840731922,66.66666666111111,13.0,0.0,1.0,7.0,1,45750.0,44704.0,0.023398353614888526,0.0007650273224043549,6.989677120596001e-05,45806.0,45758.0,-0.00045845522420642586,0.0005900607544035888,0,0.0031709094793941585,45802.58055767146,45761.01944232854,0.0009078086781847598,1,6593.04,14486.417757193107,45781.8,-1.7471139860842368,0.4749340369267828,0.00034958159452913584,-1,0.9595999999999999,32711.0,3843.0,0.0,923.0,0.0,379.0,-544.0,0.0
2026-06-15 17:33:00,45788.0,45788.0,45770.0,45771.0,18,17:33:00,2026-06-15,0,-0.0003057770012012684,18,45639.86922582325,0.0028731627938704753,-10.55877995776973,-11.542071662916296,0.9832917051465664,18.642857142857142,43.88489208191087,38.09523809251701,17.0,0.0,1.0,8.6,1,45750.0,44704.0,0.023398353614888526,0.00045901639344261293,-0.0001976843625116773,45806.0,45758.0,-0.0007640920403440431,0.0002841033261943205,0,0.0028643650274901285,45797.94413306617,45762.155866933834,0.0007817437100295334,1,8322.0,20700.36332394079,45780.05,-1.4305495494305396,0.4712041884693402,-0.0003057770012012684,1,0.9595999999999999,32711.0,3843.0,0.0,923.0,0.0,379.0,-544.0,0.0
2026-06-15 17:34:00,45776.0,45776.0,45765.0,45771.0,13,17:34:00,2026-06-15,0,0.0,13,45639.896326756134,0.0028725672886115742,-10.469172809505835,-11.327491892234203,0.858319082728368,18.428571428571427,40.90909090475206,53.333333328,5.0,0.0,6.0,9.2,0,45750.0,44704.0,0.023398353614888526,0.00045901639344261293,-0.00017802864404431443,45802.0,45758.0,-0.0006768263394611441,0.0002841033261943205,0,0.0028638293468503284,45796.95922287025,45761.34077712975,0.0007780495212449904,1,5833.558823529412,-6437.010087742408,45779.15,-0.6989593151066054,0.35616438355188595,0.0,0,0.9595999999999999,32711.0,3843.0,0.0,923.0,0.0,379.0,-544.0,0.0
2026-06-15 17:35:00,45766.0,45772.0,45759.0,45759.0,35,17:35:00,2026-06-15,0,-0.0002621747394638829,35,45639.965146470844,0.002608127616818696,-11.236925923432864,-11.309378698473935,0.0724527750410715,16.714285714285715,46.55172413231272,0.0,7.0,6.0,0.0,10.2,0,45750.0,44704.0,0.023398353614888526,0.00019672131147540554,-0.0004074040497928803,45802.0,45758.0,-0.0009388236321557806,2.185410201494773e-05,0,0.002600283184679715,45796.95666637747,45758.343333622535,0.0008434974874186749,1,12512.2265625,8977.932126151214,45777.65,-0.9064737515784559,0.9762900976017772,-0.0002621747394638829,0,0.9595999999999999,32711.0,3843.0,0.0,923.0,0.0,379.0,-544.0,0.0
2026-06-15 17:36:00,45759.0,45778.0,45755.0,45775.0,45,17:36:00,2026-06-15,0,0.00034965799077779636,45,45640.057814141546,0.002956661150780555,-10.434032483644842,-11.134309455508117,0.7002769718632749,17.214285714285715,51.18110235656272,57.14285713673469,16.0,3.0,4.0,11.6,1,45750.0,44704.0,0.023398353614888526,0.0005464480874316821,-6.007285198595257e-05,45802.0,45755.0,-0.000589493908562932,0.00043711069828433096,0,0.0029477679846311973,45796.97580498021,45758.52419501979,0.0008399628631905601,1,15968.023255813954,9187.723210543083,45777.75,-0.5024022472677313,1.329394386962204,0.00034965799077779636,0,0.9595999999999999,32711.0,3843.0,0.0,923.0,0.0,379.0,-544.0,0.0
2026-06-15 17:37:00,45775.0,45780.0,45757.0,45765.0,35,17:37:00,2026-06-15,0,-0.00021845985800106327,35,45640.12868362579,0.0027359983412799595,-10.483799361492856,-11.004207436705066,0.5204080752122096,17.857142857142858,43.307086609399214,42.105263154570636,10.0,5.0,8.0,11.0,0,45750.0,44704.0,0.023398353614888526,0.00032786885245900924,-0.0002774276558236175,45802.0,45755.0,-0.0008078249858084624,0.00021855534914216548,0,0.0027277761087648373,45797.05920828852,45758.340791711475,0.0008457920904074288,1,10971.061643835616,8806.807260748456,45777.7,-0.31673807836195417,1.0719754976700775,-0.00021845985800106327,0,0.9595999999999999,32711.0,3843.0,0.0,923.0,0.0,379.0,-544.0,0.0
2026-06-15 17:38:00,45772.0,45784.0,45772.0,45780.0,17,17:38:00,2026-06-15,0,0.00032776138970835866,17,45640.16614180742,0.003063833241932136,-9.206735811530962,-10.644713111670246,1.4379773001392842,17.428571428571427,47.445255469604135,75.60975609202856,8.0,4.0,0.0,9.2,0,45750.0,44704.0,0.023398353614888526,0.0006557377049180185,6.007350812903659e-05,45802.0,45755.0,-0.00048032836994016685,0.0005463883728554137,0,0.0030546583333986893,45795.90898960091,45758.59101039909,0.0008152079734326367,1,5367.310344827586,-5710.347540449929,45777.25,-0.08737888467438919,0.5714285714093638,0.00032776138970835866,-1,0.9595999999999999,32711.0,3843.0,0.0,923.0,0.0,379.0,-544.0,0.0
2026-06-15 17:39:00,45780.0,45789.0,45779.0,45789.0,28,17:39:00,2026-06-15,0,0.0001965923984272866,28,45640.23090945704,0.0032596042477982556,-7.383318661995872,-9.99243422173537,2.6091155597394984,17.214285714285715,51.034482753693226,70.58823528788928,9.0,0.0,1.0,10.0,0,45750.0,44704.0,0.023398353614888526,0.000852459016393424,0.00025558519178712667,45802.0,45755.0,-0.0002838304004191895,0.0007430881870833627,0,0.0032498441485836736,45796.08521250123,45758.514787498774,0.0008207217333144707,1,8013.075,-4981.7990169306395,45777.3,-0.0983010305218342,0.9348914857784677,0.0001965923984272866,0,0.9595999999999999,32711.0,3843.0,0.0,923.0,0.0,379.0,-544.0,0.0
2026-06-15 17:40:00,45788.0,45788.0,45769.0,45769.0,11,17:40:00,2026-06-15,0,-0.00043678612767261704,11,45640.25453138991,0.0028208753419974946,-7.466016693993879,-9.487150716187074,2.021134022193195,16.785714285714285,46.540880499046715,54.54545454173554,19.0,0.0,0.0,12.4,1,45750.0,44704.0,0.023398353614888526,0.00041530054644807837,-0.00015291855994407216,45798.0,45755.0,-0.0006332154242543205,0.0003059774887990317,0,0.0028125102370256732,45793.155634283336,45758.844365716664,0.0007495471112956639,1,3701.904411764706,-6625.755526727242,45776.0,-0.37135985425154383,0.37865748707818736,-0.00043678612767261704,1,0.9595999999999999,32711.0,3843.0,0.0,923.0,0.0,379.0,-544.0,0.0
