date,Open,High,Low,Close,Volume,time,date_only,day_of_week,ret,mock_volume,vwap,vwap_bias,macd,signal,macd_hist,atr,rsi,rsi_fast,body_length,upper_shadow,lower_shadow,body_avg_5,momentum_explosion,daily_open,yesterday_close,gap_amplitude,intraday_trend,dist_from_ma20,recent_high_20,recent_low_20,pullback_from_high,bounce_from_low,gap_filled,spot_futures_proxy,bb_upper,bb_lower,bb_width,is_squeeze,vwap_5,slope_vwap,ma_20,slope_ma20,vol_surge_ratio,price_roc,pv_divergence
2026-06-09 00:00:00,44022.0,44044.0,44004.0,44041.0,159,00:00:00,2026-06-09,1,0.0005225135171975648,159,44029.666666666664,0.0002574022060883685,-27.511417491885368,-19.22609909884367,-8.285318393041699,34.285714285714285,33.63095237955109,59.09090908688017,19.0,3.0,18.0,22.6,0,44022.0,44018.0,9.087191603434753e-05,0.0004316023806278581,-0.0014759863148180654,44184.0,44004.0,-0.0032364656889370988,0.0008408326515771103,0,0.0002569561428767337,44201.71083399545,44010.48916600455,0.004335492550710651,1,13440.535508637236,1499.6561902000146,44106.1,-2.85593183842646,1.9087635053792464,0.0005225135171975648,0
2026-06-09 00:01:00,44040.0,44070.0,44035.0,44046.0,245,00:01:00,2026-06-09,1,0.00011353057378360454,245,44042.199669967,8.628837936070138e-05,-27.52442497343145,-20.885764273761225,-6.6386606996702255,35.285714285714285,30.31249999867383,60.869565213421545,6.0,24.0,5.0,15.8,0,44022.0,44018.0,9.087191603434753e-05,0.0005451819544772945,-0.0012629898620687148,44184.0,44004.0,-0.003123302552960277,0.0009544586855740171,0,8.617196237337495e-05,44199.96730461473,44003.432695385265,0.004456395314227333,1,16325.673222390318,6411.792180365969,44101.7,-3.230124252112898,2.7528089887331144,0.00011353057378360454,0
2026-06-09 00:02:00,44041.0,44086.0,44036.0,44086.0,139,00:02:00,2026-06-09,1,0.0009081414884439809,139,44049.14548802947,0.0008366680343559665,-24.0300641686772,-21.514624252744422,-2.5154399159327774,37.0,39.71014492592481,99.99999999558824,45.0,0.0,5.0,20.0,1,44022.0,44018.0,9.087191603434753e-05,0.0014538185452727852,-0.00029932515782591957,44184.0,44004.0,-0.0022179974651457043,0.0018634669575492715,0,0.0008357183797105074,44196.33062283895,44002.069377161046,0.004405096819849297,1,8582.56862745098,-667.31578324159,44099.2,-2.607077194422215,1.4922168545196755,0.0009081414884439809,0
2026-06-09 00:03:00,44075.0,44116.0,44075.0,44111.0,176,00:03:00,2026-06-09,1,0.0005670734473528505,176,44061.75707000464,0.0011175888859157558,-19.024168220006686,-21.016533046196876,1.9923648261901903,36.0,49.9999999978395,99.99999999571429,36.0,5.0,0.0,25.0,1,44022.0,44018.0,9.087191603434753e-05,0.0020217164145199668,0.00027891978675114305,44184.0,44004.0,-0.001652181785261596,0.0024315971275338053,0,0.0011166526449840283,44195.46036595319,44001.9396340468,0.004388354575223026,1,9608.336633663366,-2851.2248433190775,44098.7,-1.6777724623127992,1.784989857994067,0.0005670734473528505,0
2026-06-09 00:04:00,44106.0,44143.0,44100.0,44111.0,117,00:04:00,2026-06-09,1,0.0,117,44069.62838915471,0.000938778300555718,-14.885370331787271,-19.79030050331496,4.904930171527688,35.42857142857143,56.84210526036565,99.99999999538461,5.0,32.0,6.0,22.2,0,44022.0,44018.0,9.087191603434753e-05,0.0020217164145199668,0.00031521347208775957,44184.0,44004.0,-0.001652181785261596,0.0024315971275338053,0,0.0009381934604609528,44191.81264017473,44002.38735982527,0.004295640310801749,1,6173.42942583732,-6218.5758947014865,44097.1,-1.0430436921929416,1.1555555555441426,0.0,0
2026-06-09 00:05:00,44120.0,44129.0,44100.0,44100.0,32,00:05:00,2026-06-09,1,-0.00024937090521637284,32,44071.104454685104,0.0006556573898574737,-12.35058144123468,-18.302356690898904,5.951775249664223,34.5,49.812734079785095,69.4444444386574,20.0,9.0,0.0,22.4,0,44022.0,44018.0,9.087191603434753e-05,0.0017718413520512069,0.00014174344436569488,44184.0,44004.0,-0.0019011406844106034,0.0021816198527406104,0,0.0006553206591613305,44182.61151258778,44004.88848741222,0.004030571797035852,1,1990.4090267983074,-7680.8702461963785,44093.75,-1.2358500834475659,0.3255340793456202,-0.00024937090521637284,1
2026-06-09 00:06:00,44095.0,44109.0,44084.0,44097.0,74,00:06:00,2026-06-09,1,-6.802721088439156e-05,74,44073.11252653928,0.0005419965165005915,-10.463204601728648,-16.73452627306485,6.271321671336203,34.214285714285715,45.41832669069379,0.0,2.0,12.0,11.0,21.6,0,44022.0,44018.0,9.087191603434753e-05,0.001703693607741545,0.00013494802233099358,44176.0,44004.0,-0.0017883013400941284,0.0021134442323424664,0,0.0005417760171445876,44175.77239496648,44006.327605033526,0.0038430654278577983,1,6065.386617100372,-3687.37082353054,44091.05,-1.7347450151578572,0.7609254498636409,-6.802721088439156e-05,1
2026-06-09 00:07:00,44106.0,44133.0,44106.0,44118.0,57,00:07:00,2026-06-09,1,0.0004762228723043105,57,44075.73073073073,0.0009590145998373762,-7.190038079577789,-14.825628634367439,7.635590554789649,35.0,46.06299212344535,59.99999999485714,12.0,15.0,0.0,15.0,0,44022.0,44018.0,9.087191603434753e-05,0.002180727817909178,0.0006725132603057449,44176.0,44004.0,-0.001312930097790626,0.002590673575129475,0,0.0009587401041152974,44165.295024793224,44011.40497520677,0.0034904923769305822,1,5514.75,-1066.9587038293253,44088.35,-1.9842574681781797,0.579562785962587,0.0004762228723043105,-1
2026-06-09 00:08:00,44117.0,44121.0,44090.0,44092.0,23,00:08:00,2026-06-09,1,-0.0005893286187044211,23,44076.299412915854,0.00035621382224172493,-6.61772769237723,-13.184048445969399,6.566320753592169,35.642857142857146,44.656488547232094,41.999999997479996,25.0,4.0,2.0,12.8,1,44022.0,44018.0,9.087191603434753e-05,0.0015901140338921088,0.0001565154666769793,44158.0,44004.0,-0.0014946329090991103,0.0019998181983455596,0,0.0003561427122575531,44155.00489779093,44015.195102209065,0.00317136165239193,1,3346.917491749175,6815.224643212622,44085.1,-1.9617292700215916,0.24159663865292438,-0.0005893286187044211,1
2026-06-09 00:09:00,44104.0,44110.0,44079.0,44081.0,50,00:09:00,2026-06-09,1,-0.00024947836342192886,50,44076.93843283582,9.214721594985314e-05,-6.971413540668436,-11.941521464909208,4.9701079242407715,35.785714285714285,47.17741935217547,36.206896549851365,23.0,6.0,2.0,16.4,1,44022.0,44018.0,9.087191603434753e-05,0.0013402389714233488,-5.8978849277247916e-05,44143.0,44004.0,-0.0014045261989443082,0.0017498409235523647,0,9.213329138679473e-05,44152.444294174755,44014.75570582524,0.0031233517305644123,1,9339.194915254237,5397.5261674563235,44083.6,-1.6896853216252197,0.5420054200483251,-0.00024947836342192886,1
2026-06-09 00:10:00,44087.0,44089.0,44066.0,44077.0,51,00:10:00,2026-06-09,1,-9.074204305714595e-05,51,44076.956366874445,9.899305476512504e-07,-7.488159848697251,-11.050849141666816,3.5626892929695657,33.714285714285715,54.92957746117834,0.0,10.0,2.0,11.0,14.4,0,44022.0,44018.0,9.087191603434753e-05,0.0012493753123437997,-0.0001553857024737719,44143.0,44004.0,-0.0014951407924245863,0.0016589400963548393,0,9.897757467884561e-07,44152.55309882232,44015.14690117768,0.0031169282547834653,1,8815.4,5985.13078562038,44083.85,-1.020677798103127,0.5808656036380312,-9.074204305714595e-05,1
2026-06-09 00:11:00,44078.0,44081.0,44055.0,44060.0,25,00:11:00,2026-06-09,1,-0.00038568868117161426,25,44076.70325203252,-0.00037895874237718196,-9.16380826839304,-10.673440967012061,1.5096326986190203,33.357142857142854,56.521739126612054,0.0,18.0,3.0,5.0,17.6,1,44022.0,44018.0,9.087191603434753e-05,0.0008632047612557162,-0.000494535159635097,44143.0,44004.0,-0.0018802528147157675,0.001272611580765356,0,-0.0003789149270792592,44150.79458406202,44012.80541593798,0.0031302979489049327,1,5347.0873786407765,5976.155348383767,44081.8,-0.748552231932248,0.29620853080217757,-0.00038568868117161426,1
2026-06-09 00:12:00,44058.0,44104.0,44058.0,44091.0,47,00:12:00,2026-06-09,1,0.0007035860190649501,47,44077.00334728033,0.0003175500069591258,-7.8992728904486285,-10.118607351699376,2.2193344612507477,35.07142857142857,61.7021276558986,59.61538461194526,33.0,13.0,0.0,21.8,1,44022.0,44018.0,9.087191603434753e-05,0.0015673981191222216,0.0002416042522348669,44143.0,44004.0,-0.0011779897152436134,0.0019770929915461782,0,0.00031752589803997206,44147.148282347865,44013.55171765213,0.003030750996662477,1,10572.841836734693,1320.9349763816056,44080.35,-0.7372356159660283,0.5562130177448968,0.0007035860190649501,-1
2026-06-09 00:13:00,44108.0,44125.0,44105.0,44123.0,44,00:13:00,2026-06-09,1,0.00072577169943977,44,44078.44740382029,0.001010756930060287,-4.265813287900528,-8.948048538939606,4.682235251039078,35.0,71.08433734540088,78.74999999704687,15.0,2.0,3.0,19.8,0,44022.0,44018.0,9.087191603434753e-05,0.002294307391758614,0.0009845824372272088,44143.0,44004.0,-0.0004530729674013898,0.002704299609126382,0,0.0010107305007239001,44143.96540422825,44015.23459577175,0.0029204168925420874,1,8946.599078341014,148.82941028315753,44079.6,-0.9640718766623151,0.5204021289116452,0.00072577169943977,-1
2026-06-09 00:14:00,44117.0,44118.0,44103.0,44110.0,28,00:14:00,2026-06-09,1,-0.00029463091811532394,28,44079.152065245995,0.0006998304937523135,-2.4075094592626556,-7.639940723004216,5.23243126374156,33.57142857142857,64.43514643974021,82.8947368388331,7.0,1.0,7.0,16.6,0,44022.0,44018.0,9.087191603434753e-05,0.0019990004997500798,0.0007010124979865913,44143.0,44004.0,-0.0007475703962122931,0.002408871920734424,0,0.0006998313203764236,44142.28860655455,44015.91139344544,0.002867055205507988,1,6333.74358974359,1845.2217838146123,44079.1,-0.612497674778336,0.33077377436112493,-0.00029463091811532394,1
2026-06-09 00:15:00,44102.0,44120.0,44102.0,44111.0,16,00:15:00,2026-06-09,1,2.2670596236729068e-05,16,44079.549233567166,0.0007135001827306125,-0.8443653261711006,-6.280825643637593,5.4364603174664925,32.357142857142854,63.82978723023993,71.73913043010397,9.0,9.0,0.0,16.4,0,44022.0,44018.0,9.087191603434753e-05,0.0020217164145199668,0.000705536990782598,44143.0,44004.0,-0.0007249167478422236,0.0024315971275338053,0,0.0007134945050427338,44144.32915324434,44015.47084675566,0.0029232894468606808,1,4411.1,-5827.8955950386935,44079.9,-0.10208630376053948,0.1945288753775741,2.2670596236729068e-05,-1
2026-06-09 00:16:00,44114.0,44145.0,44114.0,44139.0,91,00:16:00,2026-06-09,1,0.0006347623041871309,91,44083.06720038816,0.0012688046264472152,2.623560878681019,-4.499948339173871,7.12350921785489,31.214285714285715,61.883408067863826,69.04761904268707,25.0,6.0,0.0,17.8,1,44022.0,44018.0,9.087191603434753e-05,0.0026577620280768106,0.0012464825713607494,44145.0,44004.0,-0.0001359157322460044,0.0030679029179164837,0,0.0012687763400104116,44152.560391055136,44015.53960894487,0.003108171370603736,1,17772.783185840708,9865.406988972116,44084.05,1.0095372916279561,1.1158798283124969,0.0006347623041871309,0
2026-06-09 00:17:00,44134.0,44145.0,44133.0,44139.0,46,00:17:00,2026-06-09,1,0.0,46,44084.87910798122,0.0012276520456416281,5.310698949397192,-2.5378188814596587,7.848517830856851,29.142857142857142,57.070707066671766,99.99999998965517,5.0,6.0,1.0,12.2,0,44022.0,44018.0,9.087191603434753e-05,0.0026577620280768106,0.001126122294839918,44145.0,44004.0,-0.0001359157322460044,0.0030679029179164837,0,0.001227527555266227,44157.6320003901,44021.0679996099,0.0030974373806870897,1,9023.973333333333,4247.456035236583,44089.35,2.325365082317924,0.5782526712686581,0.0,0
2026-06-09 00:18:00,44133.0,44136.0,44119.0,44130.0,20,00:18:00,2026-06-09,1,-0.00020390131176506454,20,44085.48263888889,0.0010097963875264151,6.637537050955871,-0.7027476949765528,7.340284745932424,27.5,54.589371976984296,75.6756756695398,3.0,3.0,11.0,9.8,0,44022.0,44018.0,9.087191603434753e-05,0.002453318795147825,0.0008153027449280861,44145.0,44004.0,-0.000339789330615011,0.0028633760567220515,0,0.0010096001866716367,44159.76221146163,44028.337788538374,0.0029805477819173846,1,4391.044776119403,-45.465357576562816,44094.05,3.210079877677004,0.2616088946989979,-0.00020390131176506454,1
2026-06-09 00:19:00,44131.0,44175.0,44131.0,44161.0,154,00:19:00,2026-06-09,1,0.0007024699750737273,154,44092.26327896278,0.001558929297920881,10.07437559718528,1.452676963455814,8.621698633729466,28.642857142857142,63.43612334410526,77.4999999941875,30.0,14.0,0.0,14.4,1,44022.0,44018.0,9.087191603434753e-05,0.0031575121530143303,0.001355972173092831,44175.0,44004.0,-0.00031692133559705,0.0035678574675028735,0,0.0015586133945837324,44163.07797838388,44039.32202161611,0.002806181164407418,1,20797.535168195718,1701.9011320437316,44101.2,3.8902959233541785,1.932245922184037,0.0007024699750737273,0
2026-06-09 00:20:00,44160.0,44182.0,44158.0,44174.0,78,00:20:00,2026-06-09,1,0.00029437739181625844,78,44095.95195374801,0.001769959436046514,13.689284707797924,3.8999985123242364,9.789286195473688,28.571428571428573,66.24472573448344,83.01886791982912,14.0,8.0,2.0,15.4,0,44022.0,44018.0,9.087191603434753e-05,0.003452819045022865,0.001499733040717241,44182.0,44035.0,-0.0001810692137069354,0.003156579993187166,0,0.001769481991345985,44171.05984265832,44044.64015734168,0.0028661493434078747,1,8857.511568123393,-184.4661537230538,44107.85,4.196024663552536,1.031064111024044,0.00029437739181625844,0
2026-06-09 00:21:00,44177.0,44209.0,44168.0,44207.0,175,00:21:00,2026-06-09,1,0.0007470457735319069,175,44105.304999097636,0.0023057317233027247,18.997953843369032,6.919589578533196,12.078364264835837,28.928571428571427,67.87148593995903,99.9999999961039,30.0,2.0,9.0,16.4,1,44022.0,44018.0,9.087191603434753e-05,0.004202444232429145,0.0020650151079315278,44209.0,44036.0,-4.523965708339829e-05,0.0038831864837859053,0,0.002305177972167896,44186.518023630924,44045.28197636908,0.0032014771830982136,1,16355.655391120508,27247.753609961732,44115.9,4.955317100606214,2.4255024254688076,0.0007470457735319069,0
2026-06-09 00:22:00,44207.0,44210.0,44180.0,44200.0,82,00:22:00,2026-06-09,1,-0.0001583459633089923,82,44109.18869880767,0.0020587842096216028,22.382262096667546,10.012124082160067,12.370138014507479,28.857142857142858,73.47826086509264,86.7924528252759,7.0,3.0,20.0,16.8,0,44022.0,44018.0,9.087191603434753e-05,0.0040434328290399335,0.0017769074557586236,44210.0,44055.0,-0.00022619316896629212,0.003291340369991981,0,0.0020582050785176624,44200.02770723124,44043.17229276876,0.003555070860133721,0,7120.628683693517,-6576.215101401718,44121.6,4.625724470082777,1.1832611832441087,-0.0001583459633089923,0
2026-06-09 00:23:00,44197.0,44200.0,44179.0,44180.0,59,00:23:00,2026-06-09,1,-0.0004524886877828038,59,44111.47820254863,0.0015533779470444501,23.18327554759162,12.646354375246379,10.536921172345242,28.142857142857142,70.71129706698761,54.99999999725,17.0,3.0,1.0,19.6,0,44022.0,44018.0,9.087191603434753e-05,0.0035891145336421886,0.0012453243679043048,44210.0,44055.0,-0.0006785795068988764,0.0028373623879241216,0,0.001552900165583291,44207.48268385064,44042.617316149364,0.003736321379834661,0,4756.605839416058,-4629.86212004031,44125.05,3.8995326228787768,0.9298660362343599,-0.0004524886877828038,0
2026-06-09 00:24:00,44178.0,44178.0,44138.0,44142.0,116,00:24:00,2026-06-09,1,-0.0008601177003169092,116,44113.74904942966,0.0006404114630721139,20.515314284952183,14.220146357187541,6.295167927764641,29.5,61.9047619015873,0.0,36.0,0.0,4.0,20.8,1,44022.0,44018.0,9.087191603434753e-05,0.0027259097723864724,0.0003489958437767947,44210.0,44055.0,-0.0015381135489707864,0.0019748042219951884,0,0.0006402249566098752,44209.08610727351,44044.113892726484,0.0037386115075039965,0,10040.141176470588,-3861.364197046249,44126.6,2.425429380336135,1.8296529968165671,-0.0008601177003169092,0
2026-06-09 00:25:00,44144.0,44154.0,44127.0,44143.0,61,00:25:00,2026-06-09,1,2.265416156954636e-05,61,44114.52625096228,0.0006454506362765516,18.271010568802012,15.030319199510437,3.240691369291575,29.571428571428573,66.1478599185756,1.6949152541510983,1.0,10.0,16.0,18.2,0,44022.0,44018.0,9.087191603434753e-05,0.0027486256871563594,0.0003229187321190761,44210.0,44055.0,-0.0015154942320741572,0.0019975031210985815,0,0.0006452425921360165,44210.55561040138,44046.94438959862,0.003707587928567178,0,5461.912778904665,-2329.4514831076194,44128.75,1.6205214679434687,0.9406322282044621,2.265416156954636e-05,0
2026-06-09 00:26:00,44157.0,44177.0,44144.0,44163.0,34,00:26:00,2026-06-09,1,0.00045307296740149106,34,44115.24996210399,0.0010823930032591365,17.899877907220798,15.60423094105251,2.295646966168288,28.714285714285715,64.63414633778504,35.59322033717322,6.0,14.0,13.0,13.4,0,44022.0,44018.0,9.087191603434753e-05,0.003202943982554105,0.0007013043808297233,44210.0,44055.0,-0.001063107894141573,0.002451481103166441,0,0.0010819809615916153,44213.78764190186,44050.31235809815,0.003704230458446993,0,4265.744318181818,-1031.9575298139493,44132.05,1.5864004686680242,0.540970564828306,0.00045307296740149106,-1
2026-06-09 00:27:00,44164.0,44191.0,44164.0,44175.0,41,00:27:00,2026-06-09,1,0.00027172067114999976,41,44116.37410714286,0.0013288919147062712,18.362382199062267,16.155861192654463,2.2065210064078045,28.285714285714285,61.504424774951055,99.99999999090909,11.0,16.0,0.0,14.2,0,44022.0,44018.0,9.087191603434753e-05,0.003475534959792752,0.0009085780187560782,44210.0,44055.0,-0.0007916760913820224,0.0027238678924071565,0,0.0013283341042381255,44218.52799832402,44051.272001675985,0.0037896539166969736,0,5823.713826366559,-4199.569782928322,44134.9,1.8809516255507814,0.6607574536557493,0.00027172067114999976,-1
2026-06-09 00:28:00,44170.0,44170.0,44140.0,44148.0,44,00:28:00,2026-06-09,1,-0.0006112054329371341,44,44117.07326328079,0.0007010151497277101,16.361639040827868,16.197016762289145,0.16462227853872236,29.357142857142858,57.9166666632882,54.23728813283538,22.0,0.0,8.0,15.2,1,44022.0,44018.0,9.087191603434753e-05,0.002862205261005796,0.00023336059649693299,44210.0,44055.0,-0.001402397647591011,0.0021109976166155463,0,0.0007006875464559128,44218.99763380063,44056.40236619936,0.0036838183140776226,0,6562.540540540541,2015.0958211687082,44137.7,2.028156247343759,0.6973058636973486,-0.0006112054329371341,1
2026-06-09 00:29:00,44150.0,44150.0,44113.0,44115.0,44,00:29:00,2026-06-09,1,-0.000747485729817865,44,44117.24198167239,-5.081871784559016e-05,11.975169169942092,15.352647243819735,-3.3774780738776435,30.714285714285715,50.73529411503569,16.666666665972215,35.0,0.0,2.0,15.0,1,44022.0,44018.0,9.087191603434753e-05,0.002112580073599516,-0.0005527941023213026,44210.0,44055.0,-0.002148835105179775,0.0013619339462035782,0,-5.079320680372262e-05,44217.045347564606,44061.7546524354,0.003518187721835962,0,8665.44642857143,10314.031461371997,44139.4,1.665456284038141,0.7006369426640027,-0.000747485729817865,1
2026-06-09 00:30:00,44121.0,44122.0,44096.0,44098.0,57,00:30:00,2026-06-09,1,-0.0003853564547205979,57,44116.9573724668,-0.00042970716014589707,7.045881730715337,13.691294141198856,-6.6454124104835195,30.142857142857142,42.14559386747111,0.0,23.0,1.0,2.0,19.4,1,44022.0,44018.0,9.087191603434753e-05,0.0017264095225114325,-0.0009617029278132899,44210.0,44055.0,-0.0025333634924224716,0.0009760526614458978,0,-0.00042947845948104984,44215.050620841976,44065.84937915802,0.0033801477258150673,0,11425.39090909091,9618.736857163294,44140.45,1.2575082304470238,0.9033280506988379,-0.0003853564547205979,0
2026-06-09 00:31:00,44105.0,44130.0,44101.0,44126.0,65,00:31:00,2026-06-09,1,0.0006349494308131032,65,44117.01156462585,0.0002037408032723101,5.337227677402552,12.020480848439597,-6.683253171037045,31.571428571428573,47.750865049589926,35.89743589605523,21.0,4.0,4.0,22.4,0,44022.0,44018.0,9.087191603434753e-05,0.002362455136068276,-0.0004020954268724247,44210.0,44058.0,-0.0019000226193168538,0.0015434200372236248,0,0.00020361739485545892,44208.56349760753,44078.93650239247,0.002936474477475487,1,11427.051792828684,7412.542783145177,44143.75,1.370710299812385,0.9984639016743708,0.0006349494308131032,0
2026-06-09 00:32:00,44129.0,44139.0,44125.0,44134.0,35,00:32:00,2026-06-09,1,0.00018129900738794724,35,44117.2320590208,0.000380076904116984,4.575892135042523,10.531563105760183,-5.9556709707176605,31.142857142857142,50.69444444198013,67.924528298042,5.0,5.0,4.0,21.2,0,44022.0,44018.0,9.087191603434753e-05,0.0025441824542273743,-0.00026956070665681717,44210.0,44096.0,-0.0017190680841438202,0.0008617561683599224,0,0.0003798300856750724,44206.029334276594,44085.77066572341,0.0027241186283025894,1,6304.857142857143,-2724.1404181220573,44145.9,1.4726072397903007,0.5426356589063157,0.00018129900738794724,-1
2026-06-09 00:33:00,44128.0,44132.0,44107.0,44107.0,37,00:33:00,2026-06-09,1,-0.0006117732360538808,37,44117.20420301348,-0.00023129759008587065,1.773411101734382,8.779932704955025,-7.0065216032206425,29.857142857142858,40.49295774448274,57.14285714013605,21.0,4.0,0.0,21.0,0,44022.0,44018.0,9.087191603434753e-05,0.001930852755440418,-0.0008630629446982267,44210.0,44096.0,-0.0023297896403528086,0.00024945573294629333,0,-0.0002311514304754834,44206.914322974175,44083.28567702582,0.0028005066462268714,1,6856.970588235294,-3998.4805397079526,44145.1,1.0534555039655136,0.5767731878320066,-0.0006117732360538808,1
2026-06-09 00:34:00,44123.0,44124.0,44094.0,44100.0,116,00:34:00,2026-06-09,1,-0.0001587049674655061,116,44116.71152388173,-0.0003788025740014854,-1.0008792930457275,6.823770305354874,-7.824649598400602,30.285714285714285,36.69064748016666,19.047619046258504,23.0,1.0,6.0,18.6,1,44022.0,44018.0,9.087191603434753e-05,0.0017718413520512069,-0.0010103160975520797,44210.0,44094.0,-0.0024881248586292133,0.00013607293509320688,0,-0.0003785632644021555,44207.75694734896,44081.44305265104,0.0028613668421032983,1,16501.935483870966,4441.1137562421345,44144.6,0.19255273962872319,1.692195477728779,-0.0001587049674655061,0
2026-06-09 00:35:00,44093.0,44108.0,44088.0,44104.0,36,00:35:00,2026-06-09,1,9.070294784585542e-05,36,44116.486537023186,-0.00028303561782297323,-2.843974282768613,4.890221387730177,-7.73419567049879,28.785714285714285,29.317269074656863,10.526315788642663,11.0,4.0,5.0,16.2,0,44022.0,44018.0,9.087191603434753e-05,0.0018627050111307561,-0.0009117835278660096,44210.0,44088.0,-0.0023976475910426963,0.00036291054255125293,0,-0.00028285760938707164,44208.262745429216,44080.237254570784,0.0029001623282404647,1,5493.923875432526,-1286.204031352771,44144.25,-0.37376064368411455,0.5176132278861594,9.070294784585542e-05,-1
2026-06-09 00:36:00,44107.0,44132.0,44107.0,44121.0,58,00:36:00,2026-06-09,1,0.0003854525666606712,58,44116.56112737921,0.0001006169227010733,-2.8994592543895124,3.3322852593062393,-6.231744513695752,28.642857142857142,34.749034747156415,74.99999999196429,14.0,11.0,0.0,14.8,0,44022.0,44018.0,9.087191603434753e-05,0.0022488755622188396,-0.0005063050266914051,44210.0,44088.0,-0.0020131192037999997,0.0007485029940119591,0,0.0001005558622259228,44208.174540500244,44078.52545949975,0.002937001405658786,1,9074.531914893618,3234.0248483245055,44143.35,-0.3964199877223067,0.8541973490301296,0.0003854525666606712,0
2026-06-09 00:37:00,44124.0,44134.0,44086.0,44120.0,100,00:37:00,2026-06-09,1,-2.2664944130945663e-05,100,44116.447151600754,8.053342072258666e-05,-2.9896601950749755,2.0678961684299964,-5.057556363504972,30.571428571428573,37.4999999978125,95.45454544152892,4.0,10.0,34.0,14.6,0,44022.0,44018.0,9.087191603434753e-05,0.002226159647448952,-0.0005074486208271628,44210.0,44086.0,-0.002035738520696629,0.0007712198883999281,0,8.04860723305852e-05,44208.04465744496,44076.75534255504,0.002974222400456559,1,12714.697406340058,-2295.0265932336024,44142.4,-0.49836220058559594,1.4164305948807872,-2.2664944130945663e-05,0
2026-06-09 00:38:00,44121.0,44121.0,44096.0,44096.0,24,00:38:00,2026-06-09,1,-0.0005439709882140153,24,44116.34535480859,-0.0004611749827634119,-4.940790160631877,0.6661589026176217,-5.606949063249499,29.357142857142858,39.82300884709061,40.476190473299326,25.0,0.0,0.0,15.4,1,44022.0,44018.0,9.087191603434753e-05,0.0016809776929716579,-0.001012670845727324,44210.0,44086.0,-0.0025786021262157303,0.00022682937894115534,0,-0.0004609205293207534,44209.387239284566,44072.01276071543,0.0031121952884556603,1,3168.574850299401,-4232.583264452413,44140.7,-0.8041817450750461,0.3389830508426697,-0.0005439709882140153,1
2026-06-09 00:39:00,44099.0,44100.0,44076.0,44082.0,59,00:39:00,2026-06-09,1,-0.0003174891146588976,59,44115.731160663236,-0.0007646061796049753,-7.529957054888655,-0.9730642888836337,-6.556892766005022,29.142857142857142,37.238493721668036,0.0,17.0,1.0,6.0,14.2,1,44022.0,44018.0,9.087191603434753e-05,0.0013629548861932362,-0.0012404628795731167,44210.0,44076.0,-0.002895272562768539,0.00013612850530900862,0,-0.0007642420582221138,44209.488536796285,44064.011463203715,0.0032960531437536086,0,9389.306859205777,346.8773345714212,44136.75,-1.495128937880461,0.8932626797745153,-0.0003174891146588976,0
2026-06-09 00:40:00,44088.0,44101.0,44075.0,44081.0,20,00:40:00,2026-06-09,1,-2.2684996143551572e-05,20,44115.526291879614,-0.0007826335710284566,-9.552467219276878,-2.6889448749622824,-6.863522344314595,28.571428571428573,31.363636361640488,0.0,7.0,13.0,6.0,13.4,0,44022.0,44018.0,9.087191603434753e-05,0.0013402389714233488,-0.001157887342773115,44210.0,44075.0,-0.002917891879665168,0.0001361315938740752,0,-0.0007823396548003271,44206.67924078661,44057.52075921339,0.0033798183538335355,0,3377.854406130268,-7343.346602612865,44132.1,-2.333357497554032,0.3167062549435201,-2.2684996143551572e-05,1
2026-06-09 00:41:00,44081.0,44114.0,44075.0,44114.0,32,00:41:00,2026-06-09,1,0.0007486218552210655,32,44115.369621390855,-3.1046354198311727e-05,-8.39571629713464,-3.830299159396754,-4.565417137737887,29.357142857142858,37.34439833807958,68.74999999570312,33.0,0.0,6.0,17.2,1,44022.0,44018.0,9.087191603434753e-05,0.0020898641588296286,-0.00030479894034204984,44210.0,44075.0,-0.0021714544220764044,0.0008848553601814887,0,-3.103785491468784e-05,44193.472245042925,44061.42775495707,0.0029923435432107123,1,6007.012765957446,8958.090150181679,44127.45,-3.0017648111606747,0.5714285714183673,0.0007486218552210655,-1
2026-06-09 00:42:00,44115.0,44134.0,44115.0,44129.0,43,00:42:00,2026-06-09,1,0.0003400281089902535,43,44115.521483942415,0.00030552775087313693,-6.197171086947492,-4.303673544906902,-1.8934975420405902,28.285714285714285,45.85152838147632,97.95918366747189,14.0,5.0,0.0,19.2,0,44022.0,44018.0,9.087191603434753e-05,0.0024306028803779377,0.00011558361794851383,44200.0,44075.0,-0.001606334841628923,0.0012251843448666767,0,0.00030546973539475155,44180.45328180226,44067.34671819774,0.00256338545787026,1,10660.376404494382,1353.741617297746,44123.9,-2.911406027856275,0.7955596669603042,0.0003400281089902535,-1
2026-06-09 00:43:00,44128.0,44128.0,44099.0,44104.0,46,00:43:00,2026-06-09,1,-0.0005665208819597423,46,44115.44339005236,-0.0002593964646615856,-6.398343117856712,-4.722607459496864,-1.675735658359848,27.785714285714285,47.5113122141848,65.75342465483205,24.0,0.0,5.0,19.0,1,44022.0,44018.0,9.087191603434753e-05,0.0018627050111307561,-0.0003649130441680364,44191.0,44075.0,-0.001968726663800277,0.0006579693703913634,0,-0.0002593690869322122,44170.67938001397,44069.520619986026,0.00229280441404129,1,10143.92,20030.66082892856,44120.1,-2.719109219819587,0.8614232209576513,-0.0005665208819597423,0
2026-06-09 00:44:00,44101.0,44104.0,44089.0,44096.0,13,00:44:00,2026-06-09,1,-0.0001813894431343943,13,44115.36244162051,-0.0004389047385961201,-7.12121757947898,-5.202329483493287,-1.918888095985693,27.0,49.52830188352171,31.249999998046874,5.0,3.0,7.0,16.6,0,44022.0,44018.0,9.087191603434753e-05,0.0016809776929716579,-0.0004941316203437709,44191.0,44075.0,-0.0021497590007014517,0.00047646057855926316,0,-0.00043888048861259044,44168.36980582858,44067.230194171425,0.0022924899169304365,1,3722.3896103896104,-3803.260030534818,44117.8,-2.186847415836215,0.2694300518078875,-0.0001813894431343943,1
2026-06-09 00:45:00,44093.0,44128.0,44093.0,44115.0,46,00:45:00,2026-06-09,1,0.0004308780841799642,46,44115.31278758695,-7.090227115760163e-06,-6.090749222297745,-5.380013431254179,-0.7107357910435663,27.214285714285715,47.29064039082724,36.538461536353545,22.0,13.0,0.0,19.6,1,44022.0,44018.0,9.087191603434753e-05,0.002112580073599516,-3.1734230354276945e-05,44191.0,44075.0,-0.0017198072005611615,0.0009075439591605013,0,-7.090052382941265e-06,44165.563101251806,44067.2368987482,0.0022287902572196965,1,11273.833333333334,575.4552236826464,44116.4,-1.699759087478668,0.9684210526111912,0.0004308780841799642,0
2026-06-09 00:46:00,44128.0,44139.0,44109.0,44125.0,41,00:46:00,2026-06-09,1,0.00022668026748262626,41,44115.42997465146,0.00021693147622135325,-4.416271173540736,-5.1872649797114905,0.7709938061707549,28.357142857142858,47.804878045515764,78.37837837202338,3.0,11.0,16.0,13.6,0,44022.0,44018.0,9.087191603434753e-05,0.002339739221298389,0.00023801697854446412,44191.0,44075.0,-0.0014935167794346929,0.0011344299489506266,0,0.00021693604933844605,44158.77426481254,44070.22573518746,0.0020072431881826267,1,9572.089947089948,-563.7170373090999,44114.5,-1.2692627623234185,0.8568443051022604,0.00022668026748262626,0
2026-06-09 00:47:00,44113.0,44134.0,44110.0,44132.0,9,00:47:00,2026-06-09,1,0.00015864022662892552,9,44115.45813586098,0.00037496752471836037,-2.495625737348746,-4.6489371312389425,2.1533113938901964,28.142857142857142,56.756756752461655,99.99999999166667,19.0,2.0,3.0,14.6,1,44022.0,44018.0,9.087191603434753e-05,0.0024987506246875995,0.00044545348411501566,44170.0,44075.0,-0.0008603124292506032,0.0012932501418037143,0,0.0003749939447574261,44147.48747434911,44077.21252565089,0.001593090114179352,1,2562.5032258064516,-3115.972549852881,44112.35,-1.2353290508602797,0.19459459459038717,0.00015864022662892552,-1
2026-06-09 00:48:00,44133.0,44164.0,44131.0,44162.0,86,00:48:00,2026-06-09,1,0.0006797788452823639,86,44116.433610171225,0.0010328665782781748,1.4307560230517993,-3.432998500380794,4.863754523432593,28.357142857142858,64.90384614947763,99.99999999361702,29.0,2.0,2.0,15.6,1,44022.0,44018.0,9.087191603434753e-05,0.0031802280677842177,0.0011096489587547444,44164.0,44075.0,-4.5285753102073065e-05,0.0019739081111740902,0,0.001032945802404817,44151.57258392238,44074.527416077624,0.0017465391271915078,1,19476.574358974358,7275.91120350164,44113.05,-0.7593547977619536,1.7786970009973384,0.0006797788452823639,0
2026-06-09 00:49:00,44159.0,44174.0,44156.0,44160.0,57,00:49:00,2026-06-09,1,-4.528780399437604e-05,57,44117.24173720274,0.0009691961943577509,4.331131977531186,-1.8801724047983983,6.211304382329584,28.214285714285715,63.59223300538694,94.87179486449705,1.0,14.0,3.0,14.8,0,44022.0,44018.0,9.087191603434753e-05,0.0031347962382444433,0.0010132539051076628,44174.0,44075.0,-0.0003169285099832409,0.0019285309132160652,0,0.0009692388535781877,44159.18549692647,44071.41450307354,0.001989581706413142,1,10531.882845188284,1002.6994140293541,44115.3,0.1813462693678746,1.163265306098709,-4.528780399437604e-05,0
2026-06-09 00:50:00,44161.0,44167.0,44155.0,44155.0,16,00:50:00,2026-06-09,1,-0.00011322463768115298,16,44117.442739671074,0.0008513018433671069,6.155288272602775,-0.27308026931816376,6.428368541920938,27.071428571428573,58.76288659369752,81.08108107450694,6.0,6.0,0.0,11.6,0,44022.0,44018.0,9.087191603434753e-05,0.0030212166643950066,0.0008352571447351648,44174.0,44075.0,-0.0004301172635486841,0.0018150879183210025,0,0.000851288196103526,44164.63157527977,44071.668424720236,0.002107140724611742,1,3380.287081339713,3191.3476139172258,44118.15,1.3148245332662871,0.34078807241020687,-0.00011322463768115298,1
2026-06-09 00:51:00,44159.0,44170.0,44144.0,44144.0,21,00:51:00,2026-06-09,1,-0.0002491224096931033,21,44117.66387643248,0.0005969519066395184,6.636831942269055,1.1089021729992798,5.527929769269775,25.5,55.88235293734141,0.0,15.0,11.0,0.0,14.0,1,44022.0,44018.0,9.087191603434753e-05,0.0027713416019262468,0.0005655153499451263,44174.0,44075.0,-0.0006791325213926591,0.0015655133295518647,0,0.0005969331517228448,44166.84991189671,44071.2500881033,0.0021668604331554903,1,4904.888888888889,-7481.647029664214,44119.05,1.3601417267679292,0.4692737430062732,-0.0002491224096931033,1
2026-06-09 00:52:00,44149.0,44170.0,44140.0,44168.0,41,00:52:00,2026-06-09,1,0.0005436752446539295,41,44118.16843866903,0.0011295020417776442,8.85300624822412,2.657722988044248,6.195283260179871,25.857142857142858,67.64705881888696,59.999999995500005,19.0,2.0,9.0,14.0,1,44022.0,44018.0,9.087191603434753e-05,0.0033165235564035413,0.0010709246782976021,44174.0,44075.0,-0.00013582650427853183,0.0021100397050481654,0,0.0011294359531732051,44172.99990554985,44068.50009445015,0.0023684958007217536,1,8194.06334841629,-2219.754559689274,44120.75,1.2353990565624828,0.9100998889920068,0.0005436752446539295,0
2026-06-09 00:53:00,44165.0,44169.0,44153.0,44154.0,11,00:53:00,2026-06-09,1,-0.00031697156312260333,11,44118.29957805907,0.0008091975956091007,9.37162707200332,4.000503804836063,5.371123267167258,25.285714285714285,67.64705881888696,48.97959183373594,11.0,4.0,1.0,10.4,1,44022.0,44018.0,9.087191603434753e-05,0.0029985007496251197,0.0007003134412586776,44174.0,44075.0,-0.00045275501426177275,0.00179239931934199,0,0.0008091095580529792,44176.949302380024,44069.25069761997,0.002440866683439033,1,3326.671232876712,-158.61329873127607,44123.1,1.1219872093451537,0.2514285714228245,-0.00031697156312260333,1
2026-06-09 00:54:00,44153.0,44170.0,44153.0,44165.0,20,00:54:00,2026-06-09,1,0.00024912805181864783,20,44118.55926251097,0.0010526349514883195,10.54864763680962,5.310132571230774,5.238515065578845,24.642857142857142,69.62616821974407,71.42857142419825,12.0,5.0,0.0,12.6,0,44022.0,44018.0,9.087191603434753e-05,0.0032483758120938795,0.0008758938820002239,44174.0,44075.0,-0.00020373975641779774,0.002041973908111128,0,0.0010524491032915205,44182.140114182585,44070.55988581741,0.0025286530239906407,0,8103.6697247706425,6521.617325782843,44126.35,1.654614049938889,0.5134788189855333,0.00024912805181864783,-1
2026-06-09 00:55:00,44168.0,44170.0,44149.0,44149.0,33,00:55:00,2026-06-09,1,-0.0003622778218046463,33,44118.91739130435,0.0006818528303593361,10.07424896095472,6.2629558491755635,3.8112931117791558,23.357142857142858,58.88324872677987,26.82926829071981,19.0,2.0,0.0,15.2,1,44022.0,44018.0,9.087191603434753e-05,0.002884921175775683,0.00046228522998692447,44174.0,44075.0,-0.0005659437678272159,0.0016789563244469273,0,0.0006817032195820989,44184.22430364778,44072.975696352216,0.0025210092161446953,0,11562.833333333334,4111.232537112547,44128.6,1.7792081956899066,0.8505154638956054,-0.0003622778218046463,0
2026-06-09 00:56:00,44154.0,44154.0,44139.0,44143.0,19,00:56:00,2026-06-09,1,-0.00013590341797098393,19,44119.062073604306,0.0005425755959126677,9.109130352109787,6.832190749762409,2.276939602347378,23.0,53.72340425131847,33.33333333030302,11.0,0.0,4.0,14.4,0,44022.0,44018.0,9.087191603434753e-05,0.0027486256871563594,0.00030138432846818833,44174.0,44075.0,-0.0007017702721057478,0.0015428247305728521,0,0.0005424448023823828,44185.561105935194,44073.8388940648,0.0025316784811678173,0,6763.846774193548,10332.17682393149,44129.7,1.495815117251178,0.5156037991718968,-0.00013590341797098393,1
2026-06-09 00:57:00,44147.0,44157.0,44147.0,44152.0,28,00:57:00,2026-06-09,1,0.00020388283533057106,28,44119.3258030693,0.0007405869499579469,8.967124258553667,7.259177451520662,1.7079468070330055,21.857142857142858,63.953488366887505,29.032258061706557,5.0,5.0,0.0,11.6,0,44022.0,44018.0,9.087191603434753e-05,0.002953068920085345,0.0004690548431611265,44174.0,44075.0,-0.00049803051568795,0.001747022121383965,0,0.0007403860056398983,44187.82051326257,44074.77948673743,0.0025614705781415604,0,11137.441441441442,3743.70108815937,44131.3,1.1217787104540407,0.8421052631325684,0.00020388283533057106,0
2026-06-09 00:58:00,44155.0,44160.0,44129.0,44130.0,29,00:58:00,2026-06-09,1,-0.0004982786736728029,29,44119.49309888447,0.00023814646038609473,6.998690717919089,7.207080104800347,-0.20838938688125808,23.0,59.13978494178517,24.32432432235207,25.0,5.0,1.0,14.4,1,44022.0,44018.0,9.087191603434753e-05,0.002453318795147825,-6.797634423220566e-05,44174.0,44075.0,-0.0009960610313759,0.0012478729438456892,0,0.00023807357568096595,44187.040920153595,44078.959079846405,0.002449002793990606,0,9920.697674418605,-1420.1844924814238,44133.0,0.9970857901681575,0.865671641765204,-0.0004982786736728029,0
2026-06-09 00:59:00,44129.0,44129.0,44104.0,44108.0,79,00:59:00,2026-06-09,1,-0.0004985270790844876,79,44119.365418400375,-0.0002576061167832446,3.6217277932955767,6.490009642499393,-2.8682818492038162,22.357142857142858,48.14814814458162,16.981132074510498,21.0,0.0,4.0,16.2,1,44022.0,44018.0,9.087191603434753e-05,0.001953568670210305,-0.0005959083977768383,44174.0,44075.0,-0.00149409154706385,0.0007487237663074135,0,-0.0002575189455905065,44184.27304535023,44084.326954649776,0.0022645899153368653,1,18534.744680851065,17402.667889473232,44134.3,1.042381887936202,2.289855072397396,-0.0004985270790844876,0
2026-06-09 01:00:00,44106.0,44111.0,44104.0,44104.0,33,01:00:00,2026-06-09,1,-9.068649678067864e-05,33,44119.24720542423,-0.0003455907883749372,0.6155975498550106,5.315127223970517,-4.699529674115507,20.714285714285715,44.262295078581026,0.0,2.0,5.0,0.0,12.8,0,44022.0,44018.0,9.087191603434753e-05,0.0018627050111307561,-0.000712579117240141,44174.0,44075.0,-0.0015846425499162046,0.0006579693703913634,0,-0.00034546391674337317,44181.13300384745,44089.766996152546,0.0020701274756437225,1,7741.659574468085,-3048.978425455914,44135.45,0.9403756517469866,0.9388335703858086,-9.068649678067864e-05,0
2026-06-09 01:01:00,44102.0,44115.0,44050.0,44055.0,157,01:01:00,2026-06-09,1,-0.0011110103391982484,157,44117.34773825209,-0.0014132249885463227,-5.655479963381367,3.12100578650014,-8.776485749881507,23.642857142857142,32.888888886842466,0.0,47.0,13.0,5.0,20.0,1,44022.0,44018.0,9.087191603434753e-05,0.0007496251874062799,-0.0017560754545969128,44174.0,44050.0,-0.0026938923348575478,0.0001135073779795661,0,-0.0014127397779886805,44190.08472018179,44074.91527981821,0.0026096287398985974,0,21216.671779141103,11386.269872783409,44132.5,-0.11329390705367866,3.792270531309366,-0.0011110103391982484,0
2026-06-09 01:02:00,44054.0,44057.0,44020.0,44036.0,146,01:02:00,2026-06-09,1,-0.00043127908296447526,146,44114.39583861964,-0.0017771033044729188,-12.019936932854762,0.09281724262915958,-12.112754175483921,23.928571428571427,20.560747662206296,0.0,18.0,3.0,16.0,22.6,0,44022.0,44018.0,9.087191603434753e-05,0.0003180228067784218,-0.0020814519628759723,44174.0,44020.0,-0.0031240095984062318,0.00036347114947750197,0,-0.0017765614825929054,44199.842031711734,44055.85796828826,0.003262884174585172,0,14480.306306306305,-2187.4800243315735,44127.85,-1.4614483519630685,3.1364124596533536,-0.00043127908296447526,0
2026-06-09 01:03:00,44039.0,44047.0,43983.0,43984.0,140,01:03:00,2026-06-09,1,-0.0011808520301571646,140,44110.631544556076,-0.0028707715152108547,-21.017503653289168,-4.129246936554506,-16.888256716734663,27.214285714285715,16.666666665782827,0.0,55.0,8.0,1.0,28.6,1,44022.0,44018.0,9.087191603434753e-05,-0.0008632047612557162,-0.0031243023581285787,44174.0,43983.0,-0.004301172635486841,2.2736057112974954e-05,1,-0.002870041590642119,44218.119960327975,44025.58003967202,0.004363822474713729,0,11095.063063063064,4331.633878160271,44121.85,-3.0814232096871215,2.731707317019869,-0.0011808520301571646,0
2026-06-09 01:04:00,43982.0,43991.0,43900.0,43935.0,243,01:04:00,2026-06-09,1,-0.0011140414696253487,243,44101.15479494296,-0.0037675837677159365,-31.736195486650104,-9.650636646573627,-22.085558840076477,32.857142857142854,14.285714285064927,0.0,47.0,9.0,35.0,33.8,1,44022.0,44018.0,9.087191603434753e-05,-0.0019762845849801924,-0.004053153434979504,44174.0,43900.0,-0.005410422420428184,0.00079726651480636,1,-0.003766503791170902,44241.09675233984,43986.50324766016,0.0057712893625050336,0,14848.685674547984,-3001.4067101955748,44113.8,-4.237240129155858,3.8725099600976494,-0.0011140414696253487,0
2026-06-09 01:05:00,43937.0,43973.0,43928.0,43957.0,93,01:05:00,2026-06-09,1,0.0005007397291454385,93,44098.02837521696,-0.0031980653197687644,-38.01737916821003,-15.323985150900906,-22.69339401730912,34.214285714285715,20.689655171505777,17.886178861352363,20.0,16.0,9.0,37.4,0,44022.0,44018.0,9.087191603434753e-05,-0.0014765344600426724,-0.0033759655737667315,44174.0,43900.0,-0.0049123919047402344,0.0012984054669703579,1,-0.0031974945578020237,44251.218380039514,43960.58161996049,0.0065895211316177385,0,5247.754813863928,-6375.9365977096195,44105.9,-4.974182970617669,1.4285714285494844,0.0005007397291454385,0
2026-06-09 01:06:00,43955.0,43991.0,43952.0,43981.0,80,01:06:00,2026-06-09,1,0.0005459881247582565,80,44095.833815136015,-0.0026041874073054784,-40.59075807349291,-20.377339735419305,-20.213418338073602,34.857142857142854,20.689655171505777,48.42105263004986,26.0,10.0,3.0,33.2,0,44022.0,44018.0,9.087191603434753e-05,-0.0009313525055653781,-0.0026690129187480456,44174.0,43900.0,-0.004369085887626107,0.001845102505694719,1,-0.0026040181487438927,44253.96290097572,43943.437099024275,0.007041608980569427,0,5012.079772079772,-5482.603619653457,44098.7,-5.246833484996992,1.1931394481552104,0.0005459881247582565,0
2026-06-09 01:07:00,43968.0,44005.0,43968.0,43996.0,67,01:07:00,2026-06-09,1,0.0003410563652486154,67,44094.27527023079,-0.0022287534975574856,-40.94778418933856,-24.491428626203156,-16.456355563135407,36.357142857142854,25.312499998892577,99.99999999508196,28.0,9.0,0.0,35.2,0,44022.0,44018.0,9.087191603434753e-05,-0.000590613784017069,-0.0021750026648885462,44174.0,43900.0,-0.004029519626929778,0.0021867881548974445,1,-0.002228873562508974,44252.831368171304,43930.9686318287,0.007299815529441881,0,4731.512038523275,-6813.514581540693,44091.9,-4.964432898549083,0.9578270192858065,0.0003410563652486154,0
2026-06-09 01:08:00,44000.0,44020.0,44000.0,44012.0,46,01:08:00,2026-06-09,1,0.0003636694244930627,46,44093.4409978308,-0.0018470093507741386,-39.484510813548695,-27.490045063672266,-11.99446574987643,36.857142857142854,26.46153846039857,99.99999999454545,12.0,8.0,0.0,26.6,0,44022.0,44018.0,9.087191603434753e-05,-0.0002271591476988727,-0.0016423043071925629,44174.0,43900.0,-0.003667315615520359,0.002551252847380352,1,-0.00184738814253571,44245.55687028613,43923.243129713876,0.007311287906203658,0,3827.1304347826085,-2707.1089055612947,44084.4,-4.874631285156861,0.6769683590776016,0.0003636694244930627,-1
2026-06-09 01:09:00,43996.0,44025.0,43987.0,44009.0,60,01:09:00,2026-06-09,1,-6.81632282104605e-05,60,44092.33040685225,-0.001889907067359189,-38.12742186313699,-29.61752042356521,-8.509901439571777,38.07142857142857,27.564102562865713,91.17647058019031,13.0,16.0,9.0,19.8,0,44022.0,44018.0,9.087191603434753e-05,-0.0002953068920085345,-0.0015393568279039227,44170.0,43900.0,-0.003645007923930187,0.002482915717539807,1,-0.0018905708291823606,44237.24067435282,43916.45932564718,0.007277773904115965,0,7631.618497109826,5226.45058369267,44076.85,-4.954794585781111,0.8810572687095293,-6.81632282104605e-05,0
2026-06-09 01:10:00,44005.0,44005.0,43945.0,43952.0,72,01:10:00,2026-06-09,1,-0.0012951896203049484,72,44090.43251792493,-0.0031397405291645835,-41.17668354741181,-31.929353048334534,-9.247330499077279,41.57142857142857,23.6914600541827,21.052631578116333,53.0,0.0,7.0,26.4,1,44022.0,44018.0,9.087191603434753e-05,-0.0015901140338921088,-0.002602872463787724,44170.0,43900.0,-0.004935476567806092,0.0011845102505694493,1,-0.0031414314646870537,44231.8883773099,43901.511622690094,0.007497197535095649,0,9737.058461538461,10579.16873561932,44066.7,-5.715335469781154,1.01551480957665,-0.0012951896203049484,0
2026-06-09 01:11:00,43958.0,43963.0,43919.0,43931.0,84,01:11:00,2026-06-09,1,-0.00047779395704405925,84,44087.773518441776,-0.0035559409317005926,-44.771669954789104,-34.497816429625445,-10.27385352516366,43.714285714285715,20.533333332566755,0.0,27.0,5.0,12.0,26.6,1,44022.0,44018.0,9.087191603434753e-05,-0.0020671482440597416,-0.0028384296821889407,44170.0,43900.0,-0.005410912383970899,0.0007061503416856331,1,-0.0035585014644248076,44227.59710876192,43884.50289123809,0.00778767541628954,0,11216.425531914894,19307.664640784624,44056.05,-6.430846285760619,1.1343686698023718,-0.00047779395704405925,0
2026-06-09 01:12:00,43930.0,43930.0,43905.0,43926.0,78,01:12:00,2026-06-09,1,-0.00011381484600847536,78,44085.11031810767,-0.003609162299006692,-47.47689668472594,-37.093632480645546,-10.383264204080398,43.357142857142854,21.508379887427054,0.0,4.0,0.0,21.0,21.8,0,44022.0,44018.0,9.087191603434753e-05,-0.002180727817909178,-0.002678006854516782,44170.0,43900.0,-0.005524111387819663,0.0005922551252847246,1,-0.003612535163346274,44216.38576988279,43871.5142301172,0.007830168269775594,0,10077.141176470588,3204.461386908828,44043.95,-7.464235760949673,1.0276679841761833,-0.00011381484600847536,0
2026-06-09 01:13:00,43929.0,43935.0,43907.0,43931.0,99,01:13:00,2026-06-09,1,0.00011382780130220205,99,44081.92884269438,-0.003423825741223026,-48.65646866191673,-39.406199716899785,-9.250268945016948,43.5,24.046920820127113,16.129032256503635,2.0,4.0,22.0,19.8,0,44022.0,44018.0,9.087191603434753e-05,-0.0020671482440597416,-0.002311912937628327,44170.0,43900.0,-0.005410912383970899,0.0007061503416856331,1,-0.0034276458161729157,44204.10901594947,43861.490984050535,0.0077809730904899906,0,11066.587786259543,1365.4322092988796,44032.8,-7.692883742144109,1.2328767123134137,0.00011382780130220205,0
2026-06-09 01:14:00,43939.0,43968.0,43937.0,43963.0,53,01:14:00,2026-06-09,1,0.0007284150144544199,53,44080.60878164557,-0.0026680389608080214,-46.47343851684127,-40.81964747688808,-5.653791039953191,45.642857142857146,30.894308941917288,88.09523808894558,24.0,5.0,2.0,22.0,1,44022.0,44018.0,9.087191603434753e-05,-0.0013402389714233488,-0.001356118547930857,44170.0,43900.0,-0.004686438759338812,0.0014350797266514481,1,-0.0026715485793821505,44184.760547484,43860.63945251599,0.007362590094837494,0,6036.370466321244,-4618.276161914927,44022.7,-7.569902431108967,0.6467358145131575,0.0007284150144544199,-1
2026-06-09 01:15:00,43954.0,43978.0,43951.0,43978.0,17,01:15:00,2026-06-09,1,0.00034119600573201403,17,44080.23477232407,-0.0023192882899129535,-43.036894232049235,-41.26309682792031,-1.7737974041289277,42.92857142857143,38.50746268495789,99.99999999423076,24.0,0.0,3.0,16.2,1,44022.0,44018.0,9.087191603434753e-05,-0.0009995002498750399,-0.000821326777865769,44160.0,43900.0,-0.00412137681159411,0.0017767653758541738,1,-0.002322770570920147,44165.86757001349,43862.43242998651,0.006894036123087093,0,2258.688821752266,-7758.601589281944,44014.15,-6.765968992335074,0.20948860135293296,0.00034119600573201403,-1
2026-06-09 01:16:00,43986.0,43998.0,43956.0,43956.0,61,01:16:00,2026-06-09,1,-0.0005002501250624958,61,44078.925009738996,-0.0027887479041703825,-41.608981823941576,-41.33227382712457,-0.2767079968170094,43.285714285714285,38.16568047179195,68.11594202602394,30.0,12.0,0.0,16.8,1,44022.0,44018.0,9.087191603434753e-05,-0.0014992503748125598,-0.0011089699305530715,44160.0,43900.0,-0.0046195652173912005,0.001275626423690176,1,-0.0027934454818336427,44145.74956170743,43863.850438292575,0.0064060994122197975,0,8705.57142857143,-2133.463722774232,44004.8,-6.358896095637797,0.7327327327239311,-0.0005002501250624958,1
2026-06-09 01:17:00,43952.0,43975.0,43942.0,43974.0,39,01:17:00,2026-06-09,1,0.00040950040950038513,39,44078.05606031317,-0.0023607225366468546,-38.58017316432961,-40.78185369456558,2.2016805302359685,41.07142857142857,48.35526315566785,59.99999999672727,22.0,1.0,10.0,20.4,1,44022.0,44018.0,9.087191603434753e-05,-0.001090363908954589,-0.0004977736561816205,44160.0,43900.0,-0.004211956521739035,0.001685649202733447,1,-0.0023651308488555696,44119.07193801316,43872.72806198684,0.005599246203085238,1,6375.412639405205,561.665615083734,43995.9,-6.087768355869957,0.46539379474384973,0.00040950040950038513,-1
2026-06-09 01:18:00,43971.0,43995.0,43965.0,43965.0,40,01:18:00,2026-06-09,1,-0.00020466639377814122,40,44077.26529829273,-0.002547011424891597,-36.48546355164581,-39.922575665981626,3.437112114335818,36.714285714285715,55.681818178865356,36.73469387530195,6.0,24.0,0.0,21.2,0,44022.0,44018.0,9.087191603434753e-05,-0.0012948071418835744,-0.000514917255184147,44129.0,43900.0,-0.0037163769856556074,0.0014806378132118114,1,-0.002552200408358471,44093.9510125129,43881.3489874871,0.004833220802334197,1,8374.285714285714,27075.871778517212,43987.65,-6.020791041062931,0.47421458209277756,-0.00020466639377814122,1
2026-06-09 01:19:00,43964.0,43965.0,43903.0,43906.0,138,01:19:00,2026-06-09,1,-0.0013419765722734178,138,44073.32984488881,-0.003796623615181881,-39.13507324481907,-39.76507518174911,0.6300019369300429,37.92857142857143,41.52823920072626,20.93023255740941,58.0,1.0,3.0,28.0,1,44022.0,44018.0,9.087191603434753e-05,-0.002635046113306923,-0.0016269664863095212,44115.0,43900.0,-0.00473761759038865,0.00013667425968109028,1,-0.0038048923800622185,44073.59489081008,43881.50510918992,0.004367905479503906,1,20539.077966101693,13593.026758350456,43977.55,-6.19250627204305,1.5807560137275973,-0.0013419765722734178,0
2026-06-09 01:20:00,43909.0,43918.0,43887.0,43909.0,121,01:20:00,2026-06-09,1,6.832779119037014e-05,121,44069.60026803119,-0.003644241541888574,-40.525678295089165,-39.91719580441712,-0.6084824906720456,37.357142857142854,37.14285714099999,4.225352112497518,0.0,9.0,22.0,23.2,0,44022.0,44018.0,9.087191603434753e-05,-0.0025668983689972613,-0.0013373423277944672,44115.0,43887.0,-0.0046696135101438364,0.0005012873971791077,1,-0.0036526791886604074,44048.09576903165,43887.504230968356,0.003652480634994029,1,13315.761904761905,10886.117743124156,43967.8,-6.386958784795525,1.3195201744676168,6.832779119037014e-05,0
2026-06-09 01:21:00,43904.0,43943.0,43904.0,43924.0,75,01:21:00,2026-06-09,1,0.0003416156141109461,75,44067.62712577369,-0.003259243466042719,-39.95677138808969,-39.925110921151635,-0.031660466938056686,37.5,37.14285714099999,23.376623375712597,20.0,19.0,0.0,21.2,0,44022.0,44018.0,9.087191603434753e-05,-0.002226159647448952,-0.0008473371435070467,44057.0,43887.0,-0.003018816533127471,0.0008430742588921357,1,-0.0032671301606229295,44032.45282370326,43890.04717629674,0.0032393448185961816,1,7976.513317191283,-474.992627031903,43961.25,-6.001684563735833,0.8561643835518703,0.0003416156141109461,0
2026-06-09 01:22:00,43932.0,43959.0,43921.0,43935.0,81,01:22:00,2026-06-09,1,0.0002504325653400752,81,44065.76628760957,-0.002967525556144407,-38.178205903823255,-39.57572991768596,1.3975240138627072,38.5,35.99999999816728,99.99999998965517,3.0,24.0,11.0,17.4,0,44022.0,44018.0,9.087191603434753e-05,-0.0019762845849801924,-0.00048229828784100107,44047.0,43887.0,-0.002542738438486105,0.0010937179574816895,1,-0.0029749224821428617,44018.899282276936,43893.50071772306,0.0028528072161350384,1,7821.395604395604,-6191.94414797769,43956.2,-4.854749753000297,0.9602845287378745,0.0002504325653400752,0
2026-06-09 01:23:00,43933.0,43936.0,43897.0,43920.0,58,01:23:00,2026-06-09,1,-0.00034141345169003134,58,44064.25559854614,-0.003273755486995974,-37.5462448446051,-39.16983290306979,1.6235880584646907,38.57142857142857,34.49477351748109,63.41463414170137,13.0,3.0,23.0,18.8,0,44022.0,44018.0,9.087191603434753e-05,-0.0023170233065285015,-0.0007508019930380008,44025.0,43887.0,-0.00238500851788751,0.0007519310957686616,1,-0.0032820421483433096,44016.255538539575,43889.744461460425,0.002878326327648803,1,5385.53911205074,-5955.51561332379,43953.0,-3.3660997366261016,0.7227414330128007,-0.00034141345169003134,1
2026-06-09 01:24:00,43919.0,43933.0,43907.0,43920.0,46,01:24:00,2026-06-09,1,0.0,46,44063.09792975111,-0.0032475685204713125,-36.62324122447899,-38.660514567351626,2.0372733428726377,35.857142857142854,43.04347825824952,42.30769230281065,1.0,13.0,12.0,7.4,0,44022.0,44018.0,9.087191603434753e-05,-0.0023170233065285015,-0.000733750831868659,44025.0,43887.0,-0.00238500851788751,0.0007519310957686616,1,-0.003255758914528934,44016.74765396087,43887.75234603913,0.002934896573479961,1,5302.677165354331,-3352.1365106658814,43952.25,-2.047257527936535,0.6534090908998095,0.0,0
2026-06-09 01:25:00,43910.0,43931.0,43895.0,43930.0,27,01:25:00,2026-06-09,1,0.00022768670309658567,27,44062.42079064652,-0.003005299942000248,-34.685010567969584,-37.86541376747522,3.1804031995056334,35.285714285714285,49.771689494535146,39.9999999952,20.0,1.0,15.0,11.4,1,44022.0,44018.0,9.087191603434753e-05,-0.0020898641588296286,-0.0004755306489742185,44025.0,43887.0,-0.002157864849517271,0.000979789003577347,1,-0.0030129255748237356,44016.105424363726,43885.69457563628,0.002967194044432465,1,4132.7874564459935,-4716.048560280754,43950.9,-1.2057457196017023,0.4023845007391597,0.00022768670309658567,-1
2026-06-09 01:26:00,43926.0,43981.0,43921.0,43972.0,52,01:26:00,2026-06-09,1,0.0009560664693830656,52,44061.486376412555,-0.002030943206229592,-29.420755659673887,-36.17648214591495,6.755726486241066,37.714285714285715,58.98437499677429,99.99999999423076,46.0,9.0,5.0,16.6,1,44022.0,44018.0,9.087191603434753e-05,-0.0011357957384943635,0.0004903248999726379,44025.0,43887.0,-0.001203861442362267,0.0019367922163738252,1,-0.002036074179275816,44014.90063388794,43885.99936611205,0.002932877087171678,1,8661.151515151516,6082.236773234513,43950.45,-0.5801651764391306,0.7914764079027172,0.0009560664693830656,-1
2026-06-09 01:27:00,43971.0,43972.0,43947.0,43960.0,74,01:27:00,2026-06-09,1,-0.0002729009369598634,74,44060.20606060606,-0.002274298501196833,-25.918325111473678,-34.1248507390267,8.20652562755302,37.5,55.513307981835794,81.2499999961914,11.0,1.0,13.0,18.2,0,44022.0,44018.0,9.087191603434753e-05,-0.0014083867157330106,0.0002582559418775841,44025.0,43887.0,-0.0014764338444065537,0.0016633627270034028,1,-0.0022800714153008105,44009.66345837838,43887.63654162162,0.002776579411580505,1,12657.743190661478,13870.476734586715,43948.65,-0.8190706960391209,1.120363361073121,-0.0002729009369598634,0
2026-06-09 01:28:00,43963.0,43993.0,43956.0,43987.0,50,01:28:00,2026-06-09,1,0.0006141947224749256,50,44059.519123841616,-0.001645935436512109,-20.725043911472312,-31.44488937351582,10.719845462043509,37.5,54.651162787732105,85.18518518203018,24.0,6.0,7.0,20.4,1,44022.0,44018.0,9.087191603434753e-05,-0.0007950570169460544,0.0009010771968307032,44025.0,43887.0,-0.0008631459398069084,0.002278579078086853,1,-0.00165013456635919,44003.798581524934,43891.00141847507,0.002566640189177573,1,8832.730923694779,11372.332878910061,43947.4,-0.7963431920620511,0.7547169811206835,0.0006141947224749256,-1
2026-06-09 01:29:00,43985.0,44035.0,43983.0,44030.0,125,01:29:00,2026-06-09,1,0.0009775615522769066,125,44058.62145214521,-0.0006496220535701474,-12.989851587684825,-27.753881816349622,14.764030228664797,39.285714285714285,59.09090908801653,85.36585365541345,45.0,5.0,2.0,29.2,1,44022.0,44018.0,9.087191603434753e-05,0.00018172731815909815,0.0018555830751710485,44035.0,43887.0,-0.00011354604292040165,0.0032583680816642003,0,-0.0006512505479763751,44010.20494864573,43886.69505135426,0.0028103356839995117,1,16779.725609756097,9373.550480443888,43948.45,-0.45505791180750144,1.798561151053258,0.0009775615522769066,0
2026-06-09 01:30:00,44032.0,44066.0,44029.0,44066.0,128,01:30:00,2026-06-09,1,0.0008176243470361388,128,44058.518961430724,0.00016979777681190526,-3.9096883529491606,-22.985043123669534,19.075354770720374,38.92857142857143,68.33333333014444,99.99999999716981,34.0,0.0,3.0,32.0,1,44022.0,44018.0,9.087191603434753e-05,0.0009995002498750399,0.0025446971446381286,44066.0,43887.0,0.0,0.004078656549775467,0,0.00017020096098493794,44035.287375371954,43873.01262462805,0.0036919096545810037,1,13147.897435897436,387.23668023031075,43954.15,1.2514605113012571,1.7704011064762046,0.0008176243470361388,0
2026-06-09 01:31:00,44061.0,44077.0,44049.0,44070.0,66,01:31:00,2026-06-09,1,9.077293151182886e-05,66,44058.59087517322,0.00025895346628546654,3.5680428235791624,-17.674425934219794,21.242468757798957,38.57142857142857,66.78321677994768,99.99999999638554,9.0,7.0,12.0,24.6,0,44022.0,44018.0,9.087191603434753e-05,0.001090363908954589,0.0024771900612131858,44077.0,43887.0,-0.00015881298636476716,0.004169799712898941,0,0.00025952773763120873,44056.4550705088,43865.7449294912,0.004338156711674461,1,6565.733634311512,-2566.5870600697176,43961.1,3.117363029439077,0.9243697478862132,9.077293151182886e-05,0
2026-06-09 01:32:00,44062.0,44062.0,44012.0,44040.0,98,01:32:00,2026-06-09,1,-0.000680735194009574,98,44058.27319479429,-0.0004147505898267272,6.992840265898849,-12.740972694196067,19.733812960094916,40.57142857142857,62.214983710517885,57.14285714040817,22.0,0.0,28.0,26.8,0,44022.0,44018.0,9.087191603434753e-05,0.00040888646585797087,0.0016648926007804849,44077.0,43887.0,-0.0008394400707851978,0.0034862259894728855,0,-0.0004156134809512635,44066.834941254296,43866.76505874571,0.004550476325513365,0,9241.798715203426,-4492.2825735421775,43966.8,4.175346343273954,1.3535911602022983,-0.000680735194009574,0
2026-06-09 01:33:00,44037.0,44038.0,44005.0,44024.0,46,01:33:00,2026-06-09,1,-0.00036330608537693543,46,44058.01479629051,-0.0007720455959666481,8.320042361548985,-8.528769683047058,16.848812044596045,38.642857142857146,72.34848484464818,7.99999999952,13.0,1.0,19.0,24.6,0,44022.0,44018.0,9.087191603434753e-05,4.543182953977454e-05,0.0011950936346197753,44077.0,43887.0,-0.0012024411824760942,0.003121653336978989,0,-0.0007735654905742137,44073.110891399694,43869.7891086003,0.0046239499220378085,0,4373.874730021598,-6673.327616566511,43971.45,3.935919588934295,0.6594982078758495,-0.00036330608537693543,1
2026-06-09 01:34:00,44020.0,44020.0,43980.0,43987.0,45,01:34:00,2026-06-09,1,-0.000840450663274539,45,44057.5793367479,-0.001601979450764496,6.313490814136458,-5.560317583610355,11.873808397746814,39.57142857142857,63.08724831918383,0.0,33.0,0.0,7.0,22.2,1,44022.0,44018.0,9.087191603434753e-05,-0.0007950570169460544,0.0003263392131244812,44077.0,43887.0,-0.002041881253261292,0.002278579078086853,1,-0.0016050735342968093,44074.45740329907,43870.84259670093,0.004630487509807462,0,5168.1853785900785,-2128.5485119561686,43972.65,2.6273227921964897,0.6488824801636787,-0.000840450663274539,1
2026-06-09 01:35:00,43994.0,44023.0,43972.0,44023.0,50,01:35:00,2026-06-09,1,0.0008184236251620458,50,44057.18214487397,-0.0007758586275801639,7.5412525269712205,-2.9400035614940405,10.481256088465262,40.42857142857143,65.51724137643498,40.449438200883726,29.0,0.0,22.0,21.2,1,44022.0,44018.0,9.087191603434753e-05,2.271591476988727e-05,0.0010938057846634661,44077.0,43887.0,-0.001225128751956775,0.0030988675461981205,0,-0.0007773103491758075,44079.16464303664,43870.635356963365,0.004742007055690147,0,7216.88524590164,-2191.038272636967,43974.9,1.8422991893880254,0.7042253521027574,0.0008184236251620458,-1
2026-06-09 01:36:00,44020.0,44030.0,43951.0,43966.0,77,01:36:00,2026-06-09,1,-0.0012947777298230045,77,44056.30492135971,-0.0020497615839753978,3.870225350110559,-1.5779577791731207,5.448183129283679,43.357142857142854,54.246575340385064,27.69230769166863,54.0,10.0,15.0,30.2,1,44022.0,44018.0,9.087191603434753e-05,-0.0012720912271136872,-0.00021375587260152816,44077.0,43887.0,-0.0025183202123555933,0.0018000774716886141,1,-0.0020535326878143097,44079.378540286874,43871.42145971313,0.00472894119379792,0,10713.23417721519,14493.692294571703,43975.4,0.898310153521061,1.0724233983137546,-0.0012947777298230045,0
2026-06-09 01:37:00,43961.0,43983.0,43958.0,43977.0,24,01:37:00,2026-06-09,1,0.0002501933312104576,24,44056.000505510056,-0.0017931837798161726,1.8274522018473363,-0.8968757829690295,2.724327984816366,42.357142857142854,57.894736839860045,45.19230769100407,16.0,6.0,3.0,29.0,0,44022.0,44018.0,9.087191603434753e-05,-0.001022216164644927,3.297286787765148e-05,44077.0,43887.0,-0.002268756948068102,0.002050721170278168,1,-0.0017964642968661842,44079.52869213997,43871.57130786004,0.004728931969695077,0,4361.355371900827,-1561.147574217551,43975.55,0.6595008488234062,0.33779028852445053,0.0002501933312104576,-1
2026-06-09 01:38:00,43983.0,44000.0,43973.0,44000.0,21,01:38:00,2026-06-09,1,0.0005230006594356684,21,44055.79415469892,-0.0012664430586133164,2.0409210776997497,-0.3093164108352736,2.3502374885350235,42.42857142857143,60.416666664463975,37.362637361405625,17.0,0.0,10.0,29.8,0,44022.0,44018.0,9.087191603434753e-05,-0.0004997501249375199,0.0005161753904854681,44077.0,43887.0,-0.0017469428500124387,0.002574794358238144,1,-0.0012687035061023655,44081.70830778693,43872.891692213074,0.004748281853907662,0,4258.064516129032,-4099.858358497355,43977.3,0.5457658800819228,0.29957203993866516,0.0005230006594356684,-1
2026-06-09 01:39:00,43998.0,44001.0,43978.0,43999.0,9,01:39:00,2026-06-09,1,-2.2727272727229852e-05,9,44055.708383655394,-0.0012871971813857223,2.105138332815841,0.1735745378949493,1.9315637949208915,41.5,59.199999997789874,97.14285713453062,1.0,2.0,20.0,23.4,0,44022.0,44018.0,9.087191603434753e-05,-0.0005224660397074071,0.00038765902830598743,44077.0,43887.0,-0.0017696304194931196,0.0025520085674572758,1,-0.0012893558301847136,44081.14141515375,43882.75858484625,0.0045105510398582675,0,2187.795580110497,-7957.857035587367,43981.95,1.4894691122754162,0.14139827179667874,-2.2727272727229852e-05,1
2026-06-09 01:40:00,44000.0,44000.0,43980.0,43994.0,8,01:40:00,2026-06-09,1,-0.00011363894633964478,8,44055.63072979493,-0.0013989296889863644,1.7326004177957657,0.4853797138751126,1.247220703920653,38.642857142857146,53.25443786761669,79.31034481938168,6.0,0.0,14.0,18.8,0,44022.0,44018.0,9.087191603434753e-05,-0.0006360456135568436,0.00017732834388973665,44077.0,43895.0,-0.0018830682668965247,0.002255382161977395,1,-0.0014011378522111515,44079.329451490645,43893.07054850935,0.004234484974407679,0,2532.028776978417,-4194.399306940968,43986.2,2.4218002958448905,0.13793103448038052,-0.00011363894633964478,1
2026-06-09 01:41:00,43998.0,44006.0,43973.0,43976.0,44,01:41:00,2026-06-09,1,-0.0004091467018230155,44,44055.16521869383,-0.0017969565725345677,-0.014916187057679053,0.38532053368855423,-0.4002367207462333,39.214285714285715,52.325581393219316,0.0,22.0,8.0,3.0,12.4,1,44022.0,44018.0,9.087191603434753e-05,-0.0010449320794148143,-0.00029098315934971217,44077.0,43895.0,-0.002291444517548783,0.001845312677981505,1,-0.0017996676129793984,44077.41174924002,43900.18825075999,0.004028832304587228,0,18254.188679245282,32869.68553459119,43988.8,2.6149854584069505,0.7794508414388052,-0.0004091467018230155,1
2026-06-09 01:42:00,43982.0,43988.0,43961.0,43961.0,44,01:42:00,2026-06-09,1,-0.00034109514280511455,44,44054.60758928571,-0.0021248081507931824,-2.5804643397277687,-0.20783644099471033,-2.3726278987330582,38.5,46.08433734745427,0.0,21.0,6.0,0.0,13.4,1,44022.0,44018.0,9.087191603434753e-05,-0.0013856708009631234,-0.0006615124766708393,44077.0,43895.0,-0.0026317580597589986,0.00150358810798493,1,-0.0021279239939374873,44076.11321806749,43904.08678193251,0.003910571608952464,0,15351.460317460318,60168.622960125795,43990.1,1.8530328919025774,0.8058608058460466,-0.00034109514280511455,0
2026-06-09 01:43:00,43961.0,43975.0,43945.0,43945.0,44,01:43:00,2026-06-09,1,-0.00036395896362684255,44,44053.95963926671,-0.002473322265669541,-5.837455464003142,-1.3337602455963966,-4.503695218406746,36.92857142857143,36.06557376883633,0.0,16.0,14.0,0.0,13.2,1,44022.0,44018.0,9.087191603434753e-05,-0.0017491254372813197,-0.001053616222280005,44077.0,43895.0,-0.0029947591714498947,0.0011390818999885833,1,-0.0024768423625714064,44073.72341164166,43908.97658835834,0.003744982213169546,1,12977.046979865772,41251.577777689636,43991.35,1.170821757733438,0.8163265305970998,-0.00036395896362684255,0
2026-06-09 01:44:00,43947.0,43955.0,43940.0,43955.0,27,01:44:00,2026-06-09,1,0.00022755717374001172,27,44053.54631129436,-0.002236966590566951,-7.524984630159452,-2.572005122509008,-4.9529795076504435,35.357142857142854,30.10752688020966,24.39024390065437,8.0,0.0,7.0,14.6,0,44022.0,44018.0,9.087191603434753e-05,-0.001521966289582447,-0.0008660449024960206,44077.0,43895.0,-0.0027678834766430844,0.0013668982799863,1,-0.002240040172080609,44070.42338107765,43915.77661892235,0.003515250395068738,1,7106.497005988024,-6106.92256398774,43993.1,0.9775215509392468,0.5099150141546759,0.00022755717374001172,-1
2026-06-09 01:45:00,43950.0,43964.0,43930.0,43930.0,42,01:45:00,2026-06-09,1,-0.0005687635081332854,42,44052.856578369676,-0.002788844763133855,-10.755670049460605,-4.208738107899328,-6.546931941561277,35.785714285714285,26.666666665422227,19.607843136101508,20.0,14.0,0.0,17.4,1,44022.0,44018.0,9.087191603434753e-05,-0.0020898641588296286,-0.0014343158358923812,44077.0,43921.0,-0.0033350727136601103,0.0002049133671819812,1,-0.002792632898560753,44070.42338107765,43915.77661892235,0.003515250395068738,1,9179.402985074626,-4020.5017664448296,43993.1,0.6819716254339044,0.7821229050133683,-0.0005687635081332854,1
2026-06-09 01:46:00,43934.0,43965.0,43933.0,43965.0,42,01:46:00,2026-06-09,1,0.0007967220578193324,42,44052.25469090909,-0.0019807088540939833,-10.372239309028373,-5.441438348125137,-4.930800960903236,34.142857142857146,37.70491803105617,64.28571428295919,31.0,0.0,1.0,19.2,1,44022.0,44018.0,9.087191603434753e-05,-0.0012948071418835744,-0.0006307857544708928,44077.0,43930.0,-0.0025410077818362746,0.0007967220578192399,1,-0.001983387965268978,44070.53749729206,43914.96250270794,0.0035363780301099603,1,9279.045226130653,-2849.648120618401,43992.75,0.3182443821345458,0.7894736841956866,0.0007967220578193324,-1
2026-06-09 01:47:00,43961.0,43990.0,43960.0,43989.0,69,01:47:00,2026-06-09,1,0.0005458887751621511,69,44051.53341013825,-0.0014195512686478618,-8.039098537366954,-5.960970385973501,-2.078128151393453,33.785714285714285,44.40894568491461,70.23809523558674,28.0,1.0,1.0,20.6,1,44022.0,44018.0,9.087191603434753e-05,-0.0007496251874062799,-0.00011819739874794796,44077.0,43930.0,-0.00199650611429993,0.0013430457546095757,1,-0.0014214012333045134,44070.4836810735,43917.916318926495,0.0034678971806965824,1,13550.183035714286,9067.316885234357,43994.2,0.2500392106940736,1.3031161472841715,0.0005458887751621511,0
2026-06-09 01:48:00,43990.0,44003.0,43982.0,43989.0,30,01:48:00,2026-06-09,1,0.0,30,44051.27444794953,-0.0014136809599711306,-6.119525584785151,-5.992681425735831,-0.12684415904932056,32.142857142857146,50.3623188380251,99.99999999491526,1.0,13.0,7.0,17.6,0,44022.0,44018.0,9.087191603434753e-05,-0.0007496251874062799,-0.00012047015181518493,44077.0,43930.0,-0.00199650611429993,0.0013430457546095757,1,-0.0014155117356004989,44070.549175997054,43918.05082400295,0.003466320682317893,1,6284.142857142857,-3154.0832586164447,43994.3,0.2727700480312516,0.5774783445509629,0.0,0
2026-06-09 01:49:00,43988.0,43994.0,43969.0,43970.0,7,01:49:00,2026-06-09,1,-0.0004319261633590754,7,44051.20063983193,-0.0018433241013300133,-6.061517994196038,-6.0064487394278725,-0.055069254768165266,30.285714285714285,39.768339766190124,55.8139534844781,18.0,6.0,1.0,19.6,0,44022.0,44018.0,9.087191603434753e-05,-0.001181227568034138,-0.000484186645995968,44077.0,43930.0,-0.0024275699344328693,0.0009105394946505598,1,-0.001845834058823592,44066.34693267137,43916.25306732864,0.0034118988377866955,1,1619.9473684210527,-8254.187441764881,43991.3,-0.3295997635967494,0.15200868620733968,-0.0004319261633590754,1
2026-06-09 01:50:00,43986.0,44020.0,43983.0,44020.0,84,01:50:00,2026-06-09,1,0.0011371389583807456,84,44050.683038452466,-0.0006965394481098329,-1.9583893349554273,-5.196836858533384,3.238447523577957,28.214285714285715,60.7142857109127,72.46376811279143,34.0,0.0,3.0,22.4,1,44022.0,44018.0,9.087191603434753e-05,-4.543182953977454e-05,0.0007047216349541771,44077.0,43930.0,-0.0012931914603988182,0.0020487138629637597,0,-0.0006975161620510778,44056.88535225469,43921.11464774531,0.0030864694471204558,1,15938.275862068966,1762.4063232654282,43989.0,-1.1819739874795063,1.9156214366723918,0.0011371389583807456,0
2026-06-09 01:51:00,44022.0,44031.0,44018.0,44031.0,41,01:51:00,2026-06-09,1,0.0002498864152657987,41,44050.544469462424,-0.00044368281250127187,2.1561233107131557,-3.7262448246840765,5.882368135397233,27.357142857142858,60.7142857109127,76.24999999714062,9.0,0.0,4.0,18.0,0,44022.0,44018.0,9.087191603434753e-05,0.00020444323292898543,0.0009991577066431163,44062.0,43930.0,-0.0007035540828831941,0.0022991122239926637,0,-0.0004443232601964313,44046.90412089056,43927.195879109444,0.0027214428287669953,1,7815.025974025974,2436.1048939920943,43987.05,-1.6479407559615675,0.9624413145313981,0.0002498864152657987,0
2026-06-09 01:52:00,44021.0,44040.0,44021.0,44027.0,33,01:52:00,2026-06-09,1,-9.084508641643563e-05,33,44050.446421067376,-0.0005322629614977524,5.036084804494749,-1.9737788988483116,7.00986370334306,26.785714285714285,55.793991412956586,93.84615384182248,6.0,13.0,0.0,13.6,0,44022.0,44018.0,9.087191603434753e-05,0.00011357957384943634,0.000923012567520816,44040.0,43930.0,-0.000295186194368749,0.0022080582745276074,0,-0.0005330379632653591,44044.07568125851,43928.72431874149,0.002622432445415256,1,7450.723076923077,35993.61202818106,43986.4,-1.1138566034651067,0.8386277001057528,-9.084508641643563e-05,0
2026-06-09 01:53:00,44022.0,44040.0,44020.0,44040.0,10,01:53:00,2026-06-09,1,0.0002952733549868025,10,44050.422483331,-0.00023660348172469117,8.27211064943549,0.07539901080844857,8.196711638627042,26.571428571428573,58.36734693544023,85.71428570510204,18.0,0.0,2.0,17.0,1,44022.0,44018.0,9.087191603434753e-05,0.00040888646585797087,0.0012003491924924004,44040.0,43930.0,0.0,0.0025039836102890393,0,-0.00023694355019186788,44047.45769222093,43926.94230777906,0.002739783037835203,1,2516.5714285714284,-8421.051655555451,43987.2,-0.4091932073934189,0.26631158454683596,0.0002952733549868025,-1
2026-06-09 01:54:00,44032.0,44064.0,44029.0,44063.0,88,01:54:00,2026-06-09,1,0.000522252497729303,88,44050.44166551517,0.0002850898653908014,12.54794730116555,2.569908668879869,9.978038632285681,27.642857142857142,63.11787071907357,89.99999999325,31.0,1.0,3.0,19.6,1,44022.0,44018.0,9.087191603434753e-05,0.0009313525055653781,0.001636698415584969,44064.0,43930.0,-2.2694262890340807e-05,0.0030275438197131114,0,0.0002854750854680974,44060.13602152136,43921.86397847864,0.0031431893578848223,1,15146.65625,9381.45349784049,43991.0,0.8979915679721849,2.2166246850827047,0.000522252497729303,0
2026-06-09 01:55:00,44061.0,44063.0,44044.0,44052.0,17,01:55:00,2026-06-09,1,-0.0002496425572475758,17,44050.44766106056,3.5240026421088714e-05,14.877472343971021,5.031421403898101,9.84605094007292,26.642857142857142,64.84374999645385,76.59574467596198,9.0,2.0,8.0,14.6,0,44022.0,44018.0,9.087191603434753e-05,0.0006814774430966181,0.001353641363461266,44064.0,43930.0,-0.0002723311546840897,0.0027771454586842073,0,3.528648528182813e-05,44065.51658821862,43919.383411781375,0.003321778542391731,1,3962.3492063492063,-4681.9266191469615,43992.45,1.3754251314032595,0.4467805518936458,-0.0002496425572475758,1
2026-06-09 01:56:00,44048.0,44049.0,44026.0,44027.0,22,01:56:00,2026-06-09,1,-0.0005675111232180674,22,44050.397929265164,-0.0005311627219062815,14.538752963322622,6.932887715783005,7.605865247539617,26.571428571428573,62.40601503430946,38.98305084547545,21.0,1.0,1.0,17.0,1,44022.0,44018.0,9.087191603434753e-05,0.00011357957384943634,0.0007159823163732492,44064.0,43930.0,-0.0008396877269426099,0.0022080582745276074,0,-0.0005318255109082363,44069.00903988963,43921.99096011037,0.0033416617558444167,1,5697.611764705883,12640.373724421652,43995.5,1.8869125563806997,0.6232294617387188,-0.0005675111232180674,1
2026-06-09 01:57:00,44030.0,44041.0,44030.0,44030.0,25,01:57:00,2026-06-09,1,6.81400049968861e-05,25,44050.34063826873,-0.00046175893248508323,14.347006976051489,8.415711567836702,5.931295408214787,25.428571428571427,66.79841896863566,7.692307691715968,0.0,11.0,0.0,15.8,0,44022.0,44018.0,9.087191603434753e-05,0.00018172731815909815,0.0007238940728189213,44064.0,43930.0,-0.0007716049382715874,0.0022763487366263997,0,-0.0004623066712743888,44072.66534634046,43923.634653659545,0.003387203613808992,1,6794.753086419753,-5514.024366652043,43998.15,1.6253324543659964,0.7072135784807012,6.81400049968861e-05,-1
2026-06-09 01:58:00,44026.0,44030.0,44025.0,44026.0,11,01:58:00,2026-06-09,1,-9.084714967066976e-05,11,44050.30552516411,-0.000551767459370454,13.714191664359532,9.47540758714127,4.238784077218263,24.714285714285715,64.37246963197889,9.374999999121101,0.0,4.0,1.0,12.2,0,44022.0,44018.0,9.087191603434753e-05,9.086365907954908e-05,0.0006034166336170636,44064.0,43930.0,-0.0008623819898329507,0.0021852947871613434,0,-0.0005524052042494184,44075.00123739436,43923.89876260563,0.003434190081665209,1,2971.079754601227,-2501.7215801161215,43999.45,1.5911821232961567,0.315638450493095,-9.084714967066976e-05,1
2026-06-09 01:59:00,44023.0,44036.0,44008.0,44014.0,71,01:59:00,2026-06-09,1,-0.0002725662108753468,71,44050.007675290086,-0.0008174272194345982,12.104844150475401,10.001294899808096,2.103549250667305,24.285714285714285,67.94871794465264,15.789473681717453,9.0,13.0,6.0,7.8,1,44022.0,44018.0,9.087191603434753e-05,-0.00018172731815909815,0.00031363493802306805,44064.0,43930.0,-0.0011347131445170403,0.0019121329387661757,1,-0.0008183525368085846,44076.029726140594,43924.3702738594,0.003446790066435843,0,21404.068493150684,27566.73739291815,44000.2,1.0682910752229409,1.8708827403986592,-0.0002725662108753468,0
2026-06-09 02:00:00,44014.0,44017.0,44000.0,44005.0,28,02:00:00,2026-06-09,1,-0.0002044803926023464,28,44049.84644447443,-0.0010180840137765297,9.988063686323585,9.998648657111195,-0.010584970787610004,23.0,59.61538461137204,0.0,9.0,3.0,5.0,7.8,1,44022.0,44018.0,9.087191603434753e-05,-0.00038617055108808356,9.658926268302027e-05,44064.0,43930.0,-0.0013389615105301076,0.0017072615524697996,1,-0.001019220001350666,44076.54994443986,43924.95005556014,0.003445393291698779,0,7848.025477707007,1550.1260721193282,44000.75,0.5909339369947475,0.7188703465797466,-0.0002044803926023464,1
2026-06-09 02:01:00,44018.0,44037.0,44018.0,44037.0,19,02:01:00,2026-06-09,1,0.0007271900920349239,19,44049.797397936294,-0.0002905211531550292,10.768499918835005,10.152618909455958,0.6158810093790468,23.142857142857142,61.11111110715021,60.37735848714845,19.0,0.0,0.0,7.4,1,44022.0,44018.0,9.087191603434753e-05,0.00034073872154830905,0.0007544802948835404,44064.0,43930.0,-0.0006127450980392018,0.0024356931481902475,0,-0.00029082483640717065,44080.31240008369,43927.287599916315,0.003477536034782721,0,5433.136363636364,8286.740216994243,44003.8,0.9886487217467085,0.5039787798274806,0.0007271900920349239,-1
2026-06-09 02:02:00,44034.0,44076.0,44034.0,44065.0,59,02:02:00,2026-06-09,1,0.0006358289620091995,59,44049.86464592513,0.0003435959269461128,13.490853093382611,10.82026574624129,2.6705873471413213,24.642857142857142,65.57377048804085,86.95652173534972,31.0,11.0,0.0,13.6,1,44022.0,44018.0,9.087191603434753e-05,0.0009767843351051525,0.0012724669953872783,44076.0,43930.0,-0.0002495689263998492,0.0030730707944456393,0,0.00034391497363874316,44087.3782998852,43930.6217001148,0.0035619214199456854,0,13828.909574468085,-3539.1210419209106,44009.0,1.999990909132893,1.5344603380615225,0.0006358289620091995,0
2026-06-09 02:03:00,44070.0,44074.0,44052.0,44053.0,15,02:03:00,2026-06-09,1,-0.00027232497446949555,15,44049.8842395167,7.073254645476712e-05,14.512744006846333,11.5587613983623,2.953982608484033,24.428571428571427,67.51054851921879,83.33333332986112,17.0,4.0,1.0,17.0,0,44022.0,44018.0,9.087191603434753e-05,0.0007041933578665053,0.0008769857137663508,44076.0,43930.0,-0.0005218259370178664,0.0027999089460504713,0,7.078957076090392e-05,44089.00323118627,43939.796768813736,0.0033899465259671284,0,3441.640625,-5614.641370907527,44014.4,3.10221984852564,0.4054054053944485,-0.00027232497446949555,1
2026-06-09 02:04:00,44053.0,44063.0,44042.0,44042.0,25,02:04:00,2026-06-09,1,-0.00024969922593243155,25,44049.88130340461,-0.00017891769901321705,14.27049051731592,12.101107222153026,2.169383295162895,22.357142857142858,55.555555551627386,54.9019607810842,11.0,10.0,0.0,17.4,0,44022.0,44018.0,9.087191603434753e-05,0.0004543182953977454,0.0005281840124946636,44076.0,43930.0,-0.0007713948634177156,0.0025495105850215673,0,-0.00017904423466387582,44088.77518342688,43948.72481657312,0.0031816070845663165,1,7541.438356164384,3880.4510901635945,44018.75,3.3974338579843306,0.6775067750493902,-0.00024969922593243155,1
2026-06-09 02:05:00,44052.0,44062.0,44042.0,44057.0,19,02:05:00,2026-06-09,1,0.00034058398801151135,19,44049.89083200848,0.0001613890036329656,15.114645298825053,12.703814837487432,2.4108304613376212,22.857142857142858,56.43564356044505,39.473684207409974,5.0,5.0,10.0,16.6,0,44022.0,44018.0,9.087191603434753e-05,0.0007950570169460544,0.0007245866562483841,44076.0,43933.0,-0.000431073600145194,0.002822479684974784,0,0.00016147988287405947,44083.268177213125,43966.93182278687,0.0026425006286470943,1,6110.094890510949,-5581.650991635783,44025.1,3.6583426117381777,0.5314685314536652,0.00034058398801151135,-1
2026-06-09 02:06:00,44057.0,44097.0,44055.0,44096.0,89,02:06:00,2026-06-09,1,0.0008852168781352532,89,44050.27279472742,0.0010380686059690948,18.714884568682464,13.90602878372644,4.808855784956025,24.5,64.55696202150295,83.07692307308875,39.0,1.0,2.0,20.6,1,44022.0,44018.0,9.087191603434753e-05,0.0016809776929716579,0.001461448753339861,44097.0,43960.0,-2.2677279633534647e-05,0.0030937215650590744,0,0.0010385076478528748,44090.8171138947,43972.4828861053,0.0026874811139122527,1,18959.149758454107,45087.53476680647,44031.65,3.9191719073757674,2.335958005188033,0.0008852168781352532,0
2026-06-09 02:07:00,44095.0,44142.0,44090.0,44135.0,116,02:07:00,2026-06-09,1,0.0008844339622642305,116,44051.35096091835,0.001898898382386893,24.433420924622624,16.011507211905677,8.421913712716947,26.785714285714285,68.06083649827814,99.99999999677419,40.0,7.0,5.0,22.4,1,44022.0,44018.0,9.087191603434753e-05,0.0025668983689972613,0.002181023843665681,44142.0,43969.0,-0.00015857913098635861,0.0037753872046213523,0,0.00189943309460478,44110.65840072868,43967.241599271314,0.003256589938165257,0,19392.651515151516,15714.791528196914,44038.95,4.588953570920821,2.8677379480131586,0.0008844339622642305,0
2026-06-09 02:08:00,44135.0,44135.0,44099.0,44103.0,41,02:08:00,2026-06-09,1,-0.0007250481477285575,41,44051.67175605166,0.0011651826571436503,26.082605580420932,18.02572688560873,8.056878694812202,26.857142857142858,57.35294117351859,70.90909090715702,32.0,0.0,4.0,25.4,1,44022.0,44018.0,9.087191603434753e-05,0.0018399890963608687,0.0013247920008445345,44142.0,43969.0,-0.0008835123012097123,0.0030476017193931397,0,0.0011653684147413174,44117.750579581,43971.549420419,0.00331938519575005,0,6235.251724137931,204.83615372545538,44044.65,4.440648629986738,0.9999999999756098,-0.0007250481477285575,0
2026-06-09 02:09:00,44109.0,44121.0,44095.0,44114.0,31,02:09:00,2026-06-09,1,0.0002494161394916983,31,44051.90283280086,0.0014096364335232342,27.954957027788623,20.01157291404471,7.943384113743914,27.357142857142858,61.39705882036927,60.97560975386675,5.0,7.0,14.0,24.2,0,44022.0,44018.0,9.087191603434753e-05,0.0020898641588296286,0.0014108374563156837,44142.0,43983.0,-0.0006343165239454345,0.0029784234817997186,0,0.001409638124145557,44122.31096342424,43981.389036575754,0.0031990013324862706,0,4620.0472972972975,-7563.156915706537,44051.85,4.587609140242778,0.7345971563806968,0.0002494161394916983,-1
2026-06-09 02:10:00,44119.0,44127.0,44112.0,44123.0,25,02:10:00,2026-06-09,1,0.00020401686539428532,25,44052.12182590233,0.0016089616381654668,29.82127275403036,21.973512882041838,7.847759871988522,26.571428571428573,68.74999999624023,38.461538459319534,4.0,4.0,7.0,24.0,0,44022.0,44018.0,9.087191603434753e-05,0.002294307391758614,0.0014980593322286699,44142.0,44000.0,-0.00043042906982011624,0.002795454545454482,0,0.0016087834872476228,44132.533192413386,43981.466807586614,0.0034288849632696018,0,3652.566225165563,-8116.520465336158,44057.0,4.098644495384861,0.6369426751430078,0.00020401686539428532,-1
2026-06-09 02:11:00,44121.0,44142.0,44121.0,44128.0,46,02:11:00,2026-06-09,1,0.00011331958389049213,46,44052.57746538332,0.0017121026499742089,31.342502764578967,23.847310858549264,7.495191906029703,27.071428571428573,68.99224805827174,99.999999988,7.0,14.0,0.0,17.6,0,44022.0,44018.0,9.087191603434753e-05,0.0024078869656080507,0.0015012987425630099,44142.0,44000.0,-0.00031715826197271723,0.002909090909090843,0,0.001711742348918098,44142.62851458975,43981.07148541025,0.003666596595002195,0,7837.405405405405,2569.509222964023,44061.85,3.905128091606379,1.164556961995834,0.00011331958389049213,0
2026-06-09 02:12:00,44120.0,44124.0,44094.0,44096.0,27,02:12:00,2026-06-09,1,-0.0007251631617113397,27,44052.7549749674,0.0009816644851649513,29.624463567546627,25.00274140034874,4.621722167197888,29.142857142857142,62.23776223471563,30.43478260671077,24.0,4.0,2.0,14.4,1,44022.0,44018.0,9.087191603434753e-05,0.0016809776929716579,0.0006966933165097343,44142.0,44000.0,-0.0010420914321960708,0.0021818181818181325,0,0.0009813850134368566,44145.70450365998,43984.895496340025,0.003649334222618541,0,7003.482352941176,5158.89752262531,44065.3,3.053220239332597,0.6887755101865108,-0.0007251631617113397,1
2026-06-09 02:13:00,44084.0,44086.0,44063.0,44063.0,49,02:13:00,2026-06-09,1,-0.0007483671988388618,49,44052.8650694096,0.00023006291587236534,25.308342104719486,25.06386154122289,0.24448056349659453,29.5,57.98045602341457,7.142857142551023,21.0,2.0,0.0,12.2,1,44022.0,44018.0,9.087191603434753e-05,0.0009313525055653781,-7.829085392621851e-05,44142.0,44000.0,-0.0017896787639889043,0.0014318181818181494,0,0.0002299919914220511,44145.98410389572,43986.91589610428,0.003609735020439253,0,12129.702247191011,23208.7127226316,44066.45,2.1449485893268014,1.1907654920731285,-0.0007483671988388618,0
2026-06-09 02:14:00,44070.0,44097.0,44070.0,44094.0,9,02:14:00,2026-06-09,1,0.0007035381158795317,9,44052.90356262791,0.0009328882786049926,24.11128577794443,24.8733463885672,-0.7620606106227683,30.714285714285715,63.52583586355817,32.291666665657544,24.0,3.0,0.0,16.0,1,44022.0,44018.0,9.087191603434753e-05,0.0016355458634318835,0.0005899972769356315,44142.0,44000.0,-0.0010873997553350306,0.0021363636363635878,0,0.0009325686977419373,44148.453975063705,43987.546024936295,0.003651355862017935,0,2543.8846153846152,-6754.175031407569,44068.0,1.3957652708639006,0.2419354838644641,0.0007035381158795317,-1
2026-06-09 02:15:00,44087.0,44089.0,44066.0,44083.0,40,02:15:00,2026-06-09,1,-0.000249467047670926,40,44053.0353654989,0.0006801945485138024,22.02115576947108,24.302908264747977,-2.2817524952768977,30.428571428571427,57.4675324649203,41.33333333168,4.0,2.0,17.0,16.0,0,44022.0,44018.0,9.087191603434753e-05,0.0013856708009631234,0.0003051993950470741,44142.0,44000.0,-0.0013365955325993083,0.0018863636363635936,0,0.0006799396522337554,44149.90048225301,43989.199517746994,0.0036465306431768285,0,10311.812865497077,4723.836437121224,44069.55,0.9644777182953479,1.0430247718111336,-0.000249467047670926,0
2026-06-09 02:16:00,44085.0,44100.0,44082.0,44094.0,15,02:16:00,2026-06-09,1,0.00024952929700794435,15,44053.1080968973,0.0009282410451666324,21.010129058908205,23.644352423580024,-2.6342233646718185,28.714285714285715,54.98281786677058,79.24528301438234,9.0,6.0,3.0,16.4,0,44022.0,44018.0,9.087191603434753e-05,0.0016355458634318835,0.0004787522491144914,44142.0,44000.0,-0.0010873997553350306,0.0021363636363635878,0,0.0009278241981513035,44151.345153474016,43994.45484652599,0.0035597908680396746,0,4724.357142857143,-6105.133459519827,44072.9,1.4636985734054742,0.39473684209487536,0.00024952929700794435,-1
2026-06-09 02:17:00,44092.0,44103.0,44090.0,44099.0,13,02:17:00,2026-06-09,1,0.00011339411257771381,13,44053.179525406886,0.001040117310186139,20.3774428434117,22.990970507546358,-2.613527664134658,28.071428571428573,58.098591546431756,59.259259252674894,7.0,4.0,2.0,13.0,0,44022.0,44018.0,9.087191603434753e-05,0.0017491254372813197,0.0005138810268999349,44142.0,44000.0,-0.0009741289474876315,0.002249999999999949,0,0.0010395705314326913,44152.897267807755,43999.80273219224,0.0034733941357555694,0,4549.896825396825,7885.62577830959,44076.35,1.8947989470814524,0.34759358287840664,0.00011339411257771381,-1
2026-06-09 02:18:00,44100.0,44115.0,44097.0,44110.0,17,02:18:00,2026-06-09,1,0.0002494387627838268,17,44053.29366063311,0.001287221332500717,20.527019821653084,22.498180370367702,-1.971160548714618,27.857142857142858,61.97183098286054,99.99999998888889,10.0,5.0,3.0,10.8,0,44022.0,44018.0,9.087191603434753e-05,0.0019990004997500798,0.0006680951122433005,44142.0,44000.0,-0.0007249331702233536,0.0024999999999999432,0,0.001286425404557918,44154.64375283276,44006.45624716725,0.0033617435731974387,1,7977.340425531915,-2263.881696084901,44080.55,2.4960545319841025,0.4509283819509038,0.0002494387627838268,-1
2026-06-09 02:19:00,44111.0,44111.0,44099.0,44103.0,10,02:19:00,2026-06-09,1,-0.0001586941736567704,10,44053.3568598316,0.0011268866598828087,19.851879051646392,21.968920106623443,-2.117041054977051,27.285714285714285,58.333333330374394,69.56521738223063,8.0,0.0,4.0,7.6,1,44022.0,44018.0,9.087191603434753e-05,0.0018399890963608687,0.0004083021435862446,44142.0,44000.0,-0.0008835123012097123,0.002340909090909038,0,0.0011260778080617226,44152.677252638096,44017.322747361904,0.00307030748046247,1,4642.421052631579,-173.43331113195973,44085.0,2.7454512863910807,0.28860028859195963,-0.0001586941736567704,1
2026-06-09 02:20:00,44106.0,44106.0,44091.0,44091.0,8,02:20:00,2026-06-09,1,-0.0002720903339908931,8,44053.39905987135,0.0008535309631283436,18.139425410750846,21.203021167448924,-3.063595756698078,25.357142857142858,48.995983932988175,36.666666663,15.0,0.0,0.0,9.8,1,44022.0,44018.0,9.087191603434753e-05,0.0015673981191222216,3.855810820305723e-05,44142.0,44018.0,-0.00115536224004347,0.0016584124676268424,0,0.0008528359517762645,44145.536717715266,44033.06328228474,0.002551036996063059,1,5598.857142857143,2305.459569116343,44089.3,2.9380835754331667,0.23774145615935394,-0.0002720903339908931,1
2026-06-09 02:21:00,44097.0,44106.0,44074.0,44078.0,57,02:21:00,2026-06-09,1,-0.0002948447528974274,57,44053.62731851124,0.0005532502763630838,15.554005317040719,20.073217997367284,-4.519212680326564,23.928571428571427,37.219730939367366,0.0,19.0,9.0,4.0,11.8,1,44022.0,44018.0,9.087191603434753e-05,0.0012720912271136872,-0.00030278047734982584,44142.0,44034.0,-0.0014498663404467072,0.0009992278693736433,0,0.0005527769389860515,44142.30002710005,44040.39997289995,0.0023111121387777646,1,23928.057142857142,19995.030757712288,44091.35,2.4500601739305963,1.6033755273810586,-0.0002948447528974274,0
2026-06-09 02:22:00,44078.0,44088.0,44073.0,44077.0,20,02:22:00,2026-06-09,1,-2.2687054766601378e-05,20,44053.69031572928,0.0005291199012763111,13.271365581895225,18.712847514272873,-5.441481932377648,22.428571428571427,43.22916666351454,0.0,1.0,10.0,4.0,10.6,0,44022.0,44018.0,9.087191603434753e-05,0.0012493753123437997,-0.0003390641602377929,44142.0,44042.0,-0.001472520502016187,0.0007946959720266837,0,0.0005286607707464937,44141.86561298223,44042.03438701777,0.002264159919542156,1,7870.892857142857,6954.284774926226,44091.95,1.5764999432907087,0.5952380952203798,-2.2687054766601378e-05,1
2026-06-09 02:23:00,44088.0,44101.0,44088.0,44089.0,17,02:23:00,2026-06-09,1,0.00027225083376825054,17,44053.77133773539,0.0007996741526289389,12.288996950854198,17.42807740158914,-5.139080450734941,22.285714285714285,43.52331605901904,46.153846148520714,1.0,12.0,0.0,8.8,0,44022.0,44018.0,9.087191603434753e-05,0.001521966289582447,-0.00010772501771792811,44142.0,44042.0,-0.0012006705631824295,0.0010671631624358325,0,0.0007989491087651329,44140.22976354712,44047.27023645288,0.002108224569110932,1,6692.080357142857,1952.582797509695,44093.75,1.0093151853164122,0.5044510385606988,0.00027225083376825054,-1
2026-06-09 02:24:00,44082.0,44091.0,44081.0,44091.0,11,02:24:00,2026-06-09,1,4.536278890432399e-05,11,44053.81686815647,0.0008440388253941547,11.538833528247778,16.250228626920865,-4.711395098673087,21.928571428571427,41.39784945924962,93.33333331466666,9.0,0.0,1.0,9.0,0,44022.0,44018.0,9.087191603434753e-05,0.0015673981191222216,-0.00011792399345061416,44142.0,44042.0,-0.00115536224004347,0.0011125743608373572,0,0.0008432275761523213,44135.85960424505,44056.54039575494,0.001798776504327074,1,4292.04424778761,-8206.271314815527,44096.2,1.0999890001096688,0.33333333332323234,4.536278890432399e-05,-1
2026-06-09 02:25:00,44093.0,44101.0,44087.0,44087.0,14,02:25:00,2026-06-09,1,-9.07214624299435e-05,14,44053.88146613028,0.0007517733459009599,10.50051365550462,15.100285632637616,-4.599771977132997,21.428571428571427,38.918918915973705,77.77777776481481,6.0,8.0,0.0,7.2,0,44022.0,44018.0,9.087191603434753e-05,0.0014765344600426724,-0.00024264304033990092,44142.0,44055.0,-0.0012459788863213891,0.0007263647713085751,0,0.0007510263317523827,44133.164437316,44062.23556268399,0.0016084483914582247,1,5186.705882352941,-3410.2699954224486,44097.7,1.3040929239917944,0.42748091601748156,-9.07214624299435e-05,1
2026-06-09 02:26:00,44089.0,44101.0,44089.0,44100.0,8,02:26:00,2026-06-09,1,0.00029487150407159213,8,44053.92315186944,0.0010459192924024616,10.604388243460562,14.201106154802208,-3.5967179113416456,20.0,51.204819272789955,78.94736840858725,11.0,1.0,0.0,5.6,1,44022.0,44018.0,9.087191603434753e-05,0.0017718413520512069,4.7621315300694526e-05,44142.0,44063.0,-0.0009514747859181516,0.0008397067834691048,0,0.001044876244232848,44133.36918601049,44062.430813989515,0.0016086564671100407,1,5040.0,-2468.7096821536115,44097.9,0.9411764705885654,0.2787456445895907,0.00029487150407159213,-1
2026-06-09 02:27:00,44099.0,44099.0,44099.0,44099.0,1,02:27:00,2026-06-09,1,-2.2675736961463855e-05,1,44053.92864101315,0.001023095110407136,10.485151658598625,13.457915255561492,-2.972763596962867,17.714285714285715,63.43283581426821,72.22222221018518,0.0,0.0,0.0,5.4,0,44022.0,44018.0,9.087191603434753e-05,0.0017491254372813197,6.576545318069828e-05,44142.0,44063.0,-0.0009741289474876315,0.0008170120055375073,0,0.0010221166721511754,44127.00154140987,44065.19845859013,0.0014015543964145498,1,864.6862745098039,-7985.374277174525,44096.1,-0.022677691047878236,0.043572984747556734,-2.2675736961463855e-05,1
2026-06-09 02:28:00,44088.0,44093.0,44084.0,44086.0,15,02:28:00,2026-06-09,1,-0.00029479126510800757,15,44053.990154369756,0.0007266049117929476,9.235206737037515,12.613373551856697,-3.3781668148191812,16.357142857142858,46.55172413231272,48.14814814279835,2.0,5.0,2.0,5.6,0,44022.0,44018.0,9.087191603434753e-05,0.0014538185452727852,-0.00020977316150832097,44142.0,44063.0,-0.001268633047890869,0.0005219798924267408,0,0.0007259250288918471,44126.28732894145,44064.21267105855,0.001407740241474922,1,13495.714285714286,16019.817957350564,44095.25,-0.555584531618903,0.6928406466192684,-0.00029479126510800757,1
2026-06-09 02:29:00,44089.0,44113.0,44085.0,44113.0,37,02:29:00,2026-06-09,1,0.0006124393231410341,37,44054.21256857051,0.001334433826004389,10.304506792934262,12.15160020007221,-1.8470934071379475,16.357142857142858,61.3636363571281,65.8536585317668,24.0,0.0,4.0,8.6,1,44022.0,44018.0,9.087191603434753e-05,0.0020671482440597416,0.00040367205500831176,44142.0,44063.0,-0.0006569706855149142,0.0011347388965798713,0,0.0013331934412246275,44126.113121016446,44064.28687898355,0.0014021082120706115,1,21762.413333333334,33179.391534391536,44095.2,-0.6122740538675007,1.6856492026566903,0.0006124393231410341,0
2026-06-09 02:30:00,44112.0,44113.0,44098.0,44098.0,11,02:30:00,2026-06-09,1,-0.0003400358171060658,11,44054.27742195368,0.0009924706658457226,9.828266018579598,11.686933363773688,-1.8586673451940907,16.142857142857142,51.47058822999568,49.090909088231406,14.0,1.0,0.0,10.2,1,44022.0,44018.0,9.087191603434753e-05,0.0017264095225114325,9.184933533971938e-05,44142.0,44063.0,-0.0009967831090571112,0.0007943172276059099,0,0.0009915777118248321,44122.02115017286,44065.87884982713,0.0012732427089369388,1,6737.194444444444,67914.89980876361,44093.95,-0.4875714632363078,0.5176470587991695,-0.0003400358171060658,1
2026-06-09 02:31:00,44112.0,44128.0,44109.0,44114.0,41,02:31:00,2026-06-09,1,0.0003628282461789478,41,44054.58666025333,0.0013486300576342565,10.619493149577465,11.473445320934443,-0.853952171356978,17.357142857142858,55.102040811078716,74.13793103064803,2.0,14.0,3.0,8.4,0,44022.0,44018.0,9.087191603434753e-05,0.0020898641588296286,0.00047059357157840554,44128.0,44063.0,-0.0003172588832487238,0.0011574336745114686,0,0.001347447506062057,44118.279456297576,44068.220543702424,0.0011352965044570493,1,17225.466666666667,2763.6568928407605,44093.25,-0.453563592450434,1.9523809522879818,0.0003628282461789478,0
2026-06-09 02:32:00,44116.0,44118.0,44110.0,44110.0,12,02:32:00,2026-06-09,1,-9.067416239738613e-05,12,44054.67034902338,0.0012559315627213104,10.799292261886876,11.33861470912493,-0.5393224472380531,16.642857142857142,49.999999994999996,45.71428571036735,6.0,2.0,0.0,9.6,0,44022.0,44018.0,9.087191603434753e-05,0.0019990004997500798,0.0003639955141238775,44128.0,44063.0,-0.00040790427846264487,0.001066654562785079,0,0.0012548127572290782,44120.06291268452,44067.83708731547,0.0011844215673363647,1,4563.103448275862,-7903.218095170268,44093.95,-0.2834775667192801,0.5925925925633287,-9.067416239738613e-05,1
2026-06-09 02:33:00,44104.0,44122.0,44099.0,44122.0,9,02:33:00,2026-06-09,1,0.0002720471548400827,9,44054.734756707054,0.0015268561634616134,11.774356611851545,11.425763089670253,0.34859352218129125,17.428571428571427,56.551724132470866,87.49999999179687,18.0,0.0,5.0,12.8,1,44022.0,44018.0,9.087191603434753e-05,0.002271591476988727,0.0005692010095947329,44128.0,44066.0,-0.00013596809282088163,0.0012708210411654956,0,0.0015253961909554804,44121.58240367106,44072.21759632894,0.0011194620787883002,1,3609.981818181818,-4641.713478881934,44096.9,0.669026022845394,0.4931506849044849,0.0002720471548400827,-1
2026-06-09 02:34:00,44122.0,44133.0,44122.0,44132.0,14,02:34:00,2026-06-09,1,0.000226644304428536,14,44054.85925837226,0.0017510155049032807,13.201836012973217,11.780977674330845,1.4208583386423719,17.142857142857142,64.33566432936573,84.6153846056213,10.0,1.0,0.0,10.0,0,44022.0,44018.0,9.087191603434753e-05,0.0024987506246875995,0.0007528549529691587,44133.0,44066.0,-2.265878141073522e-05,0.0014977533699450484,0,0.0017492707653664421,44127.982547027044,44069.61745297296,0.0013235075343111728,1,7101.701149425287,-5877.208271420636,44098.8,1.258696058921243,0.756756756715851,0.000226644304428536,-1
2026-06-09 02:35:00,44132.0,44133.0,44099.0,44099.0,22,02:35:00,2026-06-09,1,-0.0007477567298105336,22,44055.00501612325,0.0009986375863683928,11.537304649042198,11.732243069273117,-0.194938420230919,17.285714285714285,56.44171778656329,39.99999999781818,33.0,1.0,0.0,13.8,1,44022.0,44018.0,9.087191603434753e-05,0.0017491254372813197,-1.3605565583327996e-05,44133.0,44073.0,-0.0007703985679649975,0.0005899303428402744,0,0.0009976277307900472,44127.820186847784,44071.37981315221,0.0012798386764408438,1,9899.775510204081,11695.268631143228,44099.6,1.2813549251091034,1.2499999999289773,-0.0007477567298105336,0
2026-06-09 02:36:00,44106.0,44110.0,44099.0,44110.0,10,02:36:00,2026-06-09,1,0.0002494387627838268,10,44055.066245178736,0.0012469338830531178,10.979198256791278,11.58163410677675,-0.6024358499854721,17.0,59.53757224951719,38.888888886728395,4.0,0.0,7.0,14.2,0,44022.0,44018.0,9.087191603434753e-05,0.0019990004997500798,0.00021768510036186355,44133.0,44073.0,-0.0005211519724469101,0.0008395162571188519,0,0.0012456520762002853,44128.85790979563,44071.94209020437,0.0012905964479065775,1,6583.582089552238,8237.161351876519,44100.4,0.7937065870843528,0.5763688760474714,0.0002494387627838268,-1
2026-06-09 02:37:00,44111.0,44115.0,44081.0,44081.0,14,02:37:00,2026-06-09,1,-0.0006574472908636997,14,44055.12837918304,0.0005872555992637043,8.103426032015705,10.885992491824542,-2.7825664598088373,17.714285714285715,47.89473683857618,15.068493150065677,30.0,4.0,0.0,19.0,1,44022.0,44018.0,9.087191603434753e-05,0.0013402389714233488,-0.0004195058900894473,44133.0,44073.0,-0.0011782566333582315,0.00018151702856623826,0,0.0005866647199391504,44129.25337218283,44069.74662781717,0.0013493745816995117,1,8943.971014492754,2594.1247404032965,44099.5,0.15873447803502352,0.8045977011031841,-0.0006574472908636997,0
2026-06-09 02:38:00,44090.0,44102.0,44078.0,44078.0,7,02:38:00,2026-06-09,1,-6.805653229280395e-05,7,44055.15409328891,0.0005185751175154461,5.518665160394448,9.812527025538524,-4.293861865144075,18.714285714285715,46.59685863532798,25.58139534705245,12.0,12.0,0.0,17.8,0,44022.0,44018.0,9.087191603434753e-05,0.0012720912271136872,-0.000451268654516451,44133.0,44073.0,-0.001246232977590437,0.00011344814285389892,0,0.0005180724413427483,44128.69917972993,44067.100820270076,0.0013968547132595806,1,4605.164179104478,-5348.213528319146,44097.9,-0.3854910248612436,0.4142011834074438,-6.805653229280395e-05,1
2026-06-09 02:39:00,44077.0,44077.0,44066.0,44070.0,58,02:39:00,2026-06-09,1,-0.00018149643813236693,58,44055.26270385252,0.0003345184035457794,2.7925002021656837,8.408521660863956,-5.616021458698272,18.571428571428573,45.64102563774885,0.0,7.0,0.0,4.0,17.2,0,44022.0,44018.0,9.087191603434753e-05,0.001090363908954589,-0.0005952887150267746,44133.0,44066.0,-0.0014275032288763188,9.077293151182112e-05,0,0.0003342074699658738,44129.34873583897,44063.15126416103,0.001501204108692584,1,23027.567567567567,24977.26200469343,44096.25,-0.9410345484397998,3.00518134699455,-0.00018149643813236693,0
2026-06-09 02:40:00,44068.0,44068.0,44030.0,44031.0,33,02:40:00,2026-06-09,1,-0.0008849557522123686,33,44055.21506768688,-0.0005496526949118747,-2.4863184996065684,6.229553628769851,-8.71587212837642,20.428571428571427,34.38914026931471,0.0,37.0,0.0,1.0,18.0,1,44022.0,44018.0,9.087191603434753e-05,0.00020444323292898543,-0.0014117807147352166,44133.0,44030.0,-0.0023111957038949925,2.2711787417669256e-05,0,-0.0005491785633147095,44137.38794164977,44049.11205835023,0.002002027142466114,0,11910.024590163934,3316.2602728307206,44093.25,-1.4172496286805973,1.6058394159802512,-0.0008849557522123686,0
2026-06-09 02:41:00,44042.0,44047.0,44018.0,44019.0,38,02:41:00,2026-06-09,1,-0.00027253525924919586,38,44055.09387085433,-0.0008192893870601999,-7.5510759611133835,3.473427710793205,-11.024503671906588,22.428571428571427,32.75862068767836,0.0,23.0,5.0,1.0,21.8,1,44022.0,44018.0,9.087191603434753e-05,-6.81477443096618e-05,-0.0016171357418752264,44133.0,44018.0,-0.002583101080823815,2.2717979008586882e-05,0,-0.0008186351840275938,44145.283633913525,44035.31636608648,0.002494137436738717,0,11151.48,14215.16273100283,44090.3,-1.7234380775498481,1.9387755101051645,-0.00027253525924919586,0
2026-06-09 02:42:00,44023.0,44026.0,44015.0,44015.0,27,02:42:00,2026-06-09,1,-9.08698516549622e-05,27,44054.97897196261,-0.0009074790839885709,-11.752226952768979,0.42829677808076827,-12.180523730849746,22.142857142857142,34.08071748664965,0.0,8.0,3.0,0.0,17.4,0,44022.0,44018.0,9.087191603434753e-05,-0.0001590114033892109,-0.0016376635395306451,44133.0,44015.0,-0.002673736206466756,0.0,1,-0.0009068158550012789,44151.53661475652,44022.86338524347,0.002918607430570476,0,7290.828220858895,-6833.869578510139,44087.2,-2.052328712759681,1.3533834585787778,-9.08698516549622e-05,0
2026-06-09 02:43:00,44039.0,44047.0,44036.0,44046.0,26,02:43:00,2026-06-09,1,0.0007043053504487418,26,44054.94269741439,-0.00020298965035126757,-12.436864032228186,-2.144735383981023,-10.292128648247164,22.428571428571427,35.242290746725146,65.95744680430059,7.0,1.0,3.0,16.4,0,44022.0,44018.0,9.087191603434753e-05,0.0005451819544772945,-0.0008857878124217172,44133.0,44015.0,-0.0019713139827339642,0.0007043053504486947,0,-0.00020285102125081576,44151.95598272682,44018.14401727319,0.003035313909219216,0,6292.285714285715,-4716.815513981147,44085.05,-1.8596950780441655,1.2745098038590927,0.0007043053504487418,0
2026-06-09 02:44:00,44043.0,44048.0,44026.0,44026.0,33,02:44:00,2026-06-09,1,-0.00045407074422199045,33,44054.85996055227,-0.0006550914150699792,-14.42697155566566,-4.60118261831795,-9.82578893734771,22.928571428571427,34.4827586186088,56.36363636056199,17.0,5.0,0.0,18.4,0,44022.0,44018.0,9.087191603434753e-05,9.086365907954908e-05,-0.0012658285278732185,44133.0,44015.0,-0.0024244896109486685,0.00024991480177211745,0,-0.0006546910641640756,44153.62317466787,44009.97682533214,0.003258631665125434,0,9253.872611464969,-1701.664163442907,44081.8,-1.9278616838624367,1.5348837208588426,-0.00045407074422199045,0
2026-06-09 02:45:00,44026.0,44031.0,44018.0,44026.0,18,02:45:00,2026-06-09,1,0.0,18,44054.79773069353,-0.0006536797846529152,-15.821762674517231,-6.845298629557806,-8.976464044959425,21.714285714285715,29.629629627709193,60.78431372191465,0.0,5.0,8.0,11.0,0,44022.0,44018.0,9.087191603434753e-05,9.086365907954908e-05,-0.0011967217763661359,44133.0,44015.0,-0.0024244896109486685,0.00024991480177211745,0,-0.0006533245768885798,44154.70531926487,44002.79468073513,0.003446346335359581,0,5580.760563380281,-2345.5053468221195,44078.75,-1.9166560815831102,0.8294930875193782,0.0,0
2026-06-09 02:46:00,44024.0,44037.0,44024.0,44037.0,7,02:46:00,2026-06-09,1,0.00024985235996921595,7,44054.77980873053,-0.0004035841016053243,-15.856749873913941,-8.647588878429033,-7.209160995484908,22.071428571428573,33.63228699340425,35.48387096430801,13.0,0.0,0.0,9.0,1,44022.0,44018.0,9.087191603434753e-05,0.00034073872154830905,-0.0008757679986204992,44133.0,44015.0,-0.002175243015430581,0.0004998296035442349,0,-0.00040339345875102983,44153.05531817825,43998.144681821745,0.003514657460284248,0,2777.108108108108,-5586.487590982892,44075.6,-2.1435838226347403,0.3233256350889919,0.00024985235996921595,-1
2026-06-09 02:47:00,44028.0,44047.0,44028.0,44043.0,19,02:47:00,2026-06-09,1,0.0001362490632876856,19,44054.74593097079,-0.00026662123960937936,-15.224825316479837,-9.963036166039194,-5.261789150440643,21.785714285714285,31.797235020990044,99.99999998235295,15.0,4.0,0.0,10.4,1,44022.0,44018.0,9.087191603434753e-05,0.00047703421016763263,-0.0006761539997459257,44133.0,44015.0,-0.00203929032696617,0.0006361467681472081,0,-0.00026651202035703864,44150.7408682635,43994.859131736506,0.003536914753022041,0,8124.436893203883,-1220.500611670173,44072.8,-2.0416589159244856,0.8425720620468926,0.0001362490632876856,0
2026-06-09 02:48:00,44046.0,44060.0,44040.0,44060.0,25,02:48:00,2026-06-09,1,0.0003859864223598741,25,44054.741866175566,0.00011935454849348378,-13.200100089801708,-10.610448950791698,-2.5896511390100105,22.428571428571427,33.92857142645089,99.99999999117647,14.0,0.0,6.0,11.8,1,44022.0,44018.0,9.087191603434753e-05,0.0008632047612557162,-0.0002609396094981959,44133.0,44015.0,-0.001654091042983671,0.0010223787345222989,0,0.00011930916407279901,44149.38115100913,43993.61884899087,0.003534309066364021,0,10799.019607843138,9350.444236407346,44071.5,-1.6447834841051527,1.0845986984345075,0.0003859864223598741,0
2026-06-09 02:49:00,44066.0,44070.0,44060.0,44067.0,41,02:49:00,2026-06-09,1,0.00015887426236949054,41,44054.79317982205,0.00027708268038217015,-10.904943857058242,-10.669347932045007,-0.23559592501323579,20.714285714285715,41.919191916227945,99.99999999,1.0,3.0,6.0,8.6,0,44022.0,44018.0,9.087191603434753e-05,0.001022216164644927,-4.992148711565084e-05,44133.0,44015.0,-0.0014954795731085245,0.0011814154265591009,0,0.0002769920982896727,44144.59817112383,43993.80182887617,0.003421808025733553,0,16424.97272727273,49144.160356300155,44069.2,-1.452050567661349,1.7634408601392069,0.00015887426236949054,0
2026-06-09 02:50:00,44062.0,44062.0,44030.0,44034.0,14,02:50:00,2026-06-09,1,-0.0007488596909251966,14,44054.77269434596,-0.00047151972591205935,-11.614950297414907,-10.858468405118987,-0.7564818922959198,22.571428571428573,32.72727272519009,42.10526315567867,28.0,0.0,4.0,14.2,1,44022.0,44018.0,9.087191603434753e-05,0.0002725909772386472,-0.000726183452094569,44133.0,44015.0,-0.002243219359662787,0.0004316710212427484,0,-0.000471399590295377,44141.68355170237,43990.31644829763,0.0034350089276253895,0,5815.811320754717,-2841.582257079674,44066.0,-1.5429017443872206,0.5982905982650304,-0.0007488596909251966,1
2026-06-09 02:51:00,44037.0,44038.0,44029.0,44037.0,9,02:51:00,2026-06-09,1,6.812917291187937e-05,9,44054.75201858623,-0.0004029535469576725,-11.79954280428501,-11.046683284952193,-0.7528595193328176,20.785714285714285,38.659793811643105,23.255813951865875,0.0,1.0,8.0,11.6,0,44022.0,44018.0,9.087191603434753e-05,0.00034073872154830905,-0.0005707846757364515,44133.0,44015.0,-0.002175243015430581,0.0004998296035442349,0,-0.00040288589154705354,44135.345556367596,43988.95444363241,0.0033223778852186302,0,3669.75,-6601.7748524739,44062.15,-2.12155247722418,0.4128440366783099,6.812917291187937e-05,-1
2026-06-09 02:52:00,44030.0,44052.0,44030.0,44052.0,8,02:52:00,2026-06-09,1,0.000340622658219214,8,44054.74280821918,-6.225909049376149e-05,-10.61311764238053,-10.959970156437862,0.346852514057332,20.642857142857142,43.689320385380334,35.29411764498269,22.0,0.0,0.0,13.0,1,44022.0,44018.0,9.087191603434753e-05,0.0006814774430966181,-0.0001645511441978662,44133.0,44015.0,-0.0018353612942695527,0.0008406225150516678,0,-6.225272148700457e-05,44128.97691089913,43989.52308910087,0.0031651428882302694,0,3633.1546391752577,-7788.030032377093,44059.25,-2.2578127127329495,0.37037037035322357,0.000340622658219214,-1
2026-06-09 02:53:00,44055.0,44055.0,44055.0,44055.0,1,02:53:00,2026-06-09,1,6.810133478607483e-05,1,44054.74283757562,5.837337998483459e-06,-9.323318810209457,-10.63263988719218,1.309321076982723,20.0,46.26865671319522,99.99999998571428,0.0,0.0,0.0,10.2,0,44022.0,44018.0,9.087191603434753e-05,0.0007496251874062799,-2.0428591857195853e-05,44133.0,44015.0,-0.001767384950037347,0.0009087810973531545,0,5.837184676268041e-06,44119.061947224676,43992.73805277533,0.002867354757236755,0,603.4931506849315,-8962.323367453027,44055.9,-2.292016520673205,0.04716981131852973,6.810133478607483e-05,-1
2026-06-09 02:54:00,44035.0,44048.0,44035.0,44048.0,8,02:54:00,2026-06-09,1,-0.0001588922937237891,8,44054.73273273273,-0.0001528265481389872,-8.764948570642446,-10.259101623882234,1.4941530532397884,18.571428571428573,55.029585794257905,71.99999999136,13.0,0.0,0.0,12.6,1,44022.0,44018.0,9.087191603434753e-05,0.000590613784017069,-8.399221823441561e-05,44133.0,44015.0,-0.0019259964199124936,0.0007497444053163524,0,-0.00015283706945995714,44103.74896478412,43999.65103521587,0.002363085410284867,1,8809.6,14005.99495878466,44051.7,-2.3716500443133994,0.3827751195989103,-0.0001588922937237891,1
2026-06-09 02:55:00,44048.0,44062.0,44048.0,44049.0,15,02:55:00,2026-06-09,1,2.2702506356608865e-05,15,44054.729773831205,-0.00013006035584873577,-8.147821476151876,-9.836845594336163,1.689024118184287,17.5,59.493670880804366,36.363636353719,1.0,13.0,0.0,7.2,0,44022.0,44018.0,9.087191603434753e-05,0.0006133296987869563,-4.540377577733196e-06,44115.0,44015.0,-0.0014960897653858894,0.0007724639327501813,0,-0.00013007668314530984,44096.24577835905,44002.15422164094,0.002136055971915612,1,16115.487804878048,34356.73513895994,44049.2,-2.2810193092263056,0.7299270072637505,2.2702506356608865e-05,-1
2026-06-09 02:56:00,44051.0,44056.0,44044.0,44052.0,13,02:56:00,2026-06-09,1,6.810597289375053e-05,13,44054.723769466866,-6.182695597227515e-05,-7.33214843658061,-9.335906162785053,2.0037577262044426,17.571428571428573,61.78343948493651,36.363636353719,1.0,4.0,7.0,7.4,0,44022.0,44018.0,9.087191603434753e-05,0.0006814774430966181,0.0001294092806886608,44115.0,44015.0,-0.0014280856851410762,0.0008406225150516678,0,-6.183878025771907e-05,44083.73401209333,44008.865987906676,0.0016997573958914029,1,12726.133333333333,200874.52805205615,44046.3,-2.1790497980970867,0.6280193236411585,6.810597289375053e-05,-1
2026-06-09 02:57:00,44048.0,44062.0,44042.0,44042.0,15,02:57:00,2026-06-09,1,-0.00022700444928724917,15,44054.71345891966,-0.000288583398267075,-7.407251913435175,-8.950175312915077,1.5429233994799016,16.714285714285715,48.52941175971021,28.57142856530612,6.0,14.0,0.0,4.2,1,44022.0,44018.0,9.087191603434753e-05,0.0004543182953977454,-5.335531118062797e-05,44102.0,44015.0,-0.0013604825177996156,0.0006134272407133793,0,-0.0002886513007833532,44078.05007025339,44010.64992974661,0.0015302789235573098,1,12704.423076923076,4421.1122831037455,44044.35,-1.6684940649279245,0.7228915662302221,-0.00022700444928724917,1
2026-06-09 02:58:00,44047.0,44047.0,44033.0,44033.0,6,02:58:00,2026-06-09,1,-0.0002043503928068624,6,44054.70185983216,-0.0004926116604127084,-8.099629259522771,-8.780066102236617,0.6804368427138456,16.142857142857142,52.79999999408639,13.636363634504136,14.0,0.0,0.0,7.0,1,44022.0,44018.0,9.087191603434753e-05,0.00024987506246875997,-0.00020662048358271608,44077.0,44015.0,-0.000998253057149965,0.0004089514938089195,0,-0.0004927526124358002,44072.15188492775,44012.04811507225,0.001364689010185701,1,4635.0526315789475,-7123.852105689319,44042.1,-1.611834040118446,0.28985507244976544,-0.0002043503928068624,1
2026-06-09 02:59:00,44028.0,44033.0,44011.0,44012.0,12,02:59:00,2026-06-09,1,-0.00047691504099200976,12,44054.65288788222,-0.0009681812268676893,-10.225000351078052,-9.069052952004904,-1.1559473990731473,16.785714285714285,45.20547944772002,0.0,16.0,5.0,1.0,7.6,1,44022.0,44018.0,9.087191603434753e-05,-0.0002271591476988727,-0.0006176315646059982,44070.0,44011.0,-0.0013160880417517288,2.2721592329189917e-05,1,-0.0009685209513846755,44069.10933665736,44009.29066334263,0.0013583051761777928,1,8658.098360655738,-3196.599364570748,44039.2,-1.6119401629662014,0.6521739130080341,-0.00047691504099200976,1
2026-06-09 03:00:00,44019.0,44023.0,44015.0,44023.0,25,03:00:00,2026-06-09,1,0.0002499318367716885,25,44054.555994729904,-0.0007162935595963914,-10.8961600341936,-9.434474368442643,-1.4616856657509558,16.642857142857142,45.20547944772002,26.82926829071981,4.0,0.0,4.0,8.2,0,44022.0,44018.0,9.087191603434753e-05,2.271591476988727e-05,-0.00035877453518266963,44070.0,44011.0,-0.0010664851372815733,0.000272659107950279,0,-0.000716549831737096,44069.377597549756,44008.22240245025,0.0013886662465712957,1,15501.05633802817,2201.3067765233923,44038.8,-1.2600935193720952,1.3888888888117283,0.0002499318367716885,0
2026-06-09 03:01:00,44023.0,44023.0,43999.0,44013.0,46,03:01:00,2026-06-09,1,-0.00022715398768824446,46,44054.33434445568,-0.0009382582910569466,-12.095545426564058,-9.966688580066926,-2.1288568464971327,17.0,39.99999999626666,26.190476188605444,10.0,0.0,14.0,10.0,0,44022.0,44018.0,9.087191603434753e-05,-0.00020444323292898543,-0.000579038795599292,44070.0,43999.0,-0.0012933968686180783,0.0003181890497511235,1,-0.0009385956482550572,44069.99937339925,44007.00062660075,0.0014305379792341542,1,19467.28846153846,32000.14543288338,44038.5,-0.8173997152721021,2.4999999998641305,-0.00022715398768824446,0
2026-06-09 03:02:00,43995.0,44001.0,43979.0,43988.0,59,03:02:00,2026-06-09,1,-0.0005680139958648134,59,44053.906324404765,-0.001496038147433314,-14.891695857317245,-10.95169003551699,-3.9400058218002556,18.0,27.21518987100626,23.913043476701333,7.0,6.0,9.0,10.2,0,44022.0,44018.0,9.087191603434753e-05,-0.0007723411021761671,-0.0011161031083982578,44070.0,43979.0,-0.0018606761969593407,0.00020464312512789731,1,-0.0014966073963633717,44074.63557614976,43999.66442385024,0.0017024524134626928,1,17535.756756756757,10253.589213588759,44037.15,-0.4654943777352074,2.9499999998525,-0.0005680139958648134,0
2026-06-09 03:03:00,43997.0,44027.0,43990.0,44027.0,58,03:03:00,2026-06-09,1,0.0008866054378466881,58,44053.653951356544,-0.0006050338386453555,-13.801594959950307,-11.521671020403653,-2.279923939546654,20.071428571428573,39.47368420761774,52.70270270056611,30.0,0.0,7.0,13.4,1,44022.0,44018.0,9.087191603434753e-05,0.00011357957384943634,-0.0002089190257105945,44070.0,43979.0,-0.0009757204447469714,0.001091430000682119,0,-0.0006052736466030989,44073.704245350054,43998.69575464994,0.0017033370431625105,1,12767.83,-1763.25166390296,44036.2,-0.5903884756182777,2.685185185060871,0.0008866054378466881,0
2026-06-09 03:04:00,44029.0,44051.0,44029.0,44048.0,21,03:04:00,2026-06-09,1,0.00047698003497864683,21,44053.62842497326,-0.00012776302825654825,-11.115030496672262,-11.440342915657375,0.32531241898511354,19.142857142857142,53.932584265421035,70.58823529162629,19.0,3.0,0.0,14.0,1,44022.0,44018.0,9.087191603434753e-05,0.000590613784017069,0.00024297584093477227,44070.0,43979.0,-0.000499205808940311,0.0015689306259805461,0,-0.0001278104010296575,44074.835106350634,43999.76489364937,0.00170469608039687,1,4425.875598086124,-7726.506386942214,44037.3,-0.27248884498724746,0.999999999952381,0.00047698003497864683,0
2026-06-09 03:05:00,44040.0,44053.0,44040.0,44047.0,13,03:05:00,2026-06-09,1,-2.2702506356719887e-05,13,44053.61842686699,-0.0001502357150974217,-8.963277364506212,-10.944929805427144,1.9816524409209322,19.428571428571427,52.84090908670584,98.36065573286751,7.0,6.0,0.0,14.6,0,44022.0,44018.0,9.087191603434753e-05,0.0005678978692471818,0.00019641971145606635,44070.0,43979.0,-0.0005218969820739614,0.0015461925009663353,0,-0.00015028780294877798,44075.728716126716,44000.97128387328,0.00169755297946978,1,2906.6548223350255,-8342.441183090057,44038.35,0.2724971983875182,0.6265060240661925,-2.2702506356719887e-05,1
2026-06-09 03:06:00,44049.0,44068.0,44022.0,44034.0,21,03:06:00,2026-06-09,1,-0.0002951392830385924,21,44053.589992284804,-0.00044468549074511924,-8.212322319479426,-10.3984083082376,2.1860859887581743,21.142857142857142,44.827586203289734,59.99999999485714,15.0,19.0,12.0,15.6,0,44022.0,44018.0,9.087191603434753e-05,0.0002725909772386472,-9.537174543911864e-05,44070.0,43979.0,-0.0008168822328114178,0.0012505968757815947,0,-0.0004448408946052164,44075.62557524527,44000.77442475472,0.0016996868739082344,1,5376.2441860465115,-5789.226371242011,44038.2,0.4541717950231855,0.979020978975337,-0.0002951392830385924,0
2026-06-09 03:07:00,44036.0,44036.0,44016.0,44021.0,18,03:07:00,2026-06-09,1,-0.0002952264159512552,18,44053.532064679355,-0.0007384666598716979,-8.567416545527522,-10.032209955695585,1.4647934101680633,22.357142857142858,40.76086956211602,0.0,15.0,0.0,5.0,17.2,0,44022.0,44018.0,9.087191603434753e-05,-2.271591476988727e-05,-0.0003656008229424322,44070.0,43979.0,-0.0011118674835488742,0.0009550012505968542,0,-0.0007387422123471915,44075.21837515612,43998.98162484388,0.0017311937051312442,1,6048.687022900764,3666.644913192747,44037.1,-0.04541604503554159,0.8411214952877981,-0.0002952264159512552,0
2026-06-09 03:08:00,44023.0,44029.0,44021.0,44029.0,13,03:08:00,2026-06-09,1,0.00018173144635524885,13,44053.49322642062,-0.0005559882912061939,-8.109813257724454,-9.64773061610136,1.5379173583769052,21.5,44.864864861469684,23.529411762629763,6.0,0.0,2.0,12.4,0,44022.0,44018.0,9.087191603434753e-05,0.0001590114033892109,-0.00014874345841036984,44070.0,43979.0,-0.0009303380984796703,0.0011369062507105407,0,-0.0005562148405236505,44072.24203266898,43998.85796733102,0.001666473232148972,1,6655.546511627907,12897.615707534393,44035.55,-0.6358094706081482,0.6249999999699519,0.00018173144635524885,-1
2026-06-09 03:09:00,44028.0,44028.0,44000.0,44000.0,14,03:09:00,2026-06-09,1,-0.0006586567943854815,14,44053.42542224172,-0.0012127416138393507,-9.972262952374876,-9.712637083356064,-0.25962586901881224,22.571428571428573,38.49765257962926,15.99999999904,28.0,0.0,0.0,14.2,1,44022.0,44018.0,9.087191603434753e-05,-0.0004997501249375199,-0.00073128301561122,44068.0,43979.0,-0.0015430698012162672,0.0004775006252984271,1,-0.0012133262076780382,44069.03590922921,43995.36409077078,0.0016731350797468637,1,7797.46835443038,4503.560635634643,44032.2,-1.3624535062740986,0.7197943444360003,-0.0006586567943854815,1
2026-06-09 03:10:00,44009.0,44009.0,43982.0,43982.0,12,03:10:00,2026-06-09,1,-0.0004090909090909145,12,44053.343373493975,-0.0016194769347949117,-12.753700599721924,-10.320849786629237,-2.4328508130926867,23.642857142857142,34.64912280488997,14.545454544661155,27.0,0.0,0.0,18.2,1,44022.0,44018.0,9.087191603434753e-05,-0.0009086365907954908,-0.0010810909024837263,44068.0,43979.0,-0.0019515294544793966,6.821437504263244e-05,1,-0.0016203502528747426,44072.70769864446,43986.49230135554,0.0019581235643503234,0,6766.461538461538,1186.6616884676437,44029.6,-1.703109423645063,0.6201550387276406,-0.0004090909090909145,1
2026-06-09 03:11:00,43977.0,43977.0,43919.0,43923.0,109,03:11:00,2026-06-09,1,-0.0013414578691283152,109,44052.002236894325,-0.0029284080256011618,-19.494101028845762,-12.155500035072542,-7.33860099377322,26.714285714285715,28.519855594226428,0.0,54.0,0.0,4.0,26.0,1,44022.0,44018.0,9.087191603434753e-05,-0.0022488755622188396,-0.002291936879740304,44068.0,43919.0,-0.003290369429064099,9.10767549352196e-05,1,-0.0029302773469484,44087.94899439031,43959.85100560969,0.0029097374103751396,0,28841.006024096387,33333.790806973186,44023.9,-2.6455897564584645,4.47638603677715,-0.0013414578691283152,0
2026-06-09 03:12:00,43927.0,43944.0,43907.0,43907.0,50,03:12:00,2026-06-09,1,-0.00036427384286141784,50,44051.28811856317,-0.003275457420786846,-25.829239814862376,-14.89024799103051,-10.938991823831866,28.357142857142858,27.816901407079442,0.0,20.0,17.0,0.0,27.0,0,44022.0,44018.0,9.087191603434753e-05,-0.002612330198537036,-0.002491102798600052,44068.0,43907.0,-0.0036534446764091033,0.0,1,-0.0032780349836520305,44097.839252583246,43935.46074741676,0.0036890246115159914,0,11087.626262626263,4219.520693952512,44016.65,-3.5315064884324734,1.8903591681704968,-0.00036427384286141784,0
2026-06-09 03:13:00,43915.0,43934.0,43911.0,43918.0,26,03:13:00,2026-06-09,1,0.00025052952832127495,26,44050.92445875827,-0.0030175180292235904,-29.620824449892098,-17.83636328280283,-11.784461167089269,28.714285714285715,32.84671532678887,12.790697673972417,3.0,16.0,4.0,26.4,0,44022.0,44018.0,9.087191603434753e-05,-0.002362455136068276,-0.002085899049757118,44068.0,43907.0,-0.003403830443859413,0.00025052952832121874,1,-0.003020337714742387,44099.98483942064,43919.615160579364,0.004098398057734277,0,5411.696682464455,-2002.1762457325815,44009.8,-4.496974762431554,0.9386281588108799,0.00025052952832127495,0
2026-06-09 03:14:00,43914.0,43959.0,43914.0,43956.0,30,03:14:00,2026-06-09,1,0.0008652488728995156,30,44050.577991795966,-0.0021470318008898408,-29.222540908107476,-20.11359880786376,-9.108942100243716,31.142857142857142,38.870431891879775,75.38461538113609,42.0,3.0,0.0,29.2,1,44022.0,44018.0,9.087191603434753e-05,-0.0014992503748125598,-0.0011180496850371315,44068.0,43907.0,-0.0025415267314150285,0.0011159951716127015,1,-0.0021492458117668843,44096.55840351547,43913.841596484526,0.004152163994958268,0,5809.162995594714,-7985.797377962054,44005.2,-4.24769273054054,1.0416666666304977,0.0008652488728995156,0
2026-06-09 03:15:00,43946.0,43950.0,43902.0,43906.0,45,03:15:00,2026-06-09,1,-0.0011375011375011068,45,44049.94902378417,-0.003267859032173699,-32.56607897755748,-22.604094841802503,-9.961984135754978,33.285714285714285,34.310850438474034,49.494949493449646,40.0,4.0,4.0,31.8,1,44022.0,44018.0,9.087191603434753e-05,-0.002635046113306923,-0.002092138174305471,44068.0,43902.0,-0.003676136879368166,9.111202223133135e-05,1,-0.0032717137187708114,44097.03957945284,43899.06042054717,0.0044997257584294065,0,7599.115384615385,-3146.3099453214927,43998.05,-4.225673693931397,1.4851485148024703,-0.0011375011375011068,0
2026-06-09 03:16:00,43913.0,43922.0,43872.0,43891.0,183,03:16:00,2026-06-09,1,-0.00034163895595129556,183,44046.98697726244,-0.003541376787995868,-36.01111787553236,-25.285499448548475,-10.725618426983889,34.42857142857143,35.34743202267413,36.893203882420586,22.0,9.0,19.0,25.4,0,44022.0,44018.0,9.087191603434753e-05,-0.0029757848348552322,-0.0022505114798817404,44068.0,43872.0,-0.004016519923754108,0.0004330780452224555,1,-0.0035459644751632976,44096.423187017535,43883.576812982465,0.00483851725471848,0,24048.062874251496,34437.19647513606,43990.0,-4.4989979504571505,4.716494845239266,-0.00034163895595129556,0
2026-06-09 03:17:00,43892.0,43920.0,43880.0,43880.0,46,03:17:00,2026-06-09,1,-0.0002506208562119694,46,44046.25217451572,-0.003774490820626673,-39.177332193023176,-28.063865997443415,-11.113466195579761,34.5,25.742574256236324,0.0,12.0,28.0,0.0,23.8,0,44022.0,44018.0,9.087191603434753e-05,-0.003225659897323992,-0.0023168621637537066,44068.0,43872.0,-0.004266134156303798,0.00018234865061998127,1,-0.003780013471808112,44096.0391579018,43867.7608420982,0.005190278632883037,0,6116.606060606061,529.2381453997621,43981.9,-5.294828792959841,1.1400247831192063,-0.0002506208562119694,0
2026-06-09 03:18:00,43886.0,43902.0,43883.0,43890.0,21,03:18:00,2026-06-09,1,0.00022789425706482014,21,44045.91542185339,-0.0035398383791116913,-40.413798314213636,-30.533852460797462,-9.879945853416174,34.357142857142854,22.945205478351937,27.777777775462965,4.0,12.0,3.0,24.0,0,44022.0,44018.0,9.087191603434753e-05,-0.0029985007496251197,-0.0019272423379325199,44068.0,43872.0,-0.00403921212671317,0.00041028446389495784,1,-0.0035455669868136633,44093.243837273425,43856.256162726575,0.005389176164659143,0,2835.9692307692308,-6268.027148909032,43974.75,-5.295689240773832,0.5109489050970573,0.00022789425706482014,-1
2026-06-09 03:19:00,43891.0,43900.0,43872.0,43900.0,65,03:19:00,2026-06-09,1,0.00022784233310546576,65,44044.87563111798,-0.003289273247842331,-40.124262673394696,-32.45193450331691,-7.672328170077783,35.42857142857143,25.581395347647373,64.51612902601457,9.0,0.0,19.0,17.4,0,44022.0,44018.0,9.087191603434753e-05,-0.0027713416019262468,-0.0015726935817499288,44068.0,43872.0,-0.0038122900971225425,0.0006382202771699345,1,-0.0032949381809286504,44090.77630428004,43847.52369571996,0.005532347306238087,0,7926.388888888889,-6703.938720413213,43969.15,-4.739713571265866,1.4857142856803267,0.00022784233310546576,0
2026-06-09 03:20:00,43886.0,43911.0,43885.0,43911.0,15,03:20:00,2026-06-09,1,0.0002505694760819299,15,44044.65565843621,-0.003034548833181953,-38.562669078186445,-33.674081418290825,-4.88858765989562,34.0,29.431438125712248,99.99999999032258,25.0,0.0,1.0,14.4,1,44022.0,44018.0,9.087191603434753e-05,-0.002521466539457487,-0.0011953083861517488,44068.0,43872.0,-0.003562675864572852,0.0008889496717724087,1,-0.0030401470863069178,44085.05022741226,43842.04977258774,0.005527316488875765,0,1995.9545454545455,-6736.826721097064,43963.55,-4.1721708248162415,0.346820809240536,0.0002505694760819299,-1
2026-06-09 03:21:00,43912.0,43950.0,43908.0,43938.0,41,03:21:00,2026-06-09,1,0.0006148800983807323,41,44044.18246081344,-0.0024108169315643527,-34.74589154258865,-33.88844344315039,-0.8574480994382583,35.57142857142857,36.74121405586461,99.99999999375,26.0,12.0,4.0,15.2,1,44022.0,44018.0,9.087191603434753e-05,-0.0019081368406705305,-0.0004959076246935248,44068.0,43872.0,-0.0029499863846781577,0.0015043763676148454,1,-0.002415444583766048,44079.49012621706,43840.109873782945,0.005445435430418472,0,9582.22340425532,23788.178307055285,43959.8,-3.3996782244349517,0.9534883720708491,0.0006148800983807323,0
2026-06-09 03:22:00,43925.0,43951.0,43921.0,43930.0,16,03:22:00,2026-06-09,1,-0.00018207474168141502,16,44044.00214789813,-0.002588369411011091,-31.997750834721955,-33.51030492146471,1.5125540867427532,37.142857142857146,34.18530351284794,82.60869564678639,5.0,21.0,4.0,13.8,0,44022.0,44018.0,9.087191603434753e-05,-0.0020898641588296286,-0.0006119630820189969,44068.0,43872.0,-0.0031315240083506597,0.0013220277169948642,1,-0.0025934983563018843,44076.523796251575,43837.27620374843,0.005442776731369621,0,4448.607594936709,-4387.5986186184855,43956.9,-2.7860443060645927,0.3916768665754792,-0.00018207474168141502,1
2026-06-09 03:23:00,43924.0,43932.0,43887.0,43891.0,30,03:23:00,2026-06-09,1,-0.0008877760072842911,30,44043.571836443356,-0.0034641113352461735,-32.59111351847241,-33.32646664086625,0.735353122393839,38.285714285714285,33.12693498308428,36.486486485007305,33.0,8.0,4.0,19.6,1,44022.0,44018.0,9.087191603434753e-05,-0.0029757848348552322,-0.0013447068379821025,44068.0,43872.0,-0.004016519923754108,0.0004330780452224555,1,-0.0034714787097948024,44068.40006450211,43831.79993549789,0.005383380902528396,0,7884.610778443114,29502.957601910348,43950.1,-3.0593525773065107,0.7604562737449821,-0.0008877760072842911,1
2026-06-09 03:24:00,43885.0,43896.0,43844.0,43851.0,92,03:24:00,2026-06-09,1,-0.0009113485680435351,92,44041.899821530795,-0.0043345046944924265,-35.875473301828606,-33.836267973058725,-2.0392053287698815,40.07142857142857,31.01449275236463,0.0,34.0,11.0,7.0,24.6,1,44022.0,44018.0,9.087191603434753e-05,-0.003884421425650723,-0.00203116732380899,44068.0,43844.0,-0.004924208042116618,0.00015965696560532434,1,-0.004344531984474153,44057.023960679435,43823.476039320565,0.005315125001766361,0,20795.319587628866,11701.977412041952,43940.25,-4.447244982916872,2.139534883671174,-0.0009113485680435351,0
2026-06-09 03:25:00,43852.0,43870.0,43848.0,43849.0,28,03:25:00,2026-06-09,1,-4.560899409367103e-05,28,44041.37453409892,-0.00436804110076013,-38.199396513271495,-34.70889368110128,-3.4905028321702147,37.142857142857146,37.15277777597174,0.0,3.0,18.0,1.0,20.2,0,44022.0,44018.0,9.087191603434753e-05,-0.003929853255190498,-0.0018517949435867618,44068.0,43844.0,-0.004969592448034743,0.00011404068971808882,1,-0.004379080387452288,44042.498914151554,43818.20108584844,0.005105760102141379,0,5931.265700483092,3332.858819091858,43930.35,-6.040007370857114,0.6399999999853715,-4.560899409367103e-05,1
2026-06-09 03:26:00,43852.0,43855.0,43787.0,43799.0,314,03:26:00,2026-06-09,1,-0.0011402768592214674,314,44034.39276763337,-0.005345657174734228,-43.57341730270855,-36.48179840542274,-7.091618897285812,39.357142857142854,33.22981366315149,0.0,53.0,3.0,12.0,25.6,1,44022.0,44018.0,9.087191603434753e-05,-0.005065648993684861,-0.002723219774765039,44036.0,43787.0,-0.005381960214369939,0.00027405394295109797,1,-0.005359751167691236,44034.21351222287,43802.986487777125,0.005264899710959401,0,28651.845833333333,26338.947651885097,43918.6,-7.167219187214592,5.376712328675056,-0.0011402768592214674,0
2026-06-09 03:27:00,43800.0,43847.0,43794.0,43841.0,56,03:27:00,2026-06-09,1,0.0009589260028768365,56,44033.26667961542,-0.004366396002693695,-43.936841940558224,-37.972807112449836,-5.964034828108389,41.214285714285715,39.09348441771301,44.680851062403804,41.0,6.0,6.0,32.8,1,44022.0,44018.0,9.087191603434753e-05,-0.004111580573349595,-0.0015623007269480248,44029.0,43787.0,-0.004269913011878438,0.001233242743279941,1,-0.004378693488791022,44019.53471746099,43799.665282539005,0.005007320379187757,0,4721.338461538461,-7729.614857976415,43909.6,-6.975381341708673,0.9286898838983635,0.0009589260028768365,0
2026-06-09 03:28:00,43838.0,43899.0,43838.0,43899.0,44,03:28:00,2026-06-09,1,0.0013229625236650389,44,44032.608870837765,-0.0030343164818982396,-39.094090965190844,-38.19706388299804,-0.8970270821928068,42.357142857142854,42.359249328168815,66.66666666533334,61.0,0.0,0.0,38.4,1,44022.0,44018.0,9.087191603434753e-05,-0.002794057516696134,-9.33874828884168e-05,44028.0,43787.0,-0.002929953665848939,0.0025578368008769142,1,-0.0030432673510016757,43997.59901140142,43808.60098859858,0.004304890151329614,1,3617.14606741573,-3901.561234862367,43903.1,-6.203000886630769,0.7113985448551108,0.0013229625236650389,-1
2026-06-09 03:29:00,43899.0,43899.0,43872.0,43880.0,43,03:29:00,2026-06-09,1,-0.00043281168135944625,43,44031.992103235745,-0.003451856161297149,-36.3700656600995,-37.831664238418334,1.461598578318835,40.42857142857143,46.19883040746555,84.03361344325965,19.0,0.0,8.0,35.4,0,44022.0,44018.0,9.087191603434753e-05,-0.003225659897323992,-0.0003895473732888541,44009.0,43787.0,-0.002931218614374266,0.0021239180578710094,1,-0.003462463425505141,43980.25084579146,43813.94915420854,0.0037884436917909707,1,3890.3917525773195,-8642.1845994818,43897.1,-4.895420163666419,0.6793048973036445,-0.00043281168135944625,1
2026-06-09 03:30:00,43880.0,43893.0,43874.0,43893.0,12,03:30:00,2026-06-09,1,0.000296262534184244,12,44031.824355521356,-0.0031528186159278404,-32.78434708021814,-36.8222008067783,4.037853726560158,38.214285714285715,50.29411764498789,78.88888888625925,13.0,0.0,6.0,37.4,0,44022.0,44018.0,9.087191603434753e-05,-0.002930353005315458,7.974000202734099e-06,43977.0,43787.0,-0.001910089364895243,0.002420809829401365,1,-0.0031628155402180684,43965.56602955697,43819.733970443034,0.003322471054127085,1,1123.0618336886994,-7621.306240089497,43892.65,-3.8602036912194806,0.189573459712645,0.000296262534184244,-1
2026-06-09 03:31:00,43900.0,43950.0,43882.0,43950.0,100,03:31:00,2026-06-09,1,0.0012986125350282762,100,44030.82882367886,-0.0018357325046624538,-25.054404066569987,-34.468641458736634,9.414237392166648,40.214285714285715,59.06735751081103,78.65168539060724,50.0,0.0,18.0,36.8,1,44022.0,44018.0,9.087191603434753e-05,-0.0016355458634318835,0.0012758007928190351,43959.0,43787.0,-0.00020473623148842775,0.003722566058419081,1,-0.0018414549523592233,43970.20747302793,43817.79252697207,0.0034723412324201763,1,17235.29411764706,37648.875097711534,43894.0,-2.0727465714262876,1.5910898965538411,0.0012986125350282762,0
2026-06-09 03:32:00,43952.0,43998.0,43952.0,43977.0,103,03:32:00,2026-06-09,1,0.0006143344709896859,103,44030.29276346825,-0.0012103658668484883,-16.558814479627472,-30.886676062914802,14.32786158328733,42.07142857142857,60.79404466290045,99.99999999690722,25.0,21.0,0.0,33.6,0,44022.0,44018.0,9.087191603434753e-05,-0.001022216164644927,0.0018110370750042302,43998.0,43787.0,-0.000477294422473738,0.004339187430059051,1,-0.0012140273015148464,43982.180203353826,43812.819796646174,0.0038580877432119894,1,14998.778145695363,28553.387678140443,43897.5,0.09112219258252942,1.5725190839454577,0.0006143344709896859,0
2026-06-09 03:33:00,43976.0,44018.0,43971.0,43984.0,39,03:33:00,2026-06-09,1,0.0001591741137412228,39,44030.148712163944,-0.0010481162002342632,-9.155616774980444,-26.54046420532793,17.384847430347484,43.42857142857143,60.4999999978825,99.9999999967033,8.0,34.0,5.0,23.0,0,44022.0,44018.0,9.087191603434753e-05,-0.0008632047612557162,0.0018951818645672788,44018.0,43787.0,-0.000772411286291954,0.0044990522301138584,1,-0.0010512043553635197,43993.59882030812,43808.001179691884,0.004227659646663226,1,5775.676767676768,41427.94986369133,43900.8,1.8568029043590337,0.5895691609888197,0.0001591741137412228,-1
2026-06-09 03:34:00,43996.0,43997.0,43959.0,43959.0,55,03:34:00,2026-06-09,1,-0.0005683885049109216,55,44029.84790673026,-0.0016090881549338776,-5.24535513430601,-22.281442391123548,17.036087256817538,44.285714285714285,55.79710144738851,57.627118641137606,37.0,1.0,0.0,26.6,1,44022.0,44018.0,9.087191603434753e-05,-0.001431102630502898,0.0013222948478336255,44018.0,43787.0,-0.001340360761506626,0.003928106515632405,1,-0.0016138126106669639,43994.1334071408,43807.766592859196,0.004245165862734134,1,7824.417475728155,-5460.235594287419,43900.95,1.583359912515854,0.8160237388602962,-0.0005683885049109216,0
2026-06-09 03:35:00,43967.0,43971.0,43950.0,43953.0,17,03:35:00,2026-06-09,1,-0.0001364908209923188,17,44029.733862433866,-0.0017427737054602967,-2.600616183532111,-18.34527714960526,15.744660966073148,42.785714285714285,51.908396944715726,18.42105263012465,14.0,4.0,3.0,26.8,0,44022.0,44018.0,9.087191603434753e-05,-0.0015673981191222216,0.0011320333551235546,44018.0,43787.0,-0.0014766686355581473,0.003791079544156855,1,-0.0017477925903944477,43999.346260773025,43807.25373922698,0.004375354962976368,1,2379.62101910828,-8413.456752281367,43903.3,1.321259752833968,0.2575757575718549,-0.0001364908209923188,1
2026-06-09 03:36:00,43950.0,43979.0,43944.0,43956.0,42,03:36:00,2026-06-09,1,6.82547266397382e-05,42,44029.4601624504,-0.0016684320493451487,-0.259574370997143,-14.728136593883637,14.468562222886494,43.142857142857146,53.35051546199251,8.823529410986154,6.0,23.0,6.0,18.0,0,44022.0,44018.0,9.087191603434753e-05,-0.0014992503748125598,0.0011262556497833687,44018.0,43787.0,-0.0014085146985323867,0.00385959302989463,1,-0.001673102588347244,44005.2072482362,43807.89275176381,0.00449396494309815,1,7211.53125,2486.0367712384923,43906.55,1.3097711203440485,0.712468193372138,6.82547266397382e-05,-1
2026-06-09 03:37:00,43951.0,43959.0,43950.0,43955.0,14,03:37:00,2026-06-09,1,-2.275002274998439e-05,14,44029.36290172766,-0.0016889388541377706,1.4977612299408065,-11.482957029118749,12.980718259059556,40.57142857142857,59.14285714049143,29.999999990999996,4.0,4.0,1.0,13.8,0,44022.0,44018.0,9.087191603434753e-05,-0.001521966289582447,0.0010179843909059166,44018.0,43787.0,-0.0014312326775409736,0.0038367552013153718,1,-0.0016935184165824413,44010.39910877183,43810.200891228174,0.004559254150931612,1,3684.8502994011974,-5290.575546573482,43910.3,2.12979445775224,0.24411508282050368,-2.275002274998439e-05,1
2026-06-09 03:38:00,43958.0,43994.0,43957.0,43990.0,25,03:38:00,2026-06-09,1,0.0007962689113867327,25,44029.249312698856,-0.0008914372448211268,5.649545404688979,-8.056456542357203,13.706001947046182,39.642857142857146,70.14492753338543,97.43589742840237,32.0,4.0,1.0,18.6,1,44022.0,44018.0,9.087191603434753e-05,-0.0007269092726363926,0.001701001701001596,44018.0,43787.0,-0.0006361034122404327,0.004636079201589407,1,-0.0008937503033989237,44020.9650118763,43809.634988123704,0.004812218606102962,0,7187.908496732026,20206.106094261868,43915.3,2.733279730680837,0.4344048653269435,0.0007962689113867327,-1
2026-06-09 03:39:00,43994.0,43998.0,43980.0,43987.0,16,03:39:00,2026-06-09,1,-6.819731757212733e-05,16,44029.188735696,-0.0009581992516204326,8.598669240695017,-4.72543138574676,13.324100626441776,39.357142857142854,69.94219652896187,89.74358973668639,7.0,4.0,7.0,12.6,0,44022.0,44018.0,9.087191603434753e-05,-0.0007950570169460544,0.0015334821657275732,44018.0,43787.0,-0.0007042573492661933,0.004567565715851633,1,-0.0009605890688108553,44029.733748014565,43809.56625198544,0.0050129610784494525,0,6173.6140350877195,-1439.2466439250063,43919.65,2.9836095070094424,0.2903811252215902,-6.819731757212733e-05,1
2026-06-09 03:40:00,43978.0,43978.0,43919.0,43919.0,20,03:40:00,2026-06-09,1,-0.0015459112919726792,20,44029.02152027339,-0.0024988409116184066,5.386744391515094,-2.7029962302943895,8.089740621809483,39.357142857142854,66.48351648095942,33.0188679235938,59.0,0.0,0.0,21.6,1,44022.0,44018.0,9.087191603434753e-05,-0.002339739221298389,-2.3907076608585066e-05,44018.0,43787.0,-0.002249079921850101,0.0030145933724620775,1,-0.0025050408702491545,44030.0595211099,43810.04047889011,0.005009535331125238,0,7507.521367521367,10374.01999408597,43920.05,2.2204357519761877,0.36133694669627214,-0.0015459112919726792,1
2026-06-09 03:41:00,43929.0,43930.0,43880.0,43905.0,26,03:41:00,2026-06-09,1,-0.0003187686422733149,26,44028.72440799779,-0.002810083863690421,1.6920825365596102,-1.8239804769235894,3.5160630134831994,39.142857142857146,59.52380952132937,0.0,24.0,1.0,25.0,25.2,0,44022.0,44018.0,9.087191603434753e-05,-0.0026577620280768106,-0.00030511129731504677,44018.0,43787.0,-0.0025671316279703175,0.0026948637723524633,1,-0.0028171428831147574,44028.26575539498,43808.53424460502,0.0050031765909039965,0,11302.277227722772,5724.013783510654,43918.4,0.7059043203618203,0.47619047618175475,-0.0003187686422733149,1
2026-06-09 03:42:00,43900.0,43925.0,43881.0,43906.0,50,03:42:00,2026-06-09,1,2.2776449151606926e-05,50,44028.1524351096,-0.0027744165574431403,-1.1421064670284977,-1.6876056749445711,0.5454992079160734,37.92857142857143,51.25448028416645,1.2048192770648996,6.0,19.0,19.0,25.6,0,44022.0,44018.0,9.087191603434753e-05,-0.002635046113306923,-0.00025502536591578783,44018.0,43787.0,-0.002544413648961731,0.0027177016009317214,1,-0.0027814258447623843,44027.05655718197,43807.343442818026,0.005002894409569298,0,16024.087591240876,15955.76513233256,43917.2,-0.5578368680088219,0.8880994671245453,2.2776449151606926e-05,0
2026-06-09 03:43:00,43921.0,43931.0,43897.0,43899.0,18,03:43:00,2026-06-09,1,-0.00015943151277730827,18,44027.95604798095,-0.002928958315494238,-3.90801401722274,-2.131687343400205,-1.7763266738225352,38.42857142857143,53.55805243164863,4.545454544834712,22.0,10.0,2.0,23.6,0,44022.0,44018.0,9.087191603434753e-05,-0.002794057516696134,-0.0004235204109513754,44018.0,43787.0,-0.002703439502021839,0.0025578368008769142,1,-0.002936318195460331,44027.112604408336,43808.08739559166,0.0049871852928363445,0,6078.323076923077,-1903.6886085748763,43917.6,-0.5578317875331119,0.32315978455434186,-0.00015943151277730827,1
2026-06-09 03:44:00,43892.0,43917.0,43892.0,43917.0,11,03:44:00,2026-06-09,1,0.00041003211918266835,11,44027.83601658739,-0.0025174077723381506,-4.594602393961395,-2.6242703535124434,-1.9703320404489517,38.857142857142854,54.411764703081744,73.07692306849111,25.0,0.0,0.0,27.2,0,44022.0,44018.0,9.087191603434753e-05,-0.0023851710508381633,-8.879599461762775e-05,44018.0,43787.0,-0.002294515879867275,0.0029689177153035613,1,-0.002523537008289599,44025.844897812785,43815.95510218722,0.0047788136314502435,0,3864.696,-6580.604136553573,43920.9,0.5692374949907101,0.21297192642375662,0.00041003211918266835,-1
2026-06-09 03:45:00,43917.0,43917.0,43876.0,43885.0,26,03:45:00,2026-06-09,1,-0.000728647220893941,26,44027.515300845655,-0.003236959884559145,-7.632874171817093,-3.625991117173373,-4.00688305464372,36.92857142857143,36.842105261069676,31.578947366758996,32.0,0.0,9.0,21.8,1,44022.0,44018.0,9.087191603434753e-05,-0.003112080323474556,-0.000858326104724806,44018.0,43787.0,-0.003021491208142055,0.0022381072007673,1,-0.0032446844307306094,44023.60975644287,43821.79024355712,0.004594879478851329,0,8710.0,-4564.4331070924245,43922.7,1.2523567076225262,0.504364694461603,-0.000728647220893941,1
2026-06-09 03:46:00,43883.0,43946.0,43880.0,43946.0,35,03:46:00,2026-06-09,1,0.0013899965819756943,35,44027.18572424877,-0.0018439907732746886,-5.060205346242583,-3.9128339629872153,-1.1473713832553676,38.214285714285715,44.483985762908276,71.17117116924763,63.0,0.0,3.0,29.6,1,44022.0,44018.0,9.087191603434753e-05,-0.0017264095225114325,0.00036307721024667,44018.0,43794.0,-0.0016356944886182555,0.0034707950860847726,1,-0.001848068104834067,44012.80385186206,43847.296148137946,0.0037675282346391536,1,10986.5,8074.886545125048,43930.05,2.834854363627422,0.9308510638050306,0.0013899965819756943,0
2026-06-09 03:47:00,43929.0,43956.0,43919.0,43953.0,48,03:47:00,2026-06-09,1,0.00015928639694173796,48,44026.818283368055,-0.0016766663194451048,-2.42851090629847,-3.6159693516494666,1.1874584453509964,37.5,44.483985762908276,67.99999999796,24.0,3.0,10.0,33.2,0,44022.0,44018.0,9.087191603434753e-05,-0.0015673981191222216,0.0003948957168039656,44018.0,43838.0,-0.0014766686355581473,0.002623294858342018,1,-0.0016801454711163522,44007.46635935985,43863.83364064015,0.0032691611190388404,1,15288.0,29558.092020691925,43935.65,3.3583100528450007,1.2903225806104752,0.00015928639694173796,0
2026-06-09 03:48:00,43953.0,43980.0,43940.0,43980.0,16,03:48:00,2026-06-09,1,0.0006142925397583099,16,44026.73124114437,-0.001061428814426677,1.8148794487060513,-2.529799591578363,4.344679040284414,37.642857142857146,53.71024734716628,99.9999999968421,27.0,0.0,13.0,34.2,0,44022.0,44018.0,9.087191603434753e-05,-0.0009540684203352653,0.0009171660252573868,44018.0,43872.0,-0.0008632832023263015,0.0024617067833697472,1,-0.0010635311835167243,44011.9484018991,43867.451598100895,0.003288525042232883,1,5174.117647058823,-4059.566421287229,43939.7,3.870436016000838,0.44692737428919205,0.0006142925397583099,-1
2026-06-09 03:49:00,43972.0,43981.0,43961.0,43979.0,25,03:49:00,2026-06-09,1,-2.273760800364233e-05,25,44026.6115322144,-0.001081426222855345,5.0390185650394415,-1.016035960254802,6.055054525294244,37.57142857142857,54.676258990052276,97.14285713453062,7.0,2.0,11.0,30.6,0,44022.0,44018.0,9.087191603434753e-05,-0.0009767843351051525,0.0007816651173691852,44018.0,43874.0,-0.0008860011813348884,0.002393216939417368,1,-0.0010834431998981034,44013.144410053406,43876.1555899466,0.0031173037015155797,1,7329.833333333333,-3328.327189429451,43944.65,3.323465372791186,0.7163323782029705,-2.273760800364233e-05,1
2026-06-09 03:50:00,43966.0,43970.0,43946.0,43955.0,12,03:50:00,2026-06-09,1,-0.0005457150003410627,12,44026.536235803134,-0.0016248436038663024,5.593098857723817,0.3057910033409219,5.287307854382895,37.42857142857143,49.83277591739913,51.92307692008136,11.0,4.0,9.0,26.4,0,44022.0,44018.0,9.087191603434753e-05,-0.001521966289582447,0.00016496862751790104,44018.0,43876.0,-0.0014312326775409736,0.0018005287628771584,1,-0.0016277565018262075,44011.8744677675,43883.6255322325,0.0029182139139089995,1,3878.3823529411766,-7463.119863329948,43947.75,2.7540277656068692,0.34383954153742585,-0.0005457150003410627,1
2026-06-09 03:51:00,43952.0,44026.0,43952.0,43962.0,221,03:51:00,2026-06-09,1,0.00015925378227743536,221,44025.627308882016,-0.0014452334417771758,6.521872889228689,1.5490073805184754,4.972865508710214,42.07142857142857,51.1475409812588,21.874999997949217,10.0,64.0,0.0,15.8,0,44022.0,44018.0,9.087191603434753e-05,-0.0013629548861932362,0.0003105918652236352,44026.0,43876.0,-0.0014536864580020567,0.001960069286170071,1,-0.0014477746919284748,44012.78691323704,43883.91308676296,0.0029323928309954615,1,30172.67701863354,48314.63270995569,43948.35,1.968606977289662,5.396825396693607,0.00015925378227743536,0
2026-06-09 03:52:00,43966.0,43978.0,43945.0,43955.0,29,03:52:00,2026-06-09,1,-0.0001592284245485187,29,44025.457833803484,-0.0016003884404669176,6.616816955058312,2.562569295426443,4.054247659631868,41.642857142857146,43.682310467106305,18.42105263012465,11.0,12.0,10.0,13.2,0,44022.0,44018.0,9.087191603434753e-05,-0.001521966289582447,0.00017634778057784787,44026.0,43876.0,-0.0016126834143460316,0.0018005287628771584,1,-0.0016032364665248178,44010.36518291055,43884.13481708945,0.002872315465042734,1,4206.914191419142,-4260.559551487107,43947.25,0.5916533639472711,0.778523489911986,-0.0001592284245485187,1
2026-06-09 03:53:00,43948.0,43977.0,43948.0,43975.0,10,03:53:00,2026-06-09,1,0.0004550108065066727,10,44025.40605366684,-0.0011449310338079411,8.211239605436276,3.6923033574284103,4.518936248007866,42.42857142857143,47.95918367118562,79.41176469887543,27.0,2.0,0.0,13.2,1,44022.0,44018.0,9.087191603434753e-05,-0.0010676479941847017,0.0006416849463441353,44026.0,43876.0,-0.001158406396220389,0.0022563588294283376,1,-0.001146978930589694,44008.93262553552,43884.66737446449,0.0028276291122682293,1,1480.6397306397307,-6182.32655808965,43946.8,-0.21616578778141987,0.27932960893074504,0.0004550108065066727,-1
2026-06-09 03:54:00,43985.0,44000.0,43979.0,43994.0,23,03:54:00,2026-06-09,1,0.00043206367254122746,23,44025.33649761214,-0.0007117832617551122,10.882525276181696,5.130347741179067,5.7521775350026285,39.357142857142854,65.30612244524781,84.78260869012287,9.0,6.0,6.0,13.6,0,44022.0,44018.0,9.087191603434753e-05,-0.0006360456135568436,0.001034163812002809,44026.0,43876.0,-0.0007268432290010283,0.0026893973926519583,1,-0.0007130268828468004,44014.01184101921,43883.0881589808,0.0029790216523277184,1,3430.0406779661016,-8863.196435686554,43948.55,0.04550796560152214,0.6725146198633768,0.00043206367254122746,-1
2026-06-09 03:55:00,43997.0,44010.0,43984.0,43993.0,52,03:55:00,2026-06-09,1,-2.273037232347619e-05,52,44025.201504943565,-0.0007314334481796369,12.771623448119499,6.658602882567154,6.113020565552345,37.642857142857146,68.9655172372176,97.4999999926875,4.0,13.0,9.0,12.2,0,44022.0,44018.0,9.087191603434753e-05,-0.0006587615283267308,0.0009658582202042096,44026.0,43876.0,-0.0007495570799073106,0.002666605889324399,1,-0.0007326758127842361,44018.96198723944,43882.138012760566,0.003113134522295405,1,6828.764179104478,6232.240232123423,43950.55,0.7509002269773217,1.446453407470196,-2.273037232347619e-05,0
2026-06-09 03:56:00,43997.0,44006.0,43962.0,43987.0,77,03:56:00,2026-06-09,1,-0.00013638533403037556,77,44024.93247001564,-0.0008616133605991812,13.627508073448553,8.052383920743434,5.5751241527051185,37.642857142857146,67.08860759097367,73.07692306849111,10.0,9.0,25.0,12.2,0,44022.0,44018.0,9.087191603434753e-05,-0.0007950570169460544,0.0007940462457994195,44026.0,43876.0,-0.0008858401853450034,0.0025298568693590453,1,-0.0008630411292211792,44022.41028971749,43881.78971028251,0.003199405248781687,1,17732.979057591623,109765.65730766825,43952.1,1.2060036225608313,2.0424403182482114,-0.00013638533403037556,0
2026-06-09 03:57:00,43978.0,43978.0,43950.0,43972.0,22,03:57:00,2026-06-09,1,-0.0003410098438174636,22,44024.821275734444,-0.0011998067045772944,12.946192516959854,9.031145639986718,3.915046876973136,37.857142857142854,64.89795917996501,0.0,6.0,0.0,22.0,11.2,0,44022.0,44018.0,9.087191603434753e-05,-0.0011357957384943635,0.0004334180072100389,44026.0,43876.0,-0.0012265479489392355,0.002187984319445661,1,-0.0012017686124467938,44023.81673927094,43882.08326072906,0.00322466361283772,1,5257.521739130435,5327.869937239251,43952.95,1.0011706870861903,0.5774278215071541,-0.0003410098438174636,1
2026-06-09 03:58:00,43955.0,43971.0,43955.0,43962.0,9,03:58:00,2026-06-09,1,-0.00022741744746657133,9,44024.77278899772,-0.0014258515154314192,11.467142522364156,9.518345016462206,1.9487975059019504,37.285714285714285,59.49367088256155,0.0,7.0,9.0,0.0,7.2,0,44022.0,44018.0,9.087191603434753e-05,-0.0013629548861932362,0.00023776180817279145,44026.0,43876.0,-0.0014536864580020567,0.001960069286170071,1,-0.0014282269680526921,44020.41286905796,43882.687130942046,0.00313358091161543,1,2162.065573770492,-6833.884555003004,43951.55,0.22752843821067087,0.2412868632643087,-0.00022741744746657133,1
2026-06-09 03:59:00,43966.0,43981.0,43960.0,43981.0,41,03:59:00,2026-06-09,1,0.0004321914380600589,41,44024.59299245696,-0.00099019637647588,11.69333249785268,9.953342512740301,1.7399899851123788,35.857142857142854,71.42857142410715,43.18181817887396,15.0,0.0,6.0,8.4,1,44022.0,44018.0,9.087191603434753e-05,-0.0009313525055653781,0.0006768863229145775,44026.0,43876.0,-0.001022123290782696,0.0023931078493936915,1,-0.00099184875190026,44019.51226512617,43882.98773487383,0.0031062718410133226,1,8971.248756218905,-4940.924067477401,43951.25,-0.19339235212846367,1.0635538261721518,0.0004321914380600589,0
2026-06-09 04:00:00,43968.0,43981.0,43957.0,43961.0,26,04:00:00,2026-06-09,1,-0.0004547418203315612,26,44024.46245547512,-0.0014415270950622779,10.14184792026208,9.991043594244658,0.15080432601742189,32.857142857142854,54.09836065159904,38.77551020170762,7.0,13.0,4.0,9.0,0,44022.0,44018.0,9.087191603434753e-05,-0.0013856708009631234,0.00017404816697706276,44026.0,43876.0,-0.001476400308908339,0.0019372777828425122,1,-0.0014438593525890374,44019.99998912743,43886.70001087257,0.0030327603755994637,1,6531.348571428572,2422.8655543492255,43953.35,0.09100640571371323,0.669240669223443,-0.0004547418203315612,1
2026-06-09 04:01:00,43966.0,43995.0,43962.0,43970.0,50,04:01:00,2026-06-09,1,0.00020472691704020995,50,44024.253103369374,-0.001232345799075477,9.528669428756984,9.898568761147123,-0.3698993323901387,32.642857142857146,54.59459459046311,58.333333329687505,4.0,25.0,4.0,7.8,0,44022.0,44018.0,9.087191603434753e-05,-0.001181227568034138,0.00030484614369630843,44026.0,43876.0,-0.0012719756507517997,0.002142401312790543,1,-0.0012342424884857512,44019.55997055906,43893.64002944094,0.0028646424227104722,1,14854.72972972973,58706.19425212028,43956.6,1.1489924701166703,1.24843945065547,0.00020472691704020995,0
2026-06-09 04:02:00,43961.0,43963.0,43878.0,43916.0,215,04:02:00,2026-06-09,1,-0.001228110075051192,215,44022.34650490072,-0.0024157391266928408,4.631977796627325,8.845250568243165,-4.21327277161584,36.357142857142854,34.9056603750534,10.843373493583968,45.0,2.0,38.0,15.6,1,44022.0,44018.0,9.087191603434753e-05,-0.0024078869656080507,-0.0009350025365640048,44026.0,43876.0,-0.002498523599691035,0.0009116601331023587,1,-0.002419324862211531,44018.50769708448,43895.692302915515,0.0027939830919001536,1,27688.973607038122,20864.12422556449,43957.1,1.3310201643863473,4.451345755601422,-0.001228110075051192,0
2026-06-09 04:03:00,43919.0,43941.0,43919.0,43927.0,44,04:03:00,2026-06-09,1,0.0002504781856271787,44,44022.00173479952,-0.0021580512256538812,1.620245289435843,7.4002495124817,-5.780004223045857,36.714285714285715,38.288288285873705,27.027027025931332,8.0,14.0,0.0,15.8,0,44022.0,44018.0,9.087191603434753e-05,-0.0021580119031392904,-0.0007165849608152982,44026.0,43876.0,-0.0022486712397219314,0.0011623666697055074,1,-0.002161168711387363,44015.44503349872,43901.55496650128,0.0025908542602098923,1,5140.393617021276,-2129.6596548100906,43958.5,1.1716968103685965,0.8870967741756635,0.0002504781856271787,0
2026-06-09 04:04:00,43929.0,43963.0,43929.0,43954.0,30,04:04:00,2026-06-09,1,0.0006146561340405476,30,44021.81752211895,-0.0015405434381457659,1.396007623807236,6.199401134746807,-4.803393510939571,36.92857142857143,49.777777774680494,41.30434782474008,25.0,9.0,0.0,17.8,1,44022.0,44018.0,9.087191603434753e-05,-0.0015446822043523342,-0.00014444834947852783,44026.0,43876.0,-0.0016353972652523138,0.0017777372595495994,1,-0.0015426975017021167,44013.92247916967,43906.77752083033,0.002437309037333372,1,3612.6575342465753,-7568.008573716202,43960.35,0.8531142081052675,0.5934718100772806,0.0006146561340405476,-1
2026-06-09 04:05:00,43964.0,43980.0,43964.0,43980.0,17,04:05:00,2026-06-09,1,0.0005915275060290881,17,44021.75050167224,-0.0009484062127573874,3.2784879983300925,5.6152185074634655,-2.336730509133373,33.5,53.68852458708344,99.9999999953125,16.0,0.0,0.0,19.6,0,44022.0,44018.0,9.087191603434753e-05,-0.0009540684203352653,0.00033890517706092145,44026.0,43878.0,-0.0010448371416889783,0.002324627375905868,1,-0.0009496282658800182,44005.855496861084,43924.34450313891,0.001853993138243051,1,2100.1685393258426,-9241.514485465792,43965.1,1.8199562755504801,0.33932135727865625,0.0005915275060290881,-1
2026-06-09 04:06:00,43977.0,43981.0,43969.0,43981.0,6,04:06:00,2026-06-09,1,2.2737608003531307e-05,6,44021.728062844726,-0.0009251809194446528,4.795776177823427,5.451330041535458,-0.6555538637120311,32.0,55.462184870687096,99.99999999444445,4.0,0.0,8.0,19.6,0,44022.0,44018.0,9.087191603434753e-05,-0.0009313525055653781,0.0003218333812861539,44026.0,43878.0,-0.001022123290782696,0.0023474178403755336,1,-0.0009263357016644395,44007.155543541645,43926.54445645835,0.0018334515000117324,1,845.7884615384615,-8354.623158160846,43966.85,1.8995188643831216,0.12332990750003434,2.2737608003531307e-05,-1
2026-06-09 04:07:00,43970.0,43975.0,43969.0,43969.0,9,04:07:00,2026-06-09,1,-0.0002728450921989367,9,44021.68993736952,-0.0011969085567701144,4.972617045765219,5.3555874423814105,-0.3829703966161917,30.785714285714285,48.69565217094896,69.2307692254438,1.0,5.0,0.0,10.8,0,44022.0,44018.0,9.087191603434753e-05,-0.0012039434828040253,3.0704392888828814e-05,44026.0,43878.0,-0.0012946895016580817,0.002073932266739549,1,-0.001198379657987598,44007.42978854935,43927.87021145065,0.0018095026024519515,1,3733.2169811320755,333.7140200604235,43967.65,1.6605873247148648,0.1927194860772437,-0.0002728450921989367,1
2026-06-09 04:08:00,43975.0,43978.0,43974.0,43974.0,25,04:08:00,2026-06-09,1,0.00011371648206681684,25,44021.59336111111,-0.0010811367212608337,5.453359981671383,5.3751419502394056,0.07821803143197759,29.642857142857142,45.3703703674297,33.33333332777778,1.0,3.0,0.0,9.4,0,44022.0,44018.0,9.087191603434753e-05,-0.001090363908954589,0.00015124859697028146,44026.0,43878.0,-0.001181120247126671,0.002187884589087876,1,-0.0010824705403238847,44006.82697527712,43927.873024722874,0.001795740488208798,1,12636.206896551725,50167.58493395947,43967.35,0.5117695626758497,0.5302226935200377,0.00011371648206681684,-1
2026-06-09 04:09:00,43970.0,43970.0,43958.0,43958.0,20,04:09:00,2026-06-09,1,-0.00036385136671668317,20,44021.49420410427,-0.0014423455008109565,4.4915106011831085,5.1984156804281465,-0.706905079245038,28.928571428571427,42.42424242167126,15.15151515013774,12.0,0.0,0.0,6.8,1,44022.0,44018.0,9.087191603434753e-05,-0.0014538185452727852,-0.00018878095268427686,44026.0,43878.0,-0.0015445418616271854,0.00182323715757323,1,-0.0014441561856300253,44005.58894311015,43927.01105688985,0.0017872299060939579,1,11417.662337662337,124994.30243933553,43966.3,-0.12509424714202505,0.4264392324002892,-0.00036385136671668317,1
2026-06-09 04:10:00,43962.0,43967.0,43930.0,43964.0,72,04:10:00,2026-06-09,1,0.00013649392602022026,72,44021.090335207846,-0.0012968859874464293,4.1653720768517815,4.991806959712874,-0.8264348828610926,28.428571428571427,45.02164501891644,40.74074073621399,2.0,3.0,32.0,4.0,0,44022.0,44018.0,9.087191603434753e-05,-0.0013175230566534616,-6.254726583156448e-05,44026.0,43878.0,-0.0014082587561894924,0.001959979944391222,1,-0.0012984888627848201,44005.698684163675,43927.801315836325,0.001771733601581853,1,23980.363636363636,54235.11881993995,43966.75,-0.20469595259274834,1.4428857715141707,0.00013649392602022026,0
2026-06-09 04:11:00,43970.0,43972.0,43964.0,43972.0,12,04:11:00,2026-06-09,1,0.00018196706396134132,12,44021.03902291253,-0.0011139905827076866,4.500558451502002,4.8935572580707,-0.39299880656869846,26.357142857142858,49.999999996875,46.666666662,2.0,0.0,6.0,3.6,0,44022.0,44018.0,9.087191603434753e-05,-0.0011357957384943635,0.00010803495783793374,44010.0,43878.0,-0.0008634401272437887,0.002142303660148545,1,-0.0011153534258461046,44006.19868416369,43928.30131583631,0.0017717134532493628,1,3823.6521739130435,-6974.050674212627,43967.25,-0.022744149920007645,0.30418250949799286,0.00018196706396134132,-1
2026-06-09 04:12:00,43975.0,43983.0,43970.0,43970.0,30,04:12:00,2026-06-09,1,-4.548348949329206e-05,30,44020.923548156694,-0.0011568032665417592,4.552336284039484,4.825313063264457,-0.2729767792249733,26.071428571428573,51.85185184849108,87.49999998359375,5.0,8.0,0.0,4.4,1,44022.0,44018.0,9.087191603434753e-05,-0.001181227568034138,4.548762736535559e-05,44010.0,43878.0,-0.000908884344467146,0.0020967227312092144,1,-0.0011581956913367156,44006.530917157936,43929.469082842064,0.0017526800017255615,1,8296.22641509434,-2733.8660316408377,43968.0,0.38665978260556144,0.7594936708668484,-4.548348949329206e-05,1
2026-06-09 04:13:00,43967.0,43974.0,43966.0,43974.0,5,04:13:00,2026-06-09,1,9.097111667055735e-05,5,44020.903122168216,-0.0010654738735833772,4.8601128048758255,4.832273011586731,0.02783979328909414,25.142857142857142,48.25870646430038,85.71428569591836,7.0,0.0,1.0,5.6,1,44022.0,44018.0,9.087191603434753e-05,-0.001090363908954589,0.0001376002292579657,44010.0,43878.0,-0.0008179959100204314,0.002187884589087876,1,-0.0010667570848360034,44006.44524916935,43929.45475083064,0.0017510595408407226,1,1581.7985611510792,-9340.377575112143,43967.95,0.2729335236279892,0.1273885350286016,9.097111667055735e-05,-1
2026-06-09 04:14:00,43979.0,43979.0,43970.0,43978.0,6,04:14:00,2026-06-09,1,9.096284167919855e-05,6,44020.880773981065,-0.0009741007727952941,5.364950673851126,4.938808544039611,0.4261421298115158,24.071428571428573,54.59459459046311,79.999999976,1.0,0.0,8.0,3.4,0,44022.0,44018.0,9.087191603434753e-05,-0.0009995002498750399,0.00024677514917383314,44010.0,43878.0,-0.0007271074755737167,0.0022790464469665374,1,-0.0009752911885592871,44003.99548102233,43930.304518977675,0.0016760459125654372,1,2110.944,-4479.24679341399,43967.15,-0.02274420164976086,0.156249999995931,9.096284167919855e-05,-1
2026-06-09 04:15:00,43969.0,43976.0,43966.0,43970.0,15,04:15:00,2026-06-09,1,-0.00018190913638638229,15,44020.818832236844,-0.0011544272365880649,5.061163241582108,4.96327948354811,0.09788375803399774,22.5,49.999999996195655,49.999999990625,1.0,6.0,3.0,3.2,0,44022.0,44018.0,9.087191603434753e-05,-0.001181227568034138,9.097939316744551e-05,44006.0,43878.0,-0.0008180702631459161,0.0020967227312092144,1,-0.0011558666295965751,44000.828905088434,43931.171094911566,0.0015843563248161454,1,9699.264705882353,1691.176470588236,43966.0,-0.45487627365356625,0.4103967168150371,-0.00018190913638638229,1
2026-06-09 04:16:00,43979.0,43979.0,43969.0,43970.0,9,04:16:00,2026-06-09,1,0.0,9,44020.78321965651,-0.001153619175813064,4.765476071093872,4.923718801057262,-0.15824272996339062,16.642857142857142,70.76923076160946,33.333333325,9.0,0.0,1.0,4.6,1,44022.0,44018.0,9.087191603434753e-05,-0.001181227568034138,0.00011031464694191729,43995.0,43878.0,-0.0005682463916354002,0.0020967227312092144,1,-0.0011550789581408387,43998.62442068481,43931.67557931519,0.0015227706801778688,1,6088.153846153846,28488.806322617205,43965.15,-0.6368275073083086,0.27149321266149345,0.0,0
2026-06-09 04:17:00,43966.0,43971.0,43959.0,43962.0,17,04:17:00,2026-06-09,1,-0.00018194223334089266,17,44020.704004595435,-0.0013335544245113603,3.8413282757464913,4.707240695995108,-0.865912420248617,15.714285714285714,63.779527552024305,0.0,4.0,5.0,3.0,4.4,0,44022.0,44018.0,9.087191603434753e-05,-0.0013629548861932362,-6.027569877165848e-05,43995.0,43878.0,-0.0007500852369587283,0.0019143990154518915,1,-0.0013352546783707636,43997.99208654118,43931.307913458826,0.0015167679734138504,1,14372.192307692309,58084.19506956276,43964.65,-0.5686063345020088,0.5167173252122579,-0.00018194223334089266,1
2026-06-09 04:18:00,43960.0,43964.0,43952.0,43953.0,11,04:18:00,2026-06-09,1,-0.0002047222601337939,11,44020.64595119018,-0.0015366869278833726,2.35555631898751,4.2369038205935885,-1.8813475016060783,14.0,49.541284397306626,0.0,7.0,4.0,1.0,4.4,1,44022.0,44018.0,9.087191603434753e-05,-0.0015673981191222216,-0.00025475273063075947,43995.0,43878.0,-0.0009546539379474724,0.001709284835224903,1,-0.0015386598912336868,43997.93331943615,43930.46668056384,0.0015345812927862008,1,8335.913793103447,-1405.6229560907527,43964.2,-0.40940726925417603,0.33333333332323234,-0.0002047222601337939,1
2026-06-09 04:19:00,43952.0,43966.0,43950.0,43955.0,19,04:19:00,2026-06-09,1,4.5503151093306826e-05,19,44020.54696027068,-0.0014890083108198462,1.3241901839865022,3.6543610932721715,-2.3301709092856693,13.285714285714286,35.29411764124568,10.52631578781164,3.0,11.0,2.0,4.8,0,44022.0,44018.0,9.087191603434753e-05,-0.001521966289582447,-0.000179696971764858,43995.0,43878.0,-0.0009091942266166404,0.0017548657641642338,1,-0.001490960793548159,43995.903349083164,43929.89665091684,0.0015014181995801985,1,11762.605633802817,9320.480281939283,43962.9,-0.5117689806585443,0.5956112852477865,4.5503151093306826e-05,-1
2026-06-09 04:20:00,43954.0,43962.0,43943.0,43944.0,10,04:20:00,2026-06-09,1,-0.0002502559435786367,10,44020.48898522275,-0.0017375769098890437,-0.37644357061071787,2.8482001604955935,-3.2246437311063114,13.785714285714286,30.52631578497507,9.090909089669424,10.0,8.0,1.0,6.6,1,44022.0,44018.0,9.087191603434753e-05,-0.0017718413520512069,-0.00041058139918412584,43995.0,43878.0,-0.0011592226389362166,0.0015041706549979146,1,-0.001739886680051272,43996.11788885011,43927.9821111499,0.0015498771713377936,1,6658.181818181818,-5367.316498667907,43962.05,-0.5913842143627994,0.32154340834978956,-0.0002502559435786367,1
2026-06-09 04:21:00,43940.0,43947.0,43926.0,43929.0,30,04:21:00,2026-06-09,1,-0.0003413435281267585,30,44020.27727915579,-0.002073528037475726,-2.9011401752577513,1.6983320933449246,-4.599472268602676,14.428571428571429,29.59183673046647,7.142857142091827,11.0,7.0,3.0,7.0,1,44022.0,44018.0,9.087191603434753e-05,-0.002112580073599516,-0.000705186533211995,43983.0,43878.0,-0.0012277470841006474,0.001162313687952934,1,-0.0020763712273836484,43996.872468664784,43923.127531335216,0.0016775463450765685,1,15147.931034482759,8171.890221579665,43960.0,-0.9553227398649561,0.9966777408306751,-0.0003413435281267585,0
2026-06-09 04:22:00,43929.0,43935.0,43927.0,43930.0,9,04:22:00,2026-06-09,1,2.2764005554343214e-05,9,44020.2115233048,-0.002049320532161493,-4.766345319352695,0.4053966108054008,-5.171741930158095,14.357142857142858,26.595744676889993,3.7037037032921774,1.0,5.0,2.0,6.4,0,44022.0,44018.0,9.087191603434753e-05,-0.0020898641588296286,-0.0006983510271673653,43983.0,43919.0,-0.0012050110269876725,0.0002504610760718539,1,-0.0020520947870438936,43994.455155523036,43926.94484447696,0.0015356969076032751,1,5004.683544303797,-5745.259426260475,43960.7,-0.5004219466878586,0.45454545452249767,2.2764005554343214e-05,-1
2026-06-09 04:23:00,43941.0,43950.0,43937.0,43947.0,10,04:23:00,2026-06-09,1,0.0003869792852264631,10,44020.1499796334,-0.0016617385371754784,-4.817245699268824,-0.6391318512094442,-4.17811384805938,14.642857142857142,44.210526309274236,54.54545454049587,6.0,3.0,4.0,6.2,0,44022.0,44018.0,9.087191603434753e-05,-0.001703693607741545,-0.00033438197339949905,43983.0,43926.0,-0.0008184980560670983,0.00047807676546918735,1,-0.0016639479281602208,43992.28792328195,43931.11207671805,0.0013915714488724994,1,5634.2307692307695,-1537.8838801831696,43961.7,-0.07961412172676678,0.5524861878147798,0.0003869792852264631,-1
2026-06-09 04:24:00,43938.0,43950.0,43937.0,43950.0,9,04:24:00,2026-06-09,1,6.826404532733754e-05,9,44020.09540866168,-0.0015923502212101663,-4.562911288099713,-1.423887738587498,-3.1390235495122147,12.928571428571429,42.39130434137524,99.99999998571428,12.0,0.0,1.0,8.0,1,44022.0,44018.0,9.087191603434753e-05,-0.0016355458634318835,-0.0002615925298272293,43983.0,43926.0,-0.0007502898847281734,0.0005463734462504998,1,-0.001594472633137519,43992.35108542263,43930.64891457737,0.0014035501710648014,1,5816.911764705882,-6159.929860081708,43961.5,0.34121929026387626,0.5278592375056974,6.826404532733754e-05,-1
2026-06-09 04:25:00,43944.0,43957.0,43941.0,43957.0,10,04:25:00,2026-06-09,1,0.00015927189988618196,10,44020.03974838674,-0.0014320693199521865,-3.753242888597015,-1.8897587685894013,-1.8634841200076135,13.5,41.75824175181741,99.99999998888889,13.0,0.0,3.0,8.6,1,44022.0,44018.0,9.087191603434753e-05,-0.0014765344600426724,-7.620503476424707e-05,43983.0,43926.0,-0.0005911374849373488,0.0007057323680735622,1,-0.0014340137962218322,43989.988346394755,43930.71165360524,0.001348412667085505,1,6464.264705882353,2916.4304768876227,43960.35,-0.07961656661485027,0.5988023951737245,0.00015927189988618196,-1
2026-06-09 04:26:00,43955.0,43963.0,43955.0,43960.0,6,04:26:00,2026-06-09,1,6.824851559472656e-05,6,44020.010135501354,-0.0013632467443017574,-2.8367990668994025,-2.0791668282514015,-0.757632238648001,13.142857142857142,44.565217384522676,99.99999997692308,5.0,3.0,0.0,7.4,0,44022.0,44018.0,9.087191603434753e-05,-0.0014083867157330106,1.5923820442934117e-05,43983.0,43926.0,-0.0005229293135984239,0.0007740290488548748,1,-0.0013651294606909705,43987.30075183507,43931.299248164934,0.0012739398414018366,1,5994.545454545455,639.509988270996,43959.3,-0.5459297524877745,0.35928143710423466,6.824851559472656e-05,-1
2026-06-09 04:27:00,43950.0,43966.0,43932.0,43964.0,39,04:27:00,2026-06-09,1,9.099181073701779e-05,39,44019.80149660966,-0.001267645348513357,-1.7673710120943724,-2.016807665019996,0.24943665292562356,15.0,44.565217384522676,99.99999997857142,14.0,2.0,18.0,10.0,1,44022.0,44018.0,9.087191603434753e-05,-0.0013175230566534616,0.00011260479923922326,43983.0,43926.0,-0.0004319850851465241,0.0008650912898966247,1,-0.0012693972369661887,43986.77401577508,43931.325984224924,0.0012613564567513543,1,23170.216216216217,29832.504176531485,43959.05,-0.5573058244138825,2.1428571427394036,9.099181073701779e-05,0
2026-06-09 04:28:00,43967.0,43970.0,43960.0,43962.0,7,04:28:00,2026-06-09,1,-4.549176599033533e-05,7,44019.76985798369,-0.0013123616540945675,-1.0689032083319034,-1.8272267736823777,0.7583235653504743,15.071428571428571,41.111111104716045,77.77777775185186,5.0,3.0,2.0,9.8,0,44022.0,44018.0,9.087191603434753e-05,-0.0013629548861932362,8.07580795046875e-05,43983.0,43926.0,-0.000477457199372474,0.0008195601693757497,1,-0.0013141923335259922,43985.317902943665,43931.58209705633,0.0012224226715758816,1,4334.281690140845,-3295.012058839833,43958.45,-0.43220765985745224,0.4046242774332587,-4.549176599033533e-05,1
2026-06-09 04:29:00,43965.0,43968.0,43965.0,43968.0,5,04:29:00,2026-06-09,1,0.00013648150675593662,5,44019.74849539848,-0.0011755745356857377,-0.03085688677674625,-1.4679527963012515,1.4370959095245053,14.642857142857142,48.86363635586261,83.3333333125,3.0,0.0,0.0,8.0,0,44022.0,44018.0,9.087191603434753e-05,-0.0012266593975739125,0.0002058738891625643,43983.0,43926.0,-0.0003410408566946243,0.0009561535309383747,1,-0.0011772004426511785,43986.152747503686,43931.74725249631,0.0012376431877325472,1,3281.194029850746,-4526.367253812829,43958.95,-0.07961910221632755,0.30211480360712295,0.00013648150675593662,-1
2026-06-09 04:30:00,43966.0,43966.0,43964.0,43964.0,2,04:30:00,2026-06-09,1,-9.097525473067414e-05,2,44019.739577430584,-0.0012662405085913143,0.4636905946317711,-1.0816241181146469,1.545314712746418,14.214285714285714,46.73913042767013,49.9999999875,2.0,0.0,0.0,5.8,0,44022.0,44018.0,9.087191603434753e-05,-0.0013175230566534616,0.00011487990500234415,43983.0,43926.0,-0.0004319850851465241,0.0008650912898966247,1,-0.0012679915564539853,43986.152747503686,43931.74725249631,0.0012376431877325472,1,1490.3050847457628,-9356.801390699695,43958.95,-0.022748444292090195,0.1532567049690991,-9.097525473067414e-05,1
2026-06-09 04:31:00,43965.0,43970.0,43957.0,43957.0,15,04:31:00,2026-06-09,1,-0.00015922118096622917,15,44019.66874191462,-0.0014236531919865401,0.2874677883955883,-0.8078057368125998,1.0952735252081882,14.285714285714286,47.2527472454776,35.294117640830464,8.0,5.0,0.0,6.4,1,44022.0,44018.0,9.087191603434753e-05,-0.0014765344600426724,-2.729866100061109e-05,43983.0,43926.0,-0.0005911374849373488,0.0007057323680735622,1,-0.001425643950721751,43984.70600722697,43931.69399277303,0.0012059641762842525,1,9696.39705882353,12371.404887872988,43958.2,-0.05687188697508671,1.1363636362775482,-0.00015922118096622917,0
2026-06-09 04:32:00,43953.0,43972.0,43953.0,43970.0,20,04:32:00,2026-06-09,1,0.00029574356757744447,20,44019.58048111075,-0.0011263278879276514,1.183162538058241,-0.4096120818384317,1.5927746198966726,14.785714285714286,58.94736841236565,54.16666665989584,17.0,2.0,0.0,7.0,1,44022.0,44018.0,9.087191603434753e-05,-0.001181227568034138,0.000268436833173393,43979.0,43926.0,-0.00020464312512789731,0.0010016846514592497,1,-0.001127900621744083,43984.70600722697,43931.69399277303,0.0012059641762842525,1,17946.938775510203,44696.36544574161,43958.2,-0.17061372030041666,1.574803149482299,0.00029574356757744447,0
2026-06-09 04:33:00,43973.0,43973.0,43973.0,43973.0,1,04:33:00,2026-06-09,1,6.82283375028625e-05,1,44019.57672128501,-0.0010580910757028907,2.110750589345116,0.09446045239827788,2.0162901369468385,13.857142857142858,59.37499999134115,69.56521738223063,0.0,0.0,0.0,6.0,0,44022.0,44018.0,9.087191603434753e-05,-0.001113079823724476,0.0003378213141362457,43979.0,43926.0,-0.00013642875008526488,0.0010699813322405621,1,-0.001059569642603485,43984.53400628292,43931.76599371708,0.001200414771000052,1,1022.6279069767442,-3138.130457689484,43958.15,-0.18198796831945133,0.0799999999936,6.82283375028625e-05,-1
2026-06-09 04:34:00,43974.0,43976.0,43972.0,43972.0,3,04:34:00,2026-06-09,1,-2.274122757150998e-05,3,44019.5655261459,-0.001080554193967456,2.7336671470402507,0.6223017913266724,2.1113653557135783,12.785714285714286,66.27906975665223,94.11764704221453,2.0,2.0,0.0,5.8,0,44022.0,44018.0,9.087191603434753e-05,-0.0011357957384943635,0.00032189927396360685,43979.0,43926.0,-0.00015916687509947569,0.0010472157719801246,1,-0.001082071260216371,43983.40715984055,43932.29284015945,0.0011628029960769576,1,3217.4634146341464,-6681.794902668184,43957.85,-0.07962109458497955,0.2429149797374158,-2.274122757150998e-05,1
2026-06-09 04:35:00,43975.0,43975.0,43974.0,43975.0,3,04:35:00,2026-06-09,1,6.822523423988258e-05,3,44019.554659136746,-0.0010121560629531901,3.4298705224719015,1.1838155375557182,2.2460549849161833,11.5,81.08108106574142,85.71428567755102,0.0,0.0,1.0,5.4,0,44022.0,44018.0,9.087191603434753e-05,-0.0010676479941847017,0.00038445701702305316,43979.0,43926.0,-9.095250005684326e-05,0.0011155124527614372,1,-0.001013571085573412,43984.24856337324,43931.951436626754,0.0011897039850786977,1,3141.0714285714284,-8249.801000682284,43958.1,-0.02274888416690056,0.2553191489144409,6.822523423988258e-05,-1
2026-06-09 04:36:00,43979.0,43980.0,43976.0,43978.0,13,04:36:00,2026-06-09,1,6.822057987498908e-05,13,44019.51112185686,-0.0009430164215579234,4.175558403250761,1.782164110694727,2.3933942925560343,11.285714285714286,81.57894735339335,85.71428567755102,1.0,1.0,2.0,4.0,0,44022.0,44018.0,9.087191603434753e-05,-0.0009995002498750399,0.0004436002138380417,43980.0,43926.0,-4.5475216007275e-05,0.0011838091335427496,1,-0.0009443252580698311,43985.64095755517,43931.35904244483,0.00123484457181991,1,14292.85,129765.89043276556,43958.5,0.07962118514963545,1.087866108695576,6.822057987498908e-05,0
2026-06-09 04:37:00,43973.0,43973.0,43968.0,43968.0,4,04:37:00,2026-06-09,1,-0.00022738642048292235,4,44019.49505854549,-0.0011698239263536402,3.9144812910089968,2.2086275467575813,1.7058537442514154,10.571428571428571,65.21739129111532,37.49999999296875,5.0,0.0,0.0,1.6,1,44022.0,44018.0,9.087191603434753e-05,-0.0012266593975739125,0.00020928687771269643,43980.0,43926.0,-0.00027285129604365,0.0009561535309383747,1,-0.0011714391326763322,43986.23489898424,43931.36510101576,0.0012482096410384046,1,7328.0,12775.705752145303,43958.8,0.2161161203298991,0.35398230085362986,-0.00022738642048292235,1
2026-06-09 04:38:00,43972.0,43974.0,43964.0,43974.0,6,04:38:00,2026-06-09,1,0.00013646288209612223,6,44019.471466151284,-0.0010329852821210858,4.1439567011693725,2.5956933776399396,1.548263323529433,10.357142857142858,66.6666666537037,47.36842104515235,2.0,0.0,8.0,2.0,0,44022.0,44018.0,9.087191603434753e-05,-0.001090363908954589,0.0003218846288147283,43980.0,43926.0,-0.000136425648021825,0.0010927468925009997,1,-0.0010343862900188097,43987.94963472629,43931.75036527371,0.0012784226846220385,1,9098.068965517241,18964.858559918448,43959.85,0.3981063785741422,0.5429864252902274,0.00013646288209612223,-1
2026-06-09 04:39:00,43974.0,43975.0,43974.0,43974.0,10,04:39:00,2026-06-09,1,0.0,10,44019.43514644352,-0.0010321610509622032,4.276520550149144,2.9318588121417806,1.344661738007363,9.285714285714286,63.07692306333728,37.49999999296875,0.0,1.0,0.0,1.6,0,44022.0,44018.0,9.087191603434753e-05,-0.001090363908954589,0.0003002675110552308,43980.0,43926.0,-0.000136425648021825,0.0010927468925009997,1,-0.0010335377528051283,43989.48779307916,43932.11220692084,0.0013051533675073744,1,12215.0,-1453.7688424631897,43960.8,0.5232207650404155,0.9433962263260948,0.0,0
2026-06-09 04:40:00,43974.0,43981.0,43974.0,43981.0,4,04:40:00,2026-06-09,1,0.00015918497293854195,4,44019.42202917203,-0.0008728426544665491,4.890050397065352,3.323497129126495,1.5665532679388567,9.214285714285714,65.21739129111532,99.99999997692308,7.0,0.0,0.0,3.0,1,44022.0,44018.0,9.087191603434753e-05,-0.0009313525055653781,0.0004173997700320187,43981.0,43926.0,0.0,0.001252105814324062,1,-0.0008739698169247258,43991.54745933412,43933.75254066588,0.0013146368262203663,0,4754.7027027027025,-3511.5956567921635,43962.65,0.8758200860802716,0.38834951452540295,0.00015918497293854195,-1
2026-06-09 04:41:00,43977.0,43988.0,43977.0,43988.0,10,04:41:00,2026-06-09,1,0.0001591596371159909,10,44019.393827358945,-0.0007131817280825908,5.873413662913663,3.8334804358839287,2.039933227029734,7.571428571428571,66.6666666537037,99.99999997857142,11.0,0.0,0.0,5.0,1,44022.0,44018.0,9.087191603434753e-05,-0.0007723411021761671,0.0005094892370398891,43988.0,43927.0,0.0,0.0013886675620916205,1,-0.0007140543370031111,43991.96904082191,43939.23095917809,0.001199530579448986,1,12937.64705882353,4220.212121779627,43965.6,1.3080117425332434,1.0752688170886806,0.0001591596371159909,0
2026-06-09 04:42:00,43988.0,43988.0,43984.0,43984.0,3,04:42:00,2026-06-09,1,-9.093389106118455e-05,3,44019.38561671354,-0.0008038643933299688,6.257833159943402,4.318350980695824,1.9394821792475785,7.142857142857143,64.86486485259313,77.77777776481481,4.0,0.0,0.0,4.8,0,44022.0,44018.0,9.087191603434753e-05,-0.0008632047612557162,0.00035707543844080243,43988.0,43932.0,-9.093389106119645e-05,0.0011836474551579444,1,-0.0008047983823240239,43989.95859494348,43946.64140505653,0.0009851913739431992,1,3998.5454545454545,-6726.528485840807,43968.3,1.706065403723317,0.3333333332962963,-9.093389106118455e-05,1
2026-06-09 04:43:00,43985.0,43989.0,43977.0,43977.0,6,04:43:00,2026-06-09,1,-0.0001591487813750181,6,44019.3671191069,-0.0009624654300972436,5.929297630143992,4.6405403105854575,1.2887573195585347,7.571428571428571,55.99999998954666,38.88888888240741,8.0,4.0,0.0,6.0,1,44022.0,44018.0,9.087191603434753e-05,-0.001022216164644927,0.00016374875482710692,43989.0,43932.0,-0.00027279547159516536,0.0010243102977328367,1,-0.0009635504165790993,43989.294668587834,43950.30533141217,0.0008867299186182704,1,7995.818181818182,6816.6522320588865,43969.8,1.6263805753296163,0.6818181817407024,-0.0001591487813750181,1
2026-06-09 04:44:00,43985.0,43986.0,43985.0,43986.0,3,04:44:00,2026-06-09,1,0.00020465243195300076,3,44019.35900112414,-0.0007578256903578903,6.322276373124623,4.976887523093291,1.3453888500313322,7.928571428571429,63.74999998884375,44.99999999325,1.0,0.0,0.0,6.2,0,44022.0,44018.0,9.087191603434753e-05,-0.0008177729317159417,0.000327484103375841,43989.0,43932.0,-6.819886789879134e-05,0.001229172357279404,1,-0.0007586487897674571,43990.01509672969,43953.18490327031,0.0008375904779306558,1,5075.307692307692,-6077.101447247851,43971.6,1.3647033134996454,0.35294117642906575,0.00020465243195300076,-1
2026-06-09 04:45:00,43986.0,43992.0,43986.0,43992.0,13,04:45:00,2026-06-09,1,0.00013640703860318126,13,44019.328386941525,-0.0006208269853937833,7.036749446713657,5.3888599078173645,1.6478895388962922,7.428571428571429,72.15189872139081,68.18181817252065,6.0,0.0,0.0,6.0,0,44022.0,44018.0,9.087191603434753e-05,-0.0006814774430966181,0.0004241205184504031,43992.0,43932.0,0.0,0.0013657470636437821,1,-0.000621476120002772,43992.55827667518,43954.141723324814,0.0008736326286345785,1,16339.885714285714,30864.57413085278,43973.35,1.1485547542196615,1.50289017323666,0.00013640703860318126,0
2026-06-09 04:46:00,43994.0,43995.0,43980.0,43985.0,25,04:46:00,2026-06-09,1,-0.000159119839970856,25,44019.2630216672,-0.0007783642731667528,6.95792636252736,5.7026731987593635,1.2552531637679962,7.142857142857143,60.273972591180325,68.18181817252065,9.0,1.0,5.0,5.6,1,44022.0,44018.0,9.087191603434753e-05,-0.0008404888464858289,0.00023650016145686874,43995.0,43932.0,-0.0002272985566541601,0.0012064099062186742,1,-0.0007791548227203,43993.39977598386,43955.80022401614,0.0008550288568337785,1,21992.5,17505.002615003297,43974.6,1.0916583655135192,2.6041666663953995,-0.000159119839970856,0
2026-06-09 04:47:00,43986.0,43989.0,43985.0,43985.0,16,04:47:00,2026-06-09,1,0.0,16,44019.22089862488,-0.0007774080941525455,6.816877776771435,5.925514114361778,0.8913636624096561,7.214285714285714,58.571428559714285,46.15384614319527,1.0,3.0,0.0,5.0,0,44022.0,44018.0,9.087191603434753e-05,-0.0008404888464858289,0.00021261766454841105,43995.0,43953.0,-0.0002272985566541601,0.0007280504174913948,1,-0.0007781783469915708,43994.30221866846,43956.99778133154,0.0008482975768844467,1,11170.79365079365,12010.081610863677,43975.65,0.9210490407451424,1.8934911240362733,0.0,0
2026-06-09 04:48:00,43992.0,43998.0,43990.0,43998.0,10,04:48:00,2026-06-09,1,0.00029555530294422816,10,44019.20181605156,-0.0004816492616144263,7.665721445744566,6.273555580638336,1.3921658651062305,7.857142857142857,65.85365852534206,64.99999999024999,6.0,0.0,2.0,4.6,1,44022.0,44018.0,9.087191603434753e-05,-0.0005451819544772945,0.0004672849380762742,43998.0,43953.0,0.0,0.001023820899597274,1,-0.000482106535316569,43997.45499932772,43957.44500067228,0.0009097844157730961,1,6566.865671641791,-5981.082250838217,43977.45,0.9323829091935331,1.1627906975392104,0.00029555530294422816,0
2026-06-09 04:49:00,43997.0,43998.0,43991.0,43995.0,39,04:49:00,2026-06-09,1,-6.818491749627231e-05,39,44019.125613867436,-0.0005480711743132693,8.00409501606191,6.619663467723051,1.3844315483388598,8.142857142857142,62.195121940600835,81.24999998476562,2.0,1.0,4.0,4.8,0,44022.0,44018.0,9.087191603434753e-05,-0.0006133296987869563,0.00036835930039011346,43998.0,43953.0,-6.818491749624828e-05,0.0009555661729574557,1,-0.0005485737188699018,43999.74202519236,43957.857974807644,0.0009523691047667484,1,16658.300970873788,-2425.4627846430426,43978.8,0.9550968058843892,3.7864077666226787,-6.818491749627231e-05,0
2026-06-09 04:50:00,43990.0,44007.0,43990.0,44003.0,29,04:50:00,2026-06-09,1,0.0001818388453234121,29,44019.08154563272,-0.00036533123972717983,8.816164394331281,7.058963653044698,1.7572007412865833,9.0,64.36781608159598,87.4999999890625,13.0,4.0,0.0,6.2,1,44022.0,44018.0,9.087191603434753e-05,-0.0004316023806278581,0.0005059031508102862,44007.0,43953.0,-9.089463039970707e-05,0.0011375787773303043,1,-0.00036564964519063053,44003.10479456882,43958.39520543118,0.0010165717760073783,1,10723.420168067227,-400.4849581073757,43980.75,1.1597327157184816,2.4892703860524232,0.0001818388453234121,0
2026-06-09 04:51:00,44003.0,44019.0,43994.0,44008.0,19,04:51:00,2026-06-09,1,0.00011362861623065434,19,44019.06333465556,-0.0002513305331249996,9.750792375663877,7.597329397568535,2.1534629780953427,10.071428571428571,74.39024388973824,81.24999998476562,5.0,11.0,9.0,5.4,0,44022.0,44018.0,9.087191603434753e-05,-0.0003180228067784218,0.0005615767802778902,44019.0,43953.0,-0.00024989209205115407,0.0012513366550633348,1,-0.00025153489291531345,44005.881781156924,43960.71821884308,0.0010268343283437503,1,7399.575221238938,1268.0471799401985,43983.3,1.3302271959847196,1.6033755272908545,0.00011362861623065434,0
2026-06-09 04:52:00,44005.0,44005.0,43999.0,44005.0,7,04:52:00,2026-06-09,1,-6.816942374110457e-05,7,44019.054419071785,-0.0003192803493228852,10.132614385249326,8.104386395104694,2.0282279901446323,10.0,69.62025315221919,81.24999998476562,0.0,0.0,6.0,5.2,0,44022.0,44018.0,9.087191603434753e-05,-0.00038617055108808356,0.000453563199314236,44019.0,43964.0,-0.0003180444807923779,0.0009325812028022716,1,-0.0003195271818898542,44008.69184511038,43961.40815488963,0.0010749945770380629,0,2961.875,-8221.982538808315,43985.05,1.421139276196713,0.6249999999441964,-6.816942374110457e-05,1
2026-06-09 04:53:00,44005.0,44011.0,43995.0,44002.0,19,04:53:00,2026-06-09,1,-6.817407112824636e-05,19,44019.02976803103,-0.0003868728620502179,10.076975055031653,8.498904127090086,1.5780709279415674,11.071428571428571,67.0731707202558,45.45454544214876,3.0,6.0,7.0,4.6,0,44022.0,44018.0,9.087191603434753e-05,-0.0004543182953977454,0.00035238084412262055,44019.0,43964.0,-0.00038619686953360175,0.0008643435538167396,1,-0.00038715896993468234,44010.583189118566,43962.416810881434,0.0010950263884858162,0,7398.566371681416,-3100.553502777722,43986.5,1.307390165015376,1.570247933754525,-6.817407112824636e-05,0
2026-06-09 04:54:00,44004.0,44013.0,44001.0,44009.0,18,04:54:00,2026-06-09,1,0.0001590836780145377,18,44019.013597912875,-0.00022748346894692733,10.476950223033782,8.894513346278824,1.582436876754958,11.428571428571429,67.0731707202558,53.84615383372782,5.0,4.0,3.0,5.2,0,44022.0,44018.0,9.087191603434753e-05,-0.0002953068920085345,0.0004694424773832387,44019.0,43964.0,-0.00022717462913741278,0.001023564734782981,1,-0.00022764204415203537,44013.408037857786,43963.29196214221,0.0011393033772708647,0,8610.45652173913,1636.4200164147394,43988.35,1.1481630527940454,1.4007782100077215,0.0001590836780145377,0
2026-06-09 04:55:00,44008.0,44012.0,43998.0,43998.0,11,04:55:00,2026-06-09,1,-0.0002499488740939082,11,44018.99939441812,-0.0004770529704675916,9.79343275953579,9.074297228930218,0.7191355306055716,11.642857142857142,55.8139534792861,33.33333332857143,10.0,4.0,0.0,4.6,1,44022.0,44018.0,9.087191603434753e-05,-0.0005451819544772945,0.00019322792939223694,44019.0,43964.0,-0.0004770667211885669,0.0007733600218360301,1,-0.0004773728825769395,44014.08497611873,43964.91502388127,0.0011177656540186543,0,6540.243243243243,12081.428970646106,43989.5,1.0117073869410378,0.8301886791826273,-0.0002499488740939082,0
2026-06-09 04:56:00,43999.0,44008.0,43999.0,44008.0,10,04:56:00,2026-06-09,1,0.00022728305832075968,10,44018.98834517233,-0.00024962739002914547,9.94402810568863,9.2482434042819,0.6957847014067298,12.071428571428571,63.04347825127599,60.71428570778062,9.0,0.0,0.0,5.4,1,44022.0,44018.0,9.087191603434753e-05,-0.0003180228067784218,0.0003864426814575621,44019.0,43964.0,-0.00024989209205115407,0.0010008188517878038,1,-0.0002497862101868278,44016.28157219927,43965.71842780073,0.0011493974767232365,0,6770.461538461538,-848.9547861920895,43991.0,1.0230411603560183,0.7633587785676825,0.00022728305832075968,-1
2026-06-09 04:57:00,44012.0,44020.0,44011.0,44019.0,14,04:57:00,2026-06-09,1,0.00024995455371756847,14,44018.985782613265,3.229830602064727e-07,10.826186532380234,9.563832029901569,1.262354502478665,12.071428571428571,71.87499998951823,65.62499999384767,7.0,1.0,1.0,6.8,1,44022.0,44018.0,9.087191603434753e-05,-6.81477443096618e-05,0.0005784938928546687,44020.0,43964.0,-2.2716946842343873e-05,0.0012510235647347546,0,3.231697995559268e-07,44019.34657256362,43967.753427436386,0.0011727433936845836,0,8559.25,-59.47015888164244,43993.55,1.1821311779151447,1.0294117646301904,0.00024995455371756847,0
2026-06-09 04:58:00,44016.0,44019.0,44009.0,44019.0,11,04:58:00,2026-06-09,1,0.0,11,44018.982906656165,3.883175554306889e-07,11.393960951776535,9.929857814276563,1.464103137499972,12.142857142857142,68.9655172302814,99.99999998571428,3.0,0.0,7.0,6.8,0,44022.0,44018.0,9.087191603434753e-05,-6.81477443096618e-05,0.0005273230626559027,44020.0,43974.0,-2.2716946842343873e-05,0.0010233319688906849,0,3.8852217336332105e-07,44022.25830877821,43969.341691221794,0.0012027652084157054,0,7565.765625,1568.0187167598524,43995.8,1.432159947260803,0.7942238266574568,0.0,0
2026-06-09 04:59:00,44007.0,44013.0,44002.0,44013.0,6,04:59:00,2026-06-09,1,-0.0001363047774824988,6,44018.97834816156,-0.00013581296944864465,11.230320272377867,10.189950305896824,1.0403699664810429,12.928571428571429,62.06896550725327,64.70588234152248,6.0,0.0,5.0,7.0,0,44022.0,44018.0,9.087191603434753e-05,-0.00020444323292898543,0.0003466086333960181,44020.0,43974.0,-0.00015901862789640712,0.0008868877063719269,1,-0.00013587849745860678,44023.1717063951,43972.3282936049,0.0011555912016000577,0,5078.423076923077,-2499.147882203235,43997.75,1.534404764610943,0.4395604395282373,-0.0001363047774824988,1
2026-06-09 05:00:00,44003.0,44023.0,43983.0,43999.0,44,05:00:00,2026-06-09,1,-0.00031808783768427773,44,44018.918582450635,-0.00045250049506158254,9.85732178825856,10.123424602369171,-0.2661028141106119,14.714285714285714,57.4468085020824,0.0,4.0,20.0,16.0,5.8,0,44022.0,44018.0,9.087191603434753e-05,-0.0005224660397074071,7.954789521917987e-06,44023.0,43977.0,-0.000545169570451797,0.0005002615003297065,1,-0.0004527089456297956,44022.81848749135,43974.48151250865,0.0010986013203290333,0,22775.95294117647,16609.753122267102,43998.65,1.159260846191895,2.811501597264441,-0.00031808783768427773,0
2026-06-09 08:46:00,43661.0,43684.0,43552.0,43663.0,1242,08:46:00,2026-06-09,1,-0.0076365371940271265,1242,43984.65027048927,-0.007312784539861815,-18.134142229653662,4.471911235964605,-22.606053465618267,46.357142857142854,12.558139534474847,0.0,2.0,21.0,109.0,4.4,0,44022.0,44018.0,9.087191603434753e-05,-0.008155013402389529,-0.007261995707373727,44023.0,43552.0,-0.008177543556776953,0.0025486774430565177,1,-0.007313158683683991,44134.60540137801,43830.194598621994,0.006921195813689277,0,41176.49658314351,44424.75834445838,43982.4,-3.0457452756857366,16.077669902704496,-0.0076365371940271265,0
2026-06-09 08:47:00,43663.0,43830.0,43661.0,43768.0,652,08:47:00,2026-06-09,1,0.0024047820809380838,652,43974.332900699046,-0.0046921212236459295,-31.48205116414465,-2.718881244057246,-28.763169920087403,57.5,27.969348658253693,23.076923076770925,105.0,62.0,2.0,24.0,1,44022.0,44018.0,9.087191603434753e-05,-0.005769842351551366,-0.004630261350507917,44023.0,43552.0,-0.005792426686050342,0.00495958853783971,1,-0.0046924128459969955,44151.46708542461,43791.73291457539,0.008181057110708016,0,14596.795907928388,18742.772484352205,43971.6,-5.943485746430546,5.943482224193769,0.0024047820809380838,0
2026-06-09 08:48:00,43763.0,43800.0,43736.0,43785.0,333,08:48:00,2026-06-09,1,0.00038841162493152837,333,43969.86977914329,-0.0042044650136985485,-40.22491940439795,-10.220088876125388,-30.004830528272564,61.57142857142857,30.410447760399734,26.637554584978346,22.0,15.0,27.0,27.8,0,44022.0,44018.0,9.087191603434753e-05,-0.005383671800463283,-0.004026204449297029,44023.0,43552.0,-0.00540626490698032,0.005349926524614132,1,-0.004205217668515743,44160.21306982816,43763.78693017184,0.00901747280961545,0,6403.339920948617,-7188.552357178405,43962.0,-8.329801027986417,2.641808806008395,0.00038841162493152837,0
2026-06-09 08:49:00,43785.0,43793.0,43728.0,43759.0,218,08:49:00,2026-06-09,1,-0.0005938106657531472,218,43966.857823129256,-0.004727602412831631,-48.69041538290185,-17.914154177480683,-30.776261205421164,65.0,27.978339349473472,82.43243243076151,26.0,8.0,31.0,31.8,0,44022.0,44018.0,9.087191603434753e-05,-0.0059742855844803515,-0.004360572596764715,44023.0,43552.0,-0.005996865274969766,0.004752939015429722,1,-0.004729345826040141,44168.13638190434,43733.16361809566,0.00989684484322,0,3832.6484531940537,-9069.214534690882,43950.65,-7.2187966095529115,1.5935672514503394,-0.0005938106657531472,0
2026-06-09 08:50:00,43753.0,43765.0,43705.0,43759.0,309,08:50:00,2026-06-09,1,0.0,309,43962.39482117126,-0.004626563725625529,-54.76804994858685,-25.284933331701918,-29.48311661688493,67.5,27.322404370887952,39.53488371817198,6.0,6.0,48.0,32.2,0,44022.0,44018.0,9.087191603434753e-05,-0.0059742855844803515,-0.004096588452172237,44023.0,43552.0,-0.005996865274969766,0.004752939015429722,1,-0.004629027086899077,44171.59723489809,43706.40276510191,0.010587279405452172,0,4909.778867102396,-6636.399592025806,43939.0,-7.413876229202154,2.0382585751844444,0.0,0
2026-06-09 08:51:00,43754.0,43784.0,43722.0,43783.0,295,08:51:00,2026-06-09,1,0.0005484586028017269,295,43958.67052889283,-0.003996265737321616,-56.99106221572583,-31.626159108506705,-25.364903107219128,71.28571428571429,30.526315788723906,47.99999999712001,29.0,1.0,32.0,37.6,0,44022.0,44018.0,9.087191603434753e-05,-0.005429103630003057,-0.003321275970943915,44023.0,43552.0,-0.0054516957045179695,0.005304004408523024,1,-0.003998973998730309,44170.45714154126,43687.342858458745,0.01099764125854508,0,7147.750415052574,1162.5347135931474,43928.9,-7.52922978936321,1.7867958812732478,0.0005484586028017269,0
2026-06-09 08:52:00,43775.0,43782.0,43725.0,43733.0,201,08:52:00,2026-06-09,1,-0.0011419957517757595,201,43956.00639783266,-0.00507339988565587,-62.07187168753444,-37.715301624312254,-24.356570063222186,74.28571428571429,28.20097244668588,32.432432431117604,42.0,7.0,8.0,25.0,1,44022.0,44018.0,9.087191603434753e-05,-0.006564899368497421,-0.004173848889819924,44023.0,43552.0,-0.006587465642959213,0.004155951506245313,1,-0.005077986939533906,44171.44338589586,43661.15661410415,0.011619530146931754,0,6482.546460176991,6914.01269734135,43916.3,-7.815584069859841,1.1528534556859602,-0.0011419957517757595,0
2026-06-09 08:53:00,43734.0,43738.0,43667.0,43673.0,382,08:53:00,2026-06-09,1,-0.0013719616765371923,382,43949.86389448617,-0.006299539292109051,-70.13151589834888,-44.19854447911958,-25.932971419229297,78.5,24.92537313380754,17.910447760793062,61.0,4.0,6.0,32.8,1,44022.0,44018.0,9.087191603434753e-05,-0.007927854254690657,-0.005171975886132197,44023.0,43552.0,-0.007950389569088705,0.0027782880235120598,1,-0.006306687452204736,44173.99004337878,43626.10995662123,0.012480169994283282,0,11874.08256227758,14184.556746209031,43900.05,-8.864562234005573,1.979787509707283,-0.0013719616765371923,0
2026-06-09 08:54:00,43678.0,43678.0,43625.0,43640.0,332,08:54:00,2026-06-09,1,-0.0007556155977377355,332,43943.85937718196,-0.00691471758485854,-78.27931103902665,-51.014697791101,-27.264613247925652,81.28571428571429,24.132947976390383,0.0,38.0,0.0,15.0,35.2,1,44022.0,44018.0,9.087191603434753e-05,-0.008677479442096937,-0.005521588430870702,44023.0,43552.0,-0.008699997728459925,0.0020205731080087707,1,-0.006924417753443892,44175.652383747845,43588.94761625216,0.013369963914737182,0,9538.169848584595,3344.2961697403357,43882.3,-10.608050736530744,1.5992292870828555,-0.0007556155977377355,0
2026-06-09 08:55:00,43640.0,43694.0,43626.0,43691.0,292,08:55:00,2026-06-09,1,0.0011686526122822727,292,43939.16144148383,-0.005647842001134174,-79.70246323142783,-56.75225087916637,-22.95021235226146,85.42857142857143,28.376534787998267,35.416666665928815,51.0,3.0,14.0,44.2,1,44022.0,44018.0,9.087191603434753e-05,-0.007518967788832686,-0.004005316105382742,44023.0,43552.0,-0.007541512391249857,0.003191587068332036,1,-0.005657171418953957,44166.146577254534,43567.25342274546,0.01365256913579232,0,8493.85619174434,3102.6537857045073,43866.7,-11.294211944085866,1.3227633069022753,0.0011686526122822727,0
2026-06-09 08:56:00,43690.0,43704.0,43653.0,43664.0,216,08:56:00,2026-06-09,1,-0.0006179762422466872,216,43935.83061315367,-0.006186991559282794,-82.06302448494534,-61.81440560032216,-20.248618884623184,88.21428571428571,26.301735647038427,45.94594594470416,26.0,14.0,11.0,43.6,0,44022.0,44018.0,9.087191603434753e-05,-0.008132297487619643,-0.004230378909679604,44023.0,43552.0,-0.008154828158008129,0.002571638501102072,1,-0.006199172468412646,44154.24458675379,43544.75541324621,0.01389956951635859,0,6627.845397048489,-4418.225271479672,43849.5,-11.514793263334075,0.9366869037253397,-0.0006179762422466872,0
2026-06-09 08:57:00,43664.0,43673.0,43591.0,43612.0,297,08:57:00,2026-06-09,1,-0.0011909124221326506,297,43930.56524304366,-0.007251562580203709,-87.12542404841952,-66.87660928994164,-20.248814758477877,93.35714285714286,24.59425717809698,39.23076922986391,52.0,9.0,21.0,45.6,1,44022.0,44018.0,9.087191603434753e-05,-0.00931352505565378,-0.0049703569599255665,44023.0,43552.0,-0.009336028893987023,0.0013776634827332528,1,-0.007268225719313506,44142.94408372079,43516.75591627921,0.014286796953253637,0,8527.165240289663,-1059.9566000022098,43829.85,-11.952427288452146,1.2117503059926082,-0.0011909124221326506,0
2026-06-09 08:58:00,43607.0,43636.0,43583.0,43616.0,244,08:58:00,2026-06-09,1,9.171787581396806e-05,244,43926.183485377485,-0.007061471331346935,-89.77972086825321,-71.45723160560397,-18.322489262649242,95.92857142857143,25.156445556505403,4.819277108259541,9.0,20.0,24.0,35.2,0,44022.0,44018.0,9.087191603434753e-05,-0.009222661396574232,-0.0044407111985583034,44023.0,43552.0,-0.009245167298911724,0.0014695077149154696,1,-0.0070801093658371846,44126.53765798329,43494.56234201672,0.01442518562233426,0,7706.2302679217955,-927.2889792837358,43810.55,-12.800142249130703,0.9518236785607496,9.171787581396806e-05,0
2026-06-09 08:59:00,43610.0,43722.0,43601.0,43716.0,478,08:59:00,2026-06-09,1,0.002292736610418178,478,43919.7218139943,-0.004638504197660526,-82.85895944938966,-73.7375771743611,-9.121382275028552,101.71428571428571,34.011299434490226,66.66666666538461,106.0,6.0,9.0,48.8,1,44022.0,44018.0,9.087191603434753e-05,-0.006951069919585504,-0.0018243716877607181,44023.0,43552.0,-0.006973627422029236,0.003765613519470891,1,-0.004651618393372327,44100.09654310961,43491.70345689039,0.013891553460922305,0,13684.510805500982,10646.997607389825,43795.9,-12.223628547645593,1.711115088592407,0.002292736610418178,0
2026-06-09 09:00:00,43711.0,43790.0,43708.0,43779.0,677,09:00:00,2026-06-09,1,0.0014411199560802057,677,43913.96869877862,-0.0030734798693421174,-71.46680780270981,-73.28342330003085,1.8166154973210382,75.64285714285714,59.47712418164595,99.99999999820359,68.0,11.0,3.0,52.2,1,44022.0,44018.0,9.087191603434753e-05,-0.005519967289082607,-0.00013589144215071512,44023.0,43552.0,-0.005542557299593269,0.005212160176340806,1,-0.0030825363230657095,44073.89980441487,43496.000195585126,0.01319859012810862,0,15501.246338912133,8178.663016486313,43784.95,-10.24416008724681,2.165360626892163,0.0014411199560802057,0
2026-06-09 09:01:00,43779.0,43875.0,43750.0,43826.0,1074,09:01:00,2026-06-09,1,0.0010735740880329914,1074,43908.7580927603,-0.001884774162490852,-57.97760856040986,-70.22226035210666,12.244651791696796,72.5,55.23465703831537,99.99999999857143,47.0,49.0,29.0,56.4,0,44022.0,44018.0,9.087191603434753e-05,-0.004452319294897904,0.0011456088231296551,44023.0,43552.0,-0.0044749335574585,0.006291329904481855,1,-0.0018904965354252562,44046.07974630333,43505.62025369667,0.012346065070276227,0,16992.463537906136,12050.293005958461,43775.85,-7.92046664559207,2.935629356285539,0.0010735740880329914,0
2026-06-09 09:02:00,43827.0,43846.0,43725.0,43831.0,899,09:02:00,2026-06-09,1,0.00011408752795150079,899,43904.105493312905,-0.0016651174757230493,-46.34957372886129,-65.44772302745758,19.098149298596297,76.57142857142857,54.24354243402323,99.9999999973913,4.0,15.0,102.0,46.8,0,44022.0,44018.0,9.087191603434753e-05,-0.004338739721048469,0.0014748740187975366,44023.0,43552.0,-0.004361356563614376,0.0064061351947096255,1,-0.0016703546509461847,44013.11915835158,43519.78084164841,0.011272066084938586,0,11685.666963226571,-1460.661525051304,43766.45,-6.724373742748606,2.192148256517454,0.00011408752795150079,0
2026-06-09 09:03:00,43833.0,43856.0,43810.0,43828.0,451,09:03:00,2026-06-09,1,-6.844470808331504e-05,451,43902.567308743804,-0.0016984726250610783,-36.95040599782806,-59.74825962153169,22.79785362370363,75.21428571428571,56.64739884240257,94.54545454029753,5.0,23.0,18.0,46.0,0,44022.0,44018.0,9.087191603434753e-05,-0.0044068874653581305,0.0016248865893149862,44023.0,43552.0,-0.00442950275992085,0.006337252020572963,1,-0.0017041268632787688,43975.604222272355,43538.19577772765,0.009996330739716432,1,5522.8913104219055,-6437.130802471011,43756.9,-6.406310844250282,1.043739875026513,-6.844470808331504e-05,0
2026-06-09 09:04:00,43829.0,43836.0,43766.0,43792.0,496,09:04:00,2026-06-09,1,-0.0008213927169845592,496,43900.1917586528,-0.0024644939878075253,-32.03709331969003,-54.20602636116335,22.168933041473323,75.92857142857143,52.972972971636715,11.36363636286157,37.0,7.0,26.0,32.2,1,44022.0,44018.0,9.087191603434753e-05,-0.005224660397074072,0.0010549572130842217,44023.0,43552.0,-0.0052472571155985455,0.005510653930933011,1,-0.002473189083142682,43929.61332031274,43562.08667968726,0.008401405861938287,1,6038.596608284682,-6446.30892112023,43745.85,-6.853093657804474,1.0862899693362105,-0.0008213927169845592,0
2026-06-09 09:05:00,43792.0,43826.0,43757.0,43763.0,473,09:05:00,2026-06-09,1,-0.0006622214103032542,473,43897.68549568128,-0.0030681684959114686,-30.135927052542684,-49.39200649943922,19.256079446896536,76.42857142857143,48.21428571308035,0.0,29.0,34.0,6.0,24.4,1,44022.0,44018.0,9.087191603434753e-05,-0.005883421925400803,0.0006619556158187139,43875.0,43552.0,-0.002552706552706495,0.004844783247611939,1,-0.0030796483673768862,43874.59551612508,43593.50448387492,0.006427281083049756,1,6100.765988800472,-4779.274466747282,43734.05,-7.40293078373827,0.9894362514360644,-0.0006622214103032542,0
2026-06-09 09:06:00,43767.0,43888.0,43730.0,43853.0,681,09:06:00,2026-06-09,1,0.002056531773415804,681,43895.49265526892,-0.0009680414251785308,-21.12349277427711,-43.7383037544068,22.61481098012969,83.57142857142857,59.9999999986,58.064516127908426,86.0,35.0,37.0,32.2,1,44022.0,44018.0,9.087191603434753e-05,-0.0038389895961109485,0.0025020831642606645,43888.0,43583.0,-0.0007974845060152936,0.006195076061767061,1,-0.0009714039045509625,43889.45764922679,43597.64235077322,0.006671047467650964,1,9954.631,8024.310891679568,43743.55,-3.0509473934393303,1.5133333333299703,0.002056531773415804,0
2026-06-09 09:07:00,43862.0,43960.0,43856.0,43930.0,583,09:07:00,2026-06-09,1,0.0017558661893142258,583,43895.98341111583,0.0007749362524945308,-7.679295060253935,-36.52650201557623,28.847206955322292,86.14285714285714,70.82658022529729,85.20408163134891,68.0,30.0,6.0,45.0,1,44022.0,44018.0,9.087191603434753e-05,-0.0020898641588296286,0.004076417689389874,43960.0,43583.0,-0.000682438580527737,0.007961819975678408,1,0.0007774927090560512,43919.59519782157,43583.704802178436,0.007677205217246063,1,9542.172131147541,5801.969812085332,43751.65,1.325840051114085,1.305564886347989,0.0017558661893142258,0
2026-06-09 09:08:00,43938.0,43946.0,43829.0,43894.0,474,09:08:00,2026-06-09,1,-0.0008194855451855165,474,43895.85888371319,-4.234758723173811e-05,0.0696267391613219,-29.20727626462872,29.276903003790043,90.71428571428571,70.48387096615036,82.266009851001,44.0,8.0,65.0,52.8,0,44022.0,44018.0,9.087191603434753e-05,-0.0029076370905455704,0.0031286351243569235,43960.0,43583.0,-0.0015013648771610214,0.007135809834109466,1,-4.24818763855491e-05,43936.29927160851,43577.90072839149,0.008190637478649352,1,7685.909124492057,2598.269034743382,43757.1,5.270492899696149,1.0449735449712412,-0.0008194855451855165,0
2026-06-09 09:09:00,43896.0,43899.0,43801.0,43825.0,465,09:09:00,2026-06-09,1,-0.0015719688340092297,465,43894.83071524746,-0.001590864211334133,0.6356523456634022,-23.238690542570296,23.8743428882337,92.85714285714286,60.5015673967915,42.30769230699493,71.0,3.0,24.0,59.6,1,44022.0,44018.0,9.087191603434753e-05,-0.004475035209667792,0.0014762205098673017,43960.0,43583.0,-0.0030709736123748165,0.0055526237294356625,1,-0.0015957513013468208,43942.159123416204,43578.6408765838,0.008307013803173583,1,7615.33071748879,-2349.9618243119307,43760.4,3.8519964657643344,0.9979611546281835,-0.0015719688340092297,0
2026-06-09 09:10:00,43827.0,43907.0,43810.0,43858.0,409,09:10:00,2026-06-09,1,0.0007529948659441565,409,43894.23165315568,-0.0008254308548324555,3.7043544322950765,-17.850081547597224,21.5544359798923,96.14285714285714,65.06211179982785,23.913043477741027,31.0,49.0,17.0,60.0,0,44022.0,44018.0,9.087191603434753e-05,-0.0037254100222615123,0.002116971531131348,43960.0,43583.0,-0.0023202911737943057,0.006309799692540525,1,-0.0008278616109702794,43952.26768522614,43578.432314773854,0.008541811511898803,1,6867.504594180705,-2802.996529727431,43765.35,3.131310476289943,0.8684573733923592,0.0007529948659441565,0
2026-06-09 09:11:00,43850.0,43899.0,43830.0,43883.0,351,09:11:00,2026-06-09,1,0.0005700214328059339,351,43893.90432281979,-0.0002484245361177022,8.06069533284608,-12.667926171508563,20.728621504354642,95.21428571428571,71.96110210533638,45.66929133750387,33.0,16.0,20.0,49.4,0,44022.0,44018.0,9.087191603434753e-05,-0.0031575121530143303,0.0025736600232805747,43960.0,43583.0,-0.0017515923566878585,0.006883417846407846,1,-0.0002491257853727766,43964.46692081075,43576.233079189245,0.008869790660150017,1,6749.751533742331,-1218.0180322020067,43770.35,3.0280800144433706,0.740897097623766,0.0005700214328059339,-1
2026-06-09 09:12:00,43881.0,43899.0,43840.0,43888.0,228,09:12:00,2026-06-09,1,0.00011393933869596751,228,43893.74123753121,-0.00013079854597363946,11.780783555979724,-7.7781842260109055,19.55896778199063,95.64285714285714,72.00647249027817,99.9999999952381,7.0,11.0,41.0,37.2,0,44022.0,44018.0,9.087191603434753e-05,-0.003043932579164894,0.0025103876138982493,43960.0,43583.0,-0.0016378525932665689,0.0069981414771813095,1,-0.00013114405447500603,43978.22196280692,43577.978037193076,0.009142560449490427,1,5192.768033212247,-3181.1654334500126,43778.1,4.0447527901932085,0.4798989686371713,0.00011393933869596751,-1
2026-06-09 09:13:00,43881.0,43932.0,43845.0,43905.0,298,09:13:00,2026-06-09,1,0.00038734961720754413,298,43893.744226917355,0.00025643228393676203,15.91725400366704,-3.0390965800753165,18.956350583742356,93.21428571428571,67.66355140009853,99.99999999361702,24.0,27.0,36.0,33.2,0,44022.0,44018.0,9.087191603434753e-05,-0.0026577620280768106,0.0026330392763595158,43960.0,43583.0,-0.0012511373976341845,0.0073882018218110876,1,0.00025704156645614106,43991.06283041168,43588.33716958831,0.009196812511238116,1,7472.124500285551,880.4069918164763,43789.7,5.563762200004923,0.6328307496270273,0.00038734961720754413,-1
2026-06-09 09:14:00,43908.0,43933.0,43872.0,43922.0,290,09:14:00,2026-06-09,1,0.00038719963557687365,290,43893.91383298192,0.0006398647230445294,20.332810576597694,1.6352848512592857,18.69752572533841,91.71428571428571,64.62167688976544,99.99999999230769,14.0,11.0,36.0,21.8,0,44022.0,44018.0,9.087191603434753e-05,-0.002271591476988727,0.002698396029568083,43960.0,43583.0,-0.0008644222020018003,0.007778262166440866,1,0.0006411810623297845,44000.464394866685,43607.13560513332,0.008979330325984409,1,8082.093908629442,1973.9132147704513,43803.8,7.642159589768957,0.6186006825925371,0.00038719963557687365,-1
2026-06-09 09:15:00,43921.0,43926.0,43857.0,43862.0,169,09:15:00,2026-06-09,1,-0.001366058011930238,169,43893.83499657195,-0.0007252726168592712,18.77425449468865,5.063078779945158,13.71117571474349,87.71428571428571,53.58565736902351,36.170212764803075,59.0,5.0,5.0,27.4,1,44022.0,44018.0,9.087191603434753e-05,-0.003634546363181963,0.001133242110957306,43960.0,43583.0,-0.0022292993630572745,0.006401578597159297,1,-0.0007266215250255419,44003.14697117171,43621.55302882829,0.008709734637457446,1,5548.411676646707,684.882592790224,43812.35,7.823546476434564,0.3652869339665724,-0.001366058011930238,1
2026-06-09 09:16:00,43860.0,43875.0,43828.0,43840.0,284,09:16:00,2026-06-09,1,-0.0005015731156809977,284,43893.3409199387,-0.0012152394604911679,15.584226174163632,7.167308258788854,8.416917915374778,82.42857142857143,50.867052021749245,17.171717171196804,20.0,15.0,12.0,24.8,0,44022.0,44018.0,9.087191603434753e-05,-0.004134296488119483,0.0004301575837237981,43960.0,43583.0,-0.002729754322110948,0.005896794621756054,1,-0.0012172414447978023,43998.92842506571,43643.371574934295,0.00811381833045011,1,9811.315996847912,3130.557442495729,43821.15,7.182054227364966,0.6093766763209755,-0.0005015731156809977,1
2026-06-09 09:17:00,43847.0,43887.0,43774.0,43786.0,503,09:17:00,2026-06-09,1,-0.0012317518248174952,503,43891.89607139776,-0.0024126565693470374,8.59962590966461,7.453771788964005,1.145854120700605,87.21428571428571,46.31578947254663,0.0,61.0,40.0,12.0,35.6,1,44022.0,44018.0,9.087191603434753e-05,-0.005360955885693395,-0.0010004597323512983,43960.0,43583.0,-0.003958143767060875,0.004657779409402642,1,-0.002416071955476809,43979.30694679465,43680.39305320535,0.006819870330135559,1,14264.480569948186,7649.486297997186,43829.85,5.9469726370761515,1.0559462580013521,-0.0012317518248174952,0
2026-06-09 09:18:00,43789.0,43810.0,43711.0,43717.0,625,09:18:00,2026-06-09,1,-0.001575846160873362,625,43888.6001469915,-0.003909902489866907,-2.4749141939755646,5.468034592376092,-7.942948786351656,89.28571428571429,43.781094526346706,0.0,72.0,21.0,6.0,45.2,1,44022.0,44018.0,9.087191603434753e-05,-0.006928354004815617,-0.0026896377087662748,43960.0,43601.0,-0.00552775250227467,0.002660489438315574,1,-0.003914692333996317,43958.52575101333,43711.27424898667,0.005640517077183994,1,14603.487439871726,16320.12238986858,43834.9,5.146950574439151,1.2616067823955157,-0.001575846160873362,0
2026-06-09 09:19:00,43712.0,43723.0,43658.0,43689.0,535,09:19:00,2026-06-09,1,-0.0006404831072580608,535,43884.83251184946,-0.004462419032739378,-13.356962261568697,1.7030352215871343,-15.059997483155831,89.0,43.853820596986786,0.0,23.0,11.0,31.0,47.0,0,44022.0,44018.0,9.087191603434753e-05,-0.00756439961837246,-0.0032977023307489265,43960.0,43658.0,-0.006164695177433891,0.0007100645929726348,1,-0.004467639783897422,43963.090849066095,43704.00915093391,0.005910579867069361,1,11046.131852551986,1258.5629247909083,43833.55,2.829683839881303,1.0737581535352259,-0.0006404831072580608,0
2026-06-09 09:20:00,43681.0,43698.0,43614.0,43687.0,492,09:20:00,2026-06-09,1,-4.5778113483940785e-05,492,43881.085897838035,-0.004422996693607181,-21.890111462540517,-3.015594115238396,-18.87451734730212,83.71428571428571,33.852140076898976,0.0,6.0,11.0,67.0,36.4,0,44022.0,44018.0,9.087191603434753e-05,-0.007609831447912235,-0.003238726914516407,43960.0,43614.0,-0.006210191082802407,0.0016737744760856224,1,-0.004428257985601533,43972.43075241507,43685.46924758492,0.006547305030810522,1,8812.629766297663,-3821.9763957870678,43828.95,-0.20533951177141951,1.0061349693230959,-4.5778113483940785e-05,0
2026-06-09 09:21:00,43689.0,43820.0,43684.0,43813.0,561,09:21:00,2026-06-09,1,0.002884153180580107,561,43879.0003646225,-0.0015041446722590505,-18.27488520732004,-6.067452333654725,-12.207432873665315,85.78571428571429,39.609236233473304,80.76923076767751,124.0,7.0,5.0,57.2,1,44022.0,44018.0,9.087191603434753e-05,-0.0047476261869064396,-0.00034908951522195843,43960.0,43614.0,-0.0033439490445859115,0.004562755078644368,1,-0.0015058846595122299,43971.95470295823,43684.645297041774,0.006555339949677519,1,9049.73969072165,-3803.0284012754,43828.3,-1.505649607960448,1.2107478148241917,0.002884153180580107,0
2026-06-09 09:22:00,43803.0,43919.0,43784.0,43894.0,494,09:22:00,2026-06-09,1,0.0018487663478876648,494,43878.778943122226,0.0003468887978287541,-8.77264372294303,-6.608490611512386,-2.164153111430644,87.07142857142857,49.999999998848686,99.04306219953527,91.0,25.0,19.0,63.2,1,44022.0,44018.0,9.087191603434753e-05,-0.0029076370905455704,0.0014270575123570288,43960.0,43614.0,-0.0015013648771610214,0.00641995689457499,1,0.0003472633663219747,43978.085925798056,43684.81407420194,0.006690900063678255,1,8010.209087550794,-2748.403518558221,43831.45,-0.4790850843716333,1.1148724892775561,0.0018487663478876648,0
2026-06-09 09:23:00,43894.0,43979.0,43869.0,43935.0,781,09:23:00,2026-06-09,1,0.0009340684375995778,781,43880.029600270784,0.0012527429956172096,2.042760787291627,-4.8782403317515834,6.92100111904321,87.92857142857143,59.482758619253865,99.99999999879033,41.0,44.0,25.0,57.0,0,44022.0,44018.0,9.087191603434753e-05,-0.0019762845849801924,0.0022401270165704353,43979.0,43614.0,-0.0010004775006252757,0.0073600220112806135,1,0.0012539783864062852,43990.54154661548,43683.058453384525,0.007014268679076689,1,11985.062871114216,3599.8710815572445,43836.8,1.7910536300791648,1.699303742380985,0.0009340684375995778,0
2026-06-09 09:24:00,43932.0,43937.0,43851.0,43878.0,265,09:24:00,2026-06-09,1,-0.0012973711164220303,265,43880.10392717196,-4.794717841708644e-05,5.94608043734479,-2.713376177932309,8.659456615277099,87.14285714285714,51.65562913787552,68.1564245798633,54.0,5.0,27.0,63.2,0,44022.0,44018.0,9.087191603434753e-05,-0.003271091726863767,0.000841675961597693,43979.0,43614.0,-0.002296550626435292,0.00605310221488499,1,-4.798983538178579e-05,43994.37567183601,43687.82432816399,0.006992327831008214,1,4484.253760123409,-5044.88094312708,43841.1,2.9204874476070564,0.5914518468907679,-0.0012973711164220303,1
2026-06-09 09:25:00,43880.0,43936.0,43880.0,43930.0,284,09:25:00,2026-06-09,1,0.001185104152422678,284,43880.425863955206,0.001129755125861583,13.084623406044557,0.4462237388630643,12.638399667181492,86.35714285714286,53.72424722543243,61.99999999876,50.0,6.0,0.0,72.0,0,44022.0,44018.0,9.087191603434753e-05,-0.0020898641588296286,0.0018369671683453517,43979.0,43614.0,-0.0011141681256963299,0.007245379923877488,1,0.0011305532006625528,44003.006401426006,43695.89359857399,0.007003800568810121,1,5231.077568134172,-3469.4868623789826,43849.45,4.106640323329482,0.6475148198799646,0.001185104152422678,-1
2026-06-09 09:26:00,43924.0,43955.0,43887.0,43887.0,387,09:26:00,2026-06-09,1,-0.0009788299567493608,387,43880.785507706976,0.00014162217519857697,15.098187003670319,3.3766163918245153,11.721570611845802,87.0,49.925261583409636,34.210526315114265,37.0,31.0,0.0,54.6,0,44022.0,44018.0,9.087191603434753e-05,-0.0030666484939347815,0.0008175384225954787,43979.0,43614.0,-0.002091907501307395,0.006259457972210615,1,0.00014171788637296065,44005.62196985713,43696.67803014287,0.007045287061211597,1,7681.713704206241,-3590.5937358740825,43851.15,3.2735053653548034,0.9129511677260842,-0.0009788299567493608,0
2026-06-09 09:27:00,43895.0,43958.0,43891.0,43955.0,266,09:27:00,2026-06-09,1,0.0015494337730990182,266,43881.237191810316,0.001680964642524906,21.928207634249702,7.086934640309552,14.84127299394015,85.85714285714286,53.47222222118249,73.61963190048553,60.0,3.0,4.0,48.4,1,44022.0,44018.0,9.087191603434753e-05,-0.001521966289582447,0.0023396667001121083,43979.0,43614.0,-0.0005457150003410595,0.007818590360893113,1,0.0016820700392608393,44009.9328202996,43694.867179700406,0.007184684090247813,1,5896.13212304589,3148.5246786828257,43852.4,2.577490072101957,0.6518808969473058,0.0015494337730990182,-1
2026-06-09 09:28:00,43956.0,44060.0,43953.0,44060.0,999,09:28:00,2026-06-09,1,0.002388806734159976,999,43885.60483755983,0.003973858013024481,35.405537670929334,12.75065524643351,22.654882424495824,89.14285714285714,58.53960395938174,80.0925925914802,104.0,0.0,3.0,61.0,1,44022.0,44018.0,9.087191603434753e-05,0.0008632047612557162,0.00454393112741015,44060.0,43614.0,0.0,0.010226074196358733,0,0.0039761144359338335,44043.00581593628,43678.39418406371,0.008312946028507542,0,19998.1553839164,28229.51413631851,43860.7,2.5655966038342557,2.3002532811367713,0.002388806734159976,0
2026-06-09 09:29:00,44063.0,44088.0,44023.0,44040.0,478,09:29:00,2026-06-09,1,-0.00045392646391284597,478,43887.97595960813,0.0034639109475402283,43.96577587436332,18.99367937201947,24.972096502343845,88.85714285714286,61.58854166554396,89.63730569808854,23.0,25.0,17.0,54.8,0,44022.0,44018.0,9.087191603434753e-05,0.00040888646585797087,0.0038419062966917913,44088.0,43614.0,-0.0010887316276537587,0.009767505846746235,0,0.0034652157699795417,44069.562647376515,43673.33735262348,0.00903150670317546,0,8720.43082021541,1352.1945180544842,43871.45,4.6292970651842955,1.0989768938933235,-0.00045392646391284597,0
2026-06-09 09:30:00,44044.0,44057.0,43964.0,43969.0,332,09:30:00,2026-06-09,1,-0.0016121707538601093,332,43889.05184853906,0.0018215966874117553,44.507663060809136,24.096476109777406,20.41118695103173,92.14285714285714,57.89473684111318,53.57142857060861,75.0,13.0,5.0,59.8,1,44022.0,44018.0,9.087191603434753e-05,-0.0012039434828040253,0.0020967705175831963,44088.0,43614.0,-0.0026991471602249434,0.008139588205621861,1,0.0018220970317237167,44079.69240371615,43674.30759628385,0.009239118614132551,0,5929.207148659626,56.096140526528686,43877.0,5.609727175707269,0.770122941311134,-0.0016121707538601093,1
2026-06-09 09:31:00,43970.0,43985.0,43876.0,43934.0,654,09:31:00,2026-06-09,1,-0.000796015374468384,654,43889.86690647482,0.0010055417488329392,41.63298592129286,27.6037780720805,14.029207849212355,91.85714285714286,59.2731829563536,0.0,36.0,15.0,58.0,59.6,0,44022.0,44018.0,9.087191603434753e-05,-0.0019990004997500798,0.0012408969554153551,44088.0,43614.0,-0.003493013972055809,0.007337093593799989,1,0.0010057781705870188,44083.83718175525,43675.26281824476,0.00931127059212045,0,10528.705020153902,-4735.161909672101,43879.55,4.297697027180556,1.4655462184841108,-0.000796015374468384,0
2026-06-09 09:32:00,43934.0,44000.0,43928.0,43970.0,267,09:32:00,2026-06-09,1,0.0008194109345835976,267,43890.45677722643,0.0018123124846320534,41.77809088695358,30.438640635055116,11.339450251898462,89.92857142857143,66.53594771120065,25.35211267552073,36.0,30.0,6.0,54.8,0,44022.0,44018.0,9.087191603434753e-05,-0.001181227568034138,0.001967703233436521,44088.0,43614.0,-0.0026764652513154904,0.008162516623102486,1,0.0018125935917721286,44091.904171621914,43675.39582837809,0.009491196453435767,0,4300.3626373626375,-5068.635109869019,43883.65,2.780851784019987,0.5957161981245076,0.0008194109345835976,-1
2026-06-09 09:33:00,43968.0,43998.0,43926.0,43935.0,247,09:33:00,2026-06-09,1,-0.0007959972708665441,247,43890.90186700472,0.001004721505356614,38.62365072173998,32.07564265239209,6.548008069347887,90.42857142857143,65.93264248585096,33.962264149982204,33.0,30.0,9.0,40.6,0,44022.0,44018.0,9.087191603434753e-05,-0.0019762845849801924,0.001135919553653056,44088.0,43614.0,-0.003470332063146356,0.0073600220112806135,1,0.0010048531905502524,44094.48103976348,43675.818960236524,0.009539948696243397,0,5486.322042467138,-746.9550229706646,43885.15,1.8574651867724448,0.5542466060797616,-0.0007959972708665441,1
2026-06-09 09:34:00,43934.0,44007.0,43920.0,43995.0,392,09:34:00,2026-06-09,1,0.0013656538067599033,392,43891.82991452992,0.0023505532959318997,40.498392464411154,33.760192614795905,6.738199849615249,90.64285714285714,68.55421686631354,73.28244274641338,61.0,12.0,14.0,48.2,1,44022.0,44018.0,9.087191603434753e-05,-0.0006133296987869563,0.0024197517362059264,44088.0,43614.0,-0.0021094175285791576,0.00873572706011811,1,0.0023507155691219776,44103.317917293745,43674.28208270626,0.009775519827096547,0,9115.243128964059,-1342.4840837350976,43888.8,2.108043496343969,0.8696616749842049,0.0013656538067599033,0
2026-06-09 09:35:00,43984.0,44001.0,43958.0,43978.0,113,09:35:00,2026-06-09,1,-0.00038640754631202867,113,43892.10964700537,0.001956851782367926,40.14956172190432,35.03806643621759,5.111495285686729,84.0,61.44244105289849,53.57142856999363,6.0,17.0,20.0,34.4,0,44022.0,44018.0,9.087191603434753e-05,-0.0009995002498750399,0.0019000059232798469,44088.0,43614.0,-0.002495009980039864,0.008345943962947487,1,0.001956740760700198,44112.315797357485,43676.88420264251,0.00991993536141037,0,2970.420800956366,-3092.627177185944,43894.6,2.4952345577446473,0.25226029690757396,-0.00038640754631202867,1
2026-06-09 09:36:00,43974.0,44040.0,43972.0,44030.0,224,09:36:00,2026-06-09,1,0.0011824093865113738,224,43892.88012529277,0.0031239662176602034,43.56686456783791,36.74382606254166,6.823038505296253,79.21428571428571,59.826589594165355,86.82170542433748,56.0,10.0,2.0,38.4,1,44022.0,44018.0,9.087191603434753e-05,0.00018172731815909815,0.0028676137308360403,44088.0,43614.0,-0.0013155507167482918,0.009538221671939984,0,0.003123167875146594,44128.2699543182,43679.930045681795,0.01021180046137827,0,7934.609814963797,4462.530186061938,43904.1,4.318089376474067,0.503427351386665,0.0011824093865113738,-1
2026-06-09 09:37:00,44036.0,44123.0,44029.0,44098.0,615,09:37:00,2026-06-09,1,0.001544401544401497,615,43896.129008099415,0.004598833575127607,51.17225153182517,39.629511156398365,11.542740375426803,78.07142857142857,61.33518775958457,87.59124087399435,62.0,25.0,7.0,43.6,1,44022.0,44018.0,9.087191603434753e-05,0.0017264095225114325,0.0040596816462771575,44123.0,43614.0,-0.000566597919452427,0.011097354060622483,0,0.004596365455606038,44152.52258887991,43686.877411120084,0.01060219395305105,0,17046.05279698303,8700.601350740164,43919.7,7.040520588394802,1.364998335364854,0.001544401544401497,0
2026-06-09 09:38:00,44095.0,44120.0,44061.0,44084.0,243,09:38:00,2026-06-09,1,-0.0003174747154065516,243,43897.41584240254,0.004250458803026585,55.430919363643625,42.78979279784742,12.641126565796206,76.14285714285714,65.2366863891815,89.55223880396525,11.0,25.0,23.0,39.2,0,44022.0,44018.0,9.087191603434753e-05,0.0014083867157330106,0.003321722288540201,44123.0,43614.0,-0.0008838927543457861,0.010776356215893733,0,0.004246527954642014,44161.257691808016,43714.84230819199,0.010160109144944203,0,6750.102079395085,12724.39674951711,43938.05,9.898711914450608,0.5632170587540545,-0.0003174747154065516,1
2026-06-09 09:39:00,44080.0,44130.0,44040.0,44092.0,475,09:39:00,2026-06-09,1,0.00018147173577709452,475,43899.86922309854,0.004376568320170838,58.773967729161086,45.986627784110155,12.787339945050931,78.42857142857143,62.816455694811026,84.44444444162963,12.0,38.0,40.0,29.4,0,44022.0,44018.0,9.087191603434753e-05,0.0015901140338921088,0.003043800701575585,44130.0,43614.0,-0.0008610922275096112,0.010959783555738732,0,0.0043707607886914355,44158.30902291182,43758.09097708818,0.009104513966077565,0,12541.137724550897,5805.613655884751,43958.2,12.322311583655866,1.1086474501082773,0.00018147173577709452,0
2026-06-09 09:40:00,44101.0,44145.0,44095.0,44143.0,334,09:40:00,2026-06-09,1,0.001156672412228943,334,43901.91979301423,0.005491336327030578,64.79175242887868,49.747652713063864,15.044099715814816,77.35714285714286,69.99999999846875,80.82191780489774,42.0,2.0,6.0,36.6,1,44022.0,44018.0,9.087191603434753e-05,0.0027486256871563594,0.0036834087446851213,44145.0,43684.0,-4.530524408200147e-05,0.010507279553154234,0,0.005481462608530089,44152.931442879926,43809.068557120074,0.007818441730743834,1,7796.806980433633,-5426.033772573093,43981.0,13.957290236500457,0.7941980739488903,0.001156672412228943,-1
2026-06-09 09:41:00,44140.0,44194.0,44137.0,44193.0,464,09:41:00,2026-06-09,1,0.0011326824185033946,464,43905.28847245883,0.006553003921649246,72.75677745083522,54.349477660618135,18.40729979021708,76.35714285714286,69.13183279587163,99.99999999724771,53.0,1.0,3.0,36.0,1,44022.0,44018.0,9.087191603434753e-05,0.003884421425650723,0.004386363636363537,44194.0,43784.0,-2.262750599628858e-05,0.009341311894755863,0,0.006538898353208276,44177.65252897388,43822.34747102612,0.008075114953357925,1,9622.502111684655,4255.343102229029,44000.0,14.099396764307265,1.1161895597760014,0.0011326824185033946,0
2026-06-09 09:42:00,44191.0,44228.0,44164.0,44190.0,502,09:42:00,2026-06-09,1,-6.788405403568287e-05,502,43909.09549076263,0.006397410515925105,77.92872836603055,59.065327801700626,18.86340056432993,73.28571428571429,62.499999998317314,97.11538461258321,1.0,37.0,26.0,23.8,0,44022.0,44018.0,9.087191603434753e-05,0.003816273681341061,0.003980479293328451,44228.0,43851.0,-0.0008591842271863784,0.007730724498871001,0,0.0063820467033217105,44204.20082809329,43825.39917190671,0.008606233725623474,1,10992.755203171457,-1234.642785517204,44014.8,12.87586843865441,1.2064407594299291,-6.788405403568287e-05,0
2026-06-09 09:43:00,44187.0,44212.0,44143.0,44148.0,406,09:43:00,2026-06-09,1,-0.0009504412763068348,406,43911.823942197734,0.005378416030114011,77.74232263445447,62.8007267682514,14.941595866203066,73.57142857142857,59.96309962944744,52.63157894570637,39.0,25.0,5.0,29.4,1,44022.0,44018.0,9.087191603434753e-05,0.002862205261005796,0.0027836172032313163,44228.0,43851.0,-0.001808808899339744,0.006772935622904683,0,0.005364534781637905,44219.84566271511,43831.054337284884,0.00883105852251861,0,8218.28885832187,540.5826756337065,44025.45,10.106636956867076,1.0217692210871478,-0.0009504412763068348,0
2026-06-09 09:44:00,44153.0,44157.0,44025.0,44040.0,530,09:44:00,2026-06-09,1,-0.0024463169339494772,530,43914.027534225504,0.0028686156303088534,68.09494124778575,63.85956966415827,4.235371583627483,76.35714285714286,56.131260793116,0.0,113.0,4.0,15.0,49.6,1,44022.0,44018.0,9.087191603434753e-05,0.00040888646585797087,0.00014647921868659108,44228.0,43876.0,-0.004250700913448398,0.0037378065457196706,0,0.0028608292035162425,44215.156254234826,43851.94374576518,0.008248540226023955,1,10438.819320214669,848.3419375286555,44033.55,7.625000000000662,1.2907939600553073,-0.0024463169339494772,0
2026-06-09 09:45:00,44038.0,44106.0,44023.0,44091.0,256,09:45:00,2026-06-09,1,0.0011580381471389956,256,43915.06625575195,0.004006227457871564,63.828816899280355,63.85341911118269,-0.024602211902333693,74.5,63.19327730943747,25.3731343279795,53.0,15.0,15.0,51.8,1,44022.0,44018.0,9.087191603434753e-05,0.0015673981191222216,0.0011216667877643033,44228.0,43876.0,-0.0030975852401193115,0.004900173215425178,0,0.003994717363766131,44218.08068329769,43865.11931670231,0.008014272110808242,1,5230.443002780352,-5241.9180577483,44041.6,6.088861019474275,0.6256109481900646,0.0011580381471389956,-1
2026-06-09 09:46:00,44093.0,44148.0,44077.0,44123.0,252,09:46:00,2026-06-09,1,0.00072577169943977,252,43916.347707985355,0.004705589212216408,62.31172441085073,63.5450801711163,-1.2333557602655674,74.42857142857143,62.94416243505716,43.45549738151641,30.0,25.0,16.0,47.2,0,44022.0,44018.0,9.087191603434753e-05,0.002294307391758614,0.0015799007568087133,44228.0,43876.0,-0.002374061680383414,0.0056295013219070655,0,0.004690949892962647,44217.48008313781,43889.319916862194,0.007449145043869652,1,5713.769784172662,-3047.4945786471385,44053.4,6.348600638949599,0.6261647409600543,0.00072577169943977,-1
2026-06-09 09:47:00,44131.0,44169.0,44090.0,44169.0,242,09:47:00,2026-06-09,1,0.0010425401717923943,242,43917.72534124828,0.005721486183523045,64.08252973289927,63.652570083472895,0.42995964942637954,74.92857142857143,69.43521594522909,99.99999999767442,38.0,0.0,41.0,54.6,0,44022.0,44018.0,9.087191603434753e-05,0.0033392394711734288,0.002380622774548875,44228.0,43876.0,-0.0013339965632630612,0.006677910474974778,0,0.005702480222033628,44229.07004512273,43899.129954877266,0.007487730153241708,1,6339.797153024911,-3926.7105229535327,44064.1,6.937891675778045,0.6031152647960047,0.0010425401717923943,-1
2026-06-09 09:48:00,44163.0,44219.0,44158.0,44219.0,227,09:48:00,2026-06-09,1,0.001132015667096864,227,43919.32036115349,0.006823412484123209,68.72823156945378,64.66770238066907,4.060529188784713,73.07142857142857,68.91891891728908,99.99999999765625,56.0,0.0,5.0,58.0,0,44022.0,44018.0,9.087191603434753e-05,0.004475035209667792,0.0033343127900788312,44228.0,43876.0,-0.0002034910011757212,0.007817485641352727,0,0.006799766265615087,44250.92658197005,43893.17341802995,0.008117461382896655,1,6660.7252820172525,2734.5337258748527,44072.05,6.913917750491437,0.6259478836326322,0.001132015667096864,-1
2026-06-09 09:49:00,44213.0,44244.0,44197.0,44231.0,228,09:49:00,2026-06-09,1,0.0002713765575883542,228,43921.04792221034,0.007057028291734255,72.54206370272004,66.24257464507926,6.299489057640784,73.35714285714286,71.55025553492044,99.99999999722222,18.0,13.0,16.0,39.0,0,44022.0,44018.0,9.087191603434753e-05,0.0047476261869064396,0.00338916917716231,44244.0,43876.0,-0.000293825151432956,0.008090983681283434,0,0.007031325491580488,44273.21298713935,43889.98701286065,0.008693558633958171,1,8369.019087136929,4647.105857011246,44081.6,6.40132203189699,0.6511495073521316,0.0002713765575883542,-1
2026-06-09 09:50:00,44232.0,44234.0,44181.0,44217.0,176,09:50:00,2026-06-09,1,-0.000316520087721317,176,43922.31003375674,0.006709345797540479,73.58660951991624,67.71138162004667,5.8752278998695715,72.28571428571429,67.03096538991178,81.57894736520083,15.0,2.0,36.0,31.4,0,44022.0,44018.0,9.087191603434753e-05,0.0044296033801280174,0.002789495169410741,44244.0,43876.0,-0.0006102522375915241,0.0077719026346976085,0,0.0066832214415397965,44287.024677992675,43900.975322007325,0.008755144826628128,1,6917.504,911.2386927071441,44094.0,6.785569204863246,0.5140937636906262,-0.000316520087721317,1
2026-06-09 09:51:00,44217.0,44222.0,44184.0,44201.0,258,09:51:00,2026-06-09,1,-0.00036185177646608224,258,43924.08752204043,0.006304342186291667,72.2900387553891,68.62711304711516,3.6629257082739457,68.28571428571429,60.362173036529036,28.57142856938775,16.0,5.0,17.0,28.6,0,44022.0,44018.0,9.087191603434753e-05,0.004066148743809821,0.0021232288949574016,44244.0,43920.0,-0.0009718831932013162,0.006397996357012606,0,0.006278148153529217,44290.45914202506,43924.24085797494,0.008302885665316798,1,10082.98673740053,5137.971182541878,44107.35,8.009611533839617,0.7998759882164009,-0.00036185177646608224,1
2026-06-09 09:52:00,44195.0,44227.0,44193.0,44203.0,196,09:52:00,2026-06-09,1,4.524784507142776e-05,196,43925.44844641414,0.00631869595877761,70.60993301388226,69.02367704046858,1.586255973413671,66.5,62.26804123531597,6.249999999414058,8.0,24.0,2.0,22.6,0,44022.0,44018.0,9.087191603434753e-05,0.004111580573349595,0.001903941612457175,44244.0,43920.0,-0.0009266793237500921,0.006443533697631912,0,0.006290975624693473,44294.818087802254,43943.181912197746,0.007970175561651445,1,7985.058064516129,-458.78856126752373,44119.0,8.484265543900733,0.6144200626939987,4.524784507142776e-05,-1
2026-06-09 09:53:00,44200.0,44231.0,44193.0,44229.0,163,09:53:00,2026-06-09,1,0.0005881953713549049,163,43926.61007869151,0.006883980365586376,70.56301332452131,69.33154429727914,1.23146902724217,62.785714285714285,63.61829025667861,63.63636363202479,29.0,2.0,7.0,17.2,1,44022.0,44018.0,9.087191603434753e-05,0.004702194357366665,0.0021593476187131548,44244.0,43920.0,-0.00033902902088418004,0.0070355191256829,0,0.006851678452259408,44293.14258164172,43974.25741835828,0.007225434606285764,1,7061.045053868756,207.50411401100243,44133.7,9.003492538666732,0.5177890724252929,0.0005881953713549049,-1
2026-06-09 09:54:00,44230.0,44236.0,44155.0,44155.0,272,09:54:00,2026-06-09,1,-0.001673110402676925,272,43928.293043576574,0.005160841469495052,63.81898207701306,68.22903185322592,-4.410049776212858,64.78571428571429,51.14068440928522,27.45098039134949,75.0,6.0,0.0,28.6,1,44022.0,44018.0,9.087191603434753e-05,0.0030212166643950066,0.0003013023966000995,44244.0,43958.0,-0.002011572190579468,0.004481550570999489,0,0.005135890924532155,44287.29511269474,43996.10488730526,0.006596715246342436,1,11277.145539906103,1184.3304306611005,44141.7,7.7878176766454,0.880829015541189,-0.001673110402676925,0
2026-06-09 09:55:00,44154.0,44170.0,44146.0,44158.0,189,09:55:00,2026-06-09,1,6.794247537089682e-05,189,43929.340061899595,0.00520517580683438,58.04723130386992,66.19267174335472,-8.145440439484801,62.42857142857143,46.34655532223621,28.155339805005184,4.0,12.0,8.0,26.4,0,44022.0,44018.0,9.087191603434753e-05,0.0030893644087046685,0.00016534279184707707,44244.0,43972.0,-0.0019437663864026323,0.0042299645228780994,0,0.005179078431381612,44274.27669682633,44027.12330317366,0.005597949605615831,1,7741.987012987013,-304.40736881960936,44150.7,7.18511298986765,0.6046065259097742,6.794247537089682e-05,-1
2026-06-09 09:56:00,44165.0,44174.0,44103.0,44154.0,257,09:56:00,2026-06-09,1,-9.058381267268434e-05,257,43930.660275154594,0.005083914592827383,52.544609116324864,63.463059217948754,-10.91845010162389,62.92857142857143,46.24999999865104,3.703703703566518,11.0,9.0,51.0,25.4,0,44022.0,44018.0,9.087191603434753e-05,0.0029985007496251197,-6.567490018550645e-05,44244.0,44023.0,-0.0020341741253050803,0.0029757172387160583,0,0.005057866943680391,44266.64784495472,44047.15215504528,0.004970812939980718,1,10536.284122562674,4921.706407736104,44156.9,5.256753909145249,0.8178202068390842,-9.058381267268434e-05,0
2026-06-09 09:57:00,44154.0,44210.0,44145.0,44198.0,243,09:57:00,2026-06-09,1,0.0009965122072745913,243,43932.129179077805,0.006051853754650412,51.14461043244228,60.99936946084746,-9.854759028405184,62.642857142857146,55.186721990098306,92.15686273967705,44.0,12.0,9.0,32.6,1,44022.0,44018.0,9.087191603434753e-05,0.0039980009995001595,0.0008174467131169114,44244.0,44023.0,-0.001039688997378152,0.003975194784544353,0,0.006020366445333851,44269.43878124758,44054.36121875242,0.004870206274982711,1,9555.2615658363,-1526.8792692056904,44161.9,4.576171737836188,0.8219178082163981,0.0009965122072745913,0
2026-06-09 09:58:00,44198.0,44210.0,44164.0,44164.0,170,09:58:00,2026-06-09,1,-0.0007692655776279089,170,43933.12656144931,0.005255110587855894,46.75265009114082,58.15002558690613,-11.39737549576531,56.5,65.19607842913544,53.65853658340273,34.0,12.0,0.0,33.6,1,44022.0,44018.0,9.087191603434753e-05,0.003225659897323992,-4.3019614680135854e-05,44244.0,44023.0,-0.0018081547780489603,0.003202871226404307,0,0.005227413877011117,44266.99693107224,44064.803068927766,0.004578053705335268,1,6638.267020335986,-1425.62883507756,44165.9,3.442754022021025,0.5821917808199241,-0.0007692655776279089,1
2026-06-09 09:59:00,44162.0,44195.0,44147.0,44168.0,166,09:59:00,2026-06-09,1,9.05715062040624e-05,166,43934.056113724655,0.005324887045934678,43.097950107607176,55.13961049104634,-12.041660383439165,54.0,60.664819942245686,58.53658536371207,6.0,27.0,15.0,19.8,0,44022.0,44018.0,9.087191603434753e-05,0.0033165235564035413,-3.848792271618443e-05,44244.0,44023.0,-0.0017177470391465121,0.0032937328214796063,0,0.00529647894994396,44264.62623173934,44074.77376826065,0.004298251142269109,1,7153.061463414634,-3211.0207164052445,44169.7,2.8987542150820444,0.6002531187828594,9.05715062040624e-05,-1
2026-06-09 10:00:00,44165.0,44230.0,44165.0,44207.0,179,10:00:00,2026-06-09,1,0.0008829922115558553,179,43935.1795433145,0.006186852074145089,42.854547555180034,52.68259790387308,-9.828050348693047,53.57142857142857,61.4130434759245,55.8441558419801,42.0,23.0,0.0,27.4,1,44022.0,44018.0,9.087191603434753e-05,0.004202444232429145,0.0007719665224605532,44244.0,44023.0,-0.0008362715848476441,0.004179633373463777,0,0.0061535569701217764,44268.349959326326,44077.45004067368,0.00432165238534587,1,7796.111330049261,-1841.027818722065,44172.9,2.490834859913183,0.6659226190451416,0.0008829922115558553,-1
2026-06-09 10:01:00,44204.0,44237.0,44177.0,44194.0,244,10:01:00,2026-06-09,1,-0.00029407107471668414,244,43936.70718253597,0.005855987714215784,41.138439600370475,50.37376624317256,-9.235326642802086,52.214285714285715,53.731343281336606,76.78571428160078,10.0,33.0,17.0,27.2,0,44022.0,44018.0,9.087191603434753e-05,0.00390713734042061,0.0004765359795984293,44244.0,44023.0,-0.0011300967362806002,0.003884333189469053,0,0.005824669112296712,44268.44532917003,44077.45467082997,0.0043237016848558804,1,10761.812375249501,6211.77988514359,44172.95,1.5962541236554977,0.946470131881511,-0.00029407107471668414,0
2026-06-09 10:02:00,44194.0,44216.0,44181.0,44190.0,106,10:02:00,2026-06-09,1,-9.051002398519081e-05,106,43937.34808156276,0.00575027691630872,39.00600813035271,48.1002146206086,-9.094206490255885,50.357142857142854,44.98269895975862,69.64285713912628,4.0,22.0,9.0,19.2,0,44022.0,44018.0,9.087191603434753e-05,0.003816273681341061,0.00038598282433033174,44244.0,44023.0,-0.0012205044751830482,0.0037934715943937535,0,0.005719607099757468,44268.44532917003,44077.45467082997,0.0043237016848558804,1,5415.190751445087,-2429.5481324439024,44172.95,0.7357985225165667,0.4453781512586329,-9.051002398519081e-05,1
2026-06-09 10:03:00,44194.0,44251.0,44185.0,44238.0,242,10:03:00,2026-06-09,1,0.0010862186014934938,242,43938.962380819714,0.006805750590751674,40.71984662957402,46.62414102240168,-5.9042943928276586,51.714285714285715,51.07692307472284,73.84615384274557,44.0,13.0,9.0,21.2,1,44022.0,44018.0,9.087191603434753e-05,0.00490663759029565,0.0013706087608044725,44251.0,44023.0,-0.00029377867166843026,0.004883810735297348,0,0.006769010415501107,44276.41405513665,44078.48594486334,0.00448029730718507,1,11425.395944503734,4655.249855739992,44177.45,1.0300433070945385,1.0530896431633896,0.0010862186014934938,0
2026-06-09 10:04:00,44244.0,44257.0,44209.0,44238.0,216,10:04:00,2026-06-09,1,0.0,216,43940.43789656872,0.0067719421488630326,41.598553754265595,45.619023568774466,-4.020469814508871,51.357142857142854,53.376205785378566,92.30769230236686,6.0,13.0,29.0,21.2,0,44022.0,44018.0,9.087191603434753e-05,0.00490663759029565,0.001146255659142273,44257.0,44023.0,-0.0004293106175294207,0.004883810735297348,0,0.006734101579553249,44265.93558859885,44108.76441140115,0.003556926975654691,1,9681.26443768997,-1004.0575879622508,44187.35,3.2599135896519154,1.0088743577720278,0.0,0
2026-06-09 10:05:00,44235.0,44248.0,44215.0,44221.0,110,10:05:00,2026-06-09,1,-0.0003842850038427992,110,43941.16677419851,0.0063683612963550025,40.4568165584642,44.58658216671241,-4.1297656082482135,51.0,53.205128202740795,73.84615384274557,14.0,13.0,6.0,15.6,0,44022.0,44018.0,9.087191603434753e-05,0.004520467039207566,0.0006143388729427476,44257.0,44077.0,-0.000813430643739955,0.003267010005218067,0,0.006331949486217793,44259.28546437979,44128.414535620206,0.002961292776247868,1,5298.812636165578,-214.91046321582053,44193.85,4.7314023627585335,0.5319148936144491,-0.0003842850038427992,1
2026-06-09 10:06:00,44222.0,44233.0,44195.0,44226.0,209,10:06:00,2026-06-09,1,0.00011306845164060775,209,43942.49358283456,0.006451759880922608,39.50010717076657,43.56928716752325,-4.069179996756681,51.285714285714285,53.65079364840917,22.72727272417356,4.0,7.0,27.0,14.4,0,44022.0,44018.0,9.087191603434753e-05,0.004634046613057003,0.000610873549175307,44257.0,44090.0,-0.000700454165442739,0.00308459968246761,0,0.006414317454363927,44256.71436014573,44141.28563985427,0.0026115685941187346,1,10467.988674971688,-837.9641932607279,44199.0,4.878054301459888,1.0212558025847973,0.00011306845164060775,0
2026-06-09 10:07:00,44226.0,44244.0,44185.0,44201.0,159,10:07:00,2026-06-09,1,-0.0005652783430560859,159,43943.465422169415,0.005860588721358644,36.306102867922164,42.11665030760303,-5.810547439680867,52.785714285714285,45.541401271854845,10.63829787166138,25.0,18.0,16.0,18.6,1,44022.0,44018.0,9.087191603434753e-05,0.004066148743809821,9.049650909748877e-06,44257.0,44103.0,-0.001265336556928819,0.0022220710609255102,0,0.00582649506636968,44256.56013617494,44144.639863825054,0.0025320984862170818,1,7508.503205128205,-2244.2948920009085,44200.6,2.9985957519516333,0.7930174563551471,-0.0005652783430560859,1
2026-06-09 10:08:00,44196.0,44268.0,44188.0,44227.0,313,10:08:00,2026-06-09,1,0.0005882219859278948,313,43945.483503104275,0.006406039357283045,35.46400715636992,40.78612167735641,-5.322114520986496,52.714285714285715,63.53383458312228,55.3571428541773,31.0,41.0,8.0,16.0,1,44022.0,44018.0,9.087191603434753e-05,0.00465676252782689,0.0005882219859279069,44268.0,44103.0,-0.0009261769223818351,0.0028116001179057477,0,0.006369007418287342,44257.62433918456,44144.37566081544,0.0025621293266919376,1,13746.823237338629,15943.214416591172,44201.0,1.6178721699968335,1.5283203124925375,0.0005882219859278948,0
2026-06-09 10:09:00,44230.0,44237.0,44200.0,44229.0,174,10:09:00,2026-06-09,1,4.5221244940885086e-05,174,43946.57074849916,0.006426650514260681,34.55964148884232,39.54082563965359,-4.9811841508112735,53.642857142857146,63.396226411745104,52.8301886762549,1.0,7.0,29.0,15.0,0,44022.0,44018.0,9.087191603434753e-05,0.004702194357366665,0.0006357336615317315,44268.0,44103.0,-0.0008809975603144285,0.0028569485069042276,0,0.00638967196371195,44257.30791283315,44144.49208716685,0.0025523422750735486,1,7974.969948186528,-2381.5642184881353,44200.9,0.429873979049629,0.8609599208270117,4.5221244940885086e-05,0
2026-06-09 10:10:00,44224.0,44275.0,44223.0,44269.0,190,10:10:00,2026-06-09,1,0.0009043840014471005,190,43947.892176495734,0.00730655800771246,36.64813401156425,38.96228731403573,-2.3141533024714747,52.285714285714285,69.1029900300085,99.99999999558824,45.0,6.0,1.0,21.2,1,44022.0,44018.0,9.087191603434753e-05,0.005610830948162155,0.0014817831167214931,44275.0,44103.0,-0.00013551665725578465,0.0037639162868738237,0,0.007264307656729869,44267.33696337825,44139.66303662175,0.0028883216658521635,1,8048.909090909091,719.7251849234026,44203.5,0.6560996909547506,0.9368836291867018,0.0009043840014471005,0
2026-06-09 10:11:00,44269.0,44277.0,44228.0,44240.0,173,10:11:00,2026-06-09,1,-0.0006550859517947538,173,43949.05714691292,0.0066200021564628495,35.55338446085807,38.280506743400196,-2.727122282542126,51.142857142857146,57.34265733985036,59.15492957496529,29.0,8.0,12.0,26.2,1,44022.0,44018.0,9.087191603434753e-05,0.004952069419835425,0.0007815778371219416,44277.0,44103.0,-0.0008356483049890274,0.0031063646463958664,0,0.0065816059577964384,44271.31581254172,44139.58418745828,0.002979986066954144,1,7585.252725470763,-4482.177740623033,44205.45,1.0067645528375126,0.8713170485979788,-0.0006550859517947538,0
2026-06-09 10:12:00,44247.0,44255.0,44214.0,44249.0,135,10:12:00,2026-06-09,1,0.0002034358047016127,135,43949.93282086807,0.006804724374684927,35.00845664237568,37.62609672319529,-2.617640080819612,50.785714285714285,66.28352490065913,62.820512818096645,2.0,6.0,33.0,21.6,0,44022.0,44018.0,9.087191603434753e-05,0.0051565126527644105,0.0009330943103867325,44277.0,44103.0,-0.0006323825010727775,0.003310432396889026,0,0.006765039594458575,44276.408958848835,44139.091041151165,0.003106195581038776,1,6064.583756345178,-2395.4776058758234,44207.75,1.5497421998191314,0.6905370843954448,0.0002034358047016127,-1
2026-06-09 10:13:00,44253.0,44282.0,44239.0,44271.0,243,10:13:00,2026-06-09,1,0.0004971863770932838,243,43951.6290097939,0.007266419866597619,35.93754787698708,37.28838695395365,-1.3508390769665652,50.42857142857143,68.45878135857195,51.66666666408334,18.0,11.0,14.0,19.0,0,44022.0,44018.0,9.087191603434753e-05,0.00565626277770193,0.001383175921203082,44282.0,44103.0,-0.0002484079309877547,0.0038092646758723036,0,0.00722397814527972,44283.624264509344,44136.07573549065,0.003337458259159176,1,11757.216393442623,4607.2172770865445,44209.85,1.4365378307144332,1.2180451127758494,0.0004971863770932838,0
2026-06-09 10:14:00,44273.0,44349.0,44252.0,44342.0,577,10:14:00,2026-06-09,1,0.001603758668202726,577,43956.22141274056,0.008776427428487157,41.91974131861207,38.214657826885336,3.7050834917267323,52.714285714285715,71.70418006108085,99.99999999705882,69.0,7.0,21.0,32.6,1,44022.0,44018.0,9.087191603434753e-05,0.007269092726363926,0.0027770742121069614,44349.0,44103.0,-0.00015783895916480288,0.005419132485318337,0,0.00872423262427703,44309.29842570455,44129.10157429545,0.004075081670611286,0,19412.241274658572,15592.08239624447,44219.2,3.1104761969395174,2.68684516878842,0.001603758668202726,0
2026-06-09 10:15:00,44337.0,44350.0,44307.0,44312.0,245,10:15:00,2026-06-09,1,-0.0006765594695773425,245,43958.18275275013,0.008048950732107466,43.735764769233356,39.31887921535494,4.416885553878416,51.5,67.98780487514685,75.60975609571685,25.0,13.0,5.0,28.6,0,44022.0,44018.0,9.087191603434753e-05,0.006587615283267308,0.001924168322898431,44350.0,44103.0,-0.0008568207440811532,0.00473890665034114,0,0.008000046289698396,44321.20052742348,44132.59947257652,0.004264396890737531,0,7907.093954843409,3038.1478309545523,44226.9,4.331819647007924,1.126177890135021,-0.0006765594695773425,0
2026-06-09 10:16:00,44313.0,44318.0,44244.0,44257.0,418,10:16:00,2026-06-09,1,-0.001241198772341523,418,43961.02900462863,0.006732576604159991,40.27269750383857,39.50964287305167,0.7630546307869039,54.285714285714285,58.83905012975265,45.512820511945264,56.0,5.0,13.0,34.0,1,44022.0,44018.0,9.087191603434753e-05,0.005338239970923508,0.0005640706229984034,44350.0,44145.0,-0.002096956031567033,0.002537093668592082,0,0.00669132439874167,44320.666203809575,44143.43379619043,0.004006877538326609,0,11433.514215080346,-275.32212347713175,44232.05,5.021505388506038,1.8528368794244112,-0.001241198772341523,0
2026-06-09 10:17:00,44255.0,44314.0,44250.0,44290.0,198,10:17:00,2026-06-09,1,0.0007456447567615321,198,43962.40909286699,0.00745161409241685,39.732998677638534,39.55431403396904,0.17868464366949155,54.142857142857146,57.142857140659345,27.966101694204255,35.0,24.0,5.0,40.6,0,44022.0,44018.0,9.087191603434753e-05,0.006087865158329788,0.001206013565674556,44350.0,44147.0,-0.0013528748590755052,0.0032391782001041244,0,0.007405418519101296,44327.35083849637,44145.94916150363,0.004100710089772534,0,5216.78762641285,-7312.6299263429055,44236.65,3.9462495929379924,0.8865010073835393,0.0007456447567615321,0
2026-06-09 10:18:00,44291.0,44360.0,44291.0,44322.0,251,10:18:00,2026-06-09,1,0.000722510724768588,251,43964.35504716207,0.008134884554868703,41.41006656391983,39.9254645399592,1.4846020239606261,55.714285714285715,60.60606060391797,54.16666666531251,31.0,38.0,0.0,43.2,0,44022.0,44018.0,9.087191603434753e-05,0.00681477443096618,0.001750498083944697,44360.0,44147.0,-0.0008566275924255894,0.00396402926586169,0,0.00808336739412928,44336.12677250183,44152.97322749817,0.0041395730096397566,0,6586.632326820604,-1669.9708332338325,44244.55,3.990783889443179,1.1037818821411443,0.000722510724768588,0
2026-06-09 10:19:00,44324.0,44347.0,44319.0,44330.0,119,10:19:00,2026-06-09,1,0.00018049726997881876,119,43965.28983091891,0.0082954114594417,42.8902756877651,40.51842676952038,2.3718489182447158,55.357142857142854,64.08268733618306,99.9999999958904,6.0,17.0,5.0,30.6,0,44022.0,44018.0,9.087191603434753e-05,0.006996501749125279,0.001747917921299556,44360.0,44165.0,-0.0006762849413886232,0.003735990037359816,0,0.008241544157944902,44344.37562058876,44160.92437941124,0.004145542496946898,0,4285.353371242892,-6251.936814325482,44252.65,4.657256446399962,0.5287713841345089,0.00018049726997881876,-1
2026-06-09 10:20:00,44331.0,44347.0,44300.0,44306.0,167,10:20:00,2026-06-09,1,-0.0005413940897811553,167,43966.54271966616,0.007720809036503829,41.646675705735106,40.744076556763325,0.9025991489717811,56.0,59.852216746704606,62.49999999707031,25.0,16.0,6.0,30.6,0,44022.0,44018.0,9.087191603434753e-05,0.006451319794647984,0.001093597483821996,44360.0,44177.0,-0.0012173128944995219,0.002920071530434323,0,0.007670033628887021,44349.637520945944,44165.56247905405,0.004159173608417231,0,6417.26105810928,2301.1736679069986,44257.6,4.735892071392632,0.7440409890811137,-0.0005413940897811553,1
2026-06-09 10:21:00,44307.0,44320.0,44280.0,44283.0,173,10:21:00,2026-06-09,1,-0.0005191170496094966,173,43967.745633759,0.007170128049479505,38.36298140978033,40.26785752736673,-1.9048761175863973,54.642857142857146,60.1485148494008,14.545454544661155,24.0,13.0,3.0,24.2,0,44022.0,44018.0,9.087191603434753e-05,0.0059288537549405775,0.0004733174355909095,44360.0,44181.0,-0.0017357980162307997,0.002308684728729492,0,0.00712245289680427,44349.63869188482,44174.461308115184,0.003957733177058774,0,8437.179515418502,2809.5498530599857,44262.05,3.955289408526022,0.7831598008113031,-0.0005191170496094966,1
2026-06-09 10:22:00,44280.0,44311.0,44274.0,44304.0,234,10:22:00,2026-06-09,1,0.0004742226136440486,234,43969.368597320725,0.007610557380158932,37.02831515043363,39.619949051980115,-2.591633901546487,51.57142857142857,59.649122804924595,30.882352939814027,24.0,7.0,6.0,22.0,1,44022.0,44018.0,9.087191603434753e-05,0.00640588796510821,0.0008188805620344197,44360.0,44185.0,-0.0012623985572587633,0.0026932216815660818,0,0.007559259340699892,44350.28834833641,44185.21165166359,0.0037290509834545997,0,10982.135593220339,15627.141198941927,44267.75,3.4122250305910593,1.029476462819932,0.0004742226136440486,0
2026-06-09 10:23:00,44304.0,44305.0,44235.0,44236.0,238,10:23:00,2026-06-09,1,-0.001534850126399423,238,43970.814662354205,0.006030939833207782,30.136159931287693,37.72319122784163,-7.587031296553938,53.92857142857143,50.75268817051497,18.74999999949776,68.0,1.0,1.0,29.4,1,44022.0,44018.0,9.087191603434753e-05,0.004861205760755875,-0.0007149690575397777,44360.0,44185.0,-0.002795311091072976,0.0011542378635283207,0,0.005990499555449382,44350.3448098594,44184.9551901406,0.0037361282950144586,0,11308.45112781955,7621.927837156373,44267.65,2.2707964281847435,1.0479964773181507,-0.001534850126399423,0
2026-06-09 10:24:00,44237.0,44266.0,44193.0,44266.0,319,10:24:00,2026-06-09,1,0.0006781806673297197,319,43972.61721569691,0.006671942742547355,26.78605359228095,35.5357637007295,-8.749710108448546,55.42857142857143,49.67032966880135,42.857142856062424,29.0,0.0,44.0,34.0,0,44022.0,44018.0,9.087191603434753e-05,0.0055426832038524936,-6.889689297608243e-05,44360.0,44185.0,-0.0021190261496843526,0.001833201312662627,0,0.0066272663249625175,44350.571001483964,44187.52899851604,0.0036829794849430678,0,12485.28205128205,4797.933395236944,44269.05,1.5814902382515044,1.373519913879985,0.0006781806673297197,0
2026-06-09 10:25:00,44261.0,44289.0,44250.0,44260.0,120,10:25:00,2026-06-09,1,-0.00013554421000316896,120,43973.35069610638,0.006518705064678906,23.37743975297053,33.1040989111777,-9.72665915820717,54.714285714285715,52.31481481311943,28.846153845321737,1.0,28.0,10.0,29.2,0,44022.0,44018.0,9.087191603434753e-05,0.00540638771523317,-0.00024846965282012497,44360.0,44185.0,-0.0022542831379620772,0.0016974086228357657,0,0.006474877547234316,44349.49103199732,44192.50896800268,0.0035459344490668277,0,4899.630996309963,-5538.544434531769,44271.0,0.7341687797550136,0.5155746509107817,-0.00013554421000316896,1
2026-06-09 10:26:00,44257.0,44278.0,44245.0,44253.0,98,10:26:00,2026-06-09,1,-0.00015815634884774887,98,43973.93138944847,0.006346228361526098,19.88205922641646,30.459690974225452,-10.577631747808994,54.142857142857146,50.465116277426716,69.76744185559762,4.0,21.0,8.0,25.2,0,44022.0,44018.0,9.087191603434753e-05,0.005247376311843959,-0.0004370673795269081,44360.0,44185.0,-0.002412082957619423,0.0015389838180377609,0,0.006303451489508026,44348.47531219402,44196.224687805974,0.0034389551127971627,1,4298.11100099108,-6199.204513147306,44272.35,1.0617234029809781,0.43133802816711564,-0.00015815634884774887,1
2026-06-09 10:27:00,44256.0,44256.0,44224.0,44235.0,152,10:27:00,2026-06-09,1,-0.0004067520846043893,152,43974.763410140156,0.005917862193656048,15.481039620419324,27.46396070346423,-11.982921083044907,53.357142857142854,45.77464788581961,0.0,21.0,0.0,11.0,24.6,0,44022.0,44018.0,9.087191603434753e-05,0.004838489845985988,-0.0008820065026805099,44360.0,44188.0,-0.002817853922452597,0.0010636371865664646,0,0.005877858245627807,44344.79483428275,44203.305165717255,0.0031957697243756443,1,7253.203883495145,-4190.596693207784,44274.05,1.129457261901938,0.6700462860891777,-0.0004067520846043893,1
2026-06-09 10:28:00,44232.0,44265.0,44228.0,44241.0,262,10:28:00,2026-06-09,1,0.00013563919972869876,262,43976.21949277601,0.0060209929429582525,12.33515771121165,24.438200105013717,-12.103042393802067,49.07142857142857,36.01108033101343,19.35483870780436,9.0,24.0,4.0,12.8,0,44022.0,44018.0,9.087191603434753e-05,0.004974785334605312,-0.0007622855013297476,44360.0,44193.0,-0.002682596934174872,0.0010861448645712877,0,0.005980395309380347,44343.79117763533,44205.70882236467,0.003118760812215854,1,12188.372239747634,14876.10240225643,44274.75,0.8470556346140814,1.1680784663345158,0.00013563919972869876,0
2026-06-09 10:29:00,44244.0,44300.0,44240.0,44299.0,264,10:29:00,2026-06-09,1,0.0013110011075698758,264,43977.86011728003,0.007302308067367175,14.356644446597784,22.42188897333053,-8.065244526732748,50.285714285714285,48.32904884144831,78.04878048494943,55.0,1.0,4.0,18.0,1,44022.0,44018.0,9.087191603434753e-05,0.006292308391258774,0.0004686273734847139,44360.0,44193.0,-0.0013751127141568673,0.0023985699092615937,0,0.007252768181216718,44344.569402565525,44211.930597434475,0.0029955746925645573,1,13052.38392857143,20367.721833060492,44278.25,1.332660226981729,1.1538461538411109,0.0013110011075698758,0
2026-06-09 10:30:00,44294.0,44299.0,44262.0,44293.0,159,10:30:00,2026-06-09,1,-0.0001354432379963022,159,43978.85591709534,0.007143070831511604,15.298189388042374,20.997149056272903,-5.698959668230529,47.642857142857146,55.294117644782006,91.42857142465306,1.0,5.0,31.0,18.0,0,44022.0,44018.0,9.087191603434753e-05,0.00615601290263945,0.0003060110276889755,44360.0,44193.0,-0.001510369702434592,0.002262801801190183,0,0.007094579605317033,44345.93300137959,44212.9669986204,0.0030028828894484013,1,7532.178609625668,384.622755145953,44279.45,1.2196760856515676,0.6996699669936208,-0.0001354432379963022,1
2026-06-09 10:31:00,44289.0,44315.0,44277.0,44290.0,308,10:31:00,2026-06-09,1,-6.773079267607951e-05,308,43980.82492832413,0.007029769727596667,15.622212468799262,19.92216173877818,-4.299949269978917,45.785714285714285,49.99999999774193,86.56716417522833,1.0,25.0,12.0,17.4,0,44022.0,44018.0,9.087191603434753e-05,0.006087865158329788,0.00018178964566833053,44360.0,44193.0,-0.001577998196573454,0.0021949177471544774,0,0.006981966053343673,44345.89891051968,44218.00108948031,0.002888260815961492,1,11913.816593886462,-225.26030585594964,44281.95,1.6262090695028406,1.3162393162336914,-6.773079267607951e-05,0
2026-06-09 10:32:00,44294.0,44320.0,44278.0,44320.0,132,10:32:00,2026-06-09,1,0.0006773538044704264,132,43981.693324971,0.007691988403659699,18.091208187688608,19.555971028560265,-1.464762840871657,43.785714285714285,49.67532467306671,76.92307691715976,26.0,0.0,16.0,18.4,1,44022.0,44018.0,9.087191603434753e-05,0.006769342601426406,0.0007790360275936643,44360.0,44193.0,-0.000901713255184831,0.002873758287511532,0,0.007639219948493168,44349.62980257036,44221.37019742964,0.0028961986460740744,1,5200.213333333333,-6015.890000025082,44285.5,1.6373727507297602,0.564464400254161,0.0006773538044704264,-1
2026-06-09 10:33:00,44319.0,44346.0,44311.0,44316.0,181,10:33:00,2026-06-09,1,-9.025270758122872e-05,181,43982.94345784031,0.007572402299062448,19.5003506091889,19.544846944685993,-0.04449633549709375,44.285714285714285,47.69736841885604,81.08108107450694,3.0,27.0,5.0,17.2,0,44022.0,44018.0,9.087191603434753e-05,0.0066784789423468575,0.0006378739041834224,44360.0,44193.0,-0.000991884580703314,0.0027832462154639246,0,0.007520285906592312,44352.88750636624,44222.61249363376,0.002941558619087231,1,7683.137931034483,200.41920038366803,44287.75,1.8744586935932832,0.7843986998882583,-9.025270758122872e-05,1
2026-06-09 10:34:00,44320.0,44350.0,44317.0,44350.0,145,10:34:00,2026-06-09,1,0.0007672172578752079,145,43983.981127145555,0.008321640367123146,23.094404066381685,20.254758369025133,2.839645697356552,43.357142857142854,57.00636942420991,94.11764705467128,30.0,0.0,3.0,12.2,1,44022.0,44018.0,9.087191603434753e-05,0.0074508200445230245,0.0013965360937405863,44360.0,44193.0,-0.00022542831379620775,0.0035525988278685867,0,0.008264487743435594,44354.771554903185,44221.52844509682,0.0030085499124791848,1,6952.1621621621625,-4164.622136511953,44288.15,1.400119010116846,0.693282333250331,0.0007672172578752079,-1
2026-06-09 10:35:00,44347.0,44359.0,44331.0,44339.0,102,10:35:00,2026-06-09,1,-0.0002480270574971577,102,43984.71564104621,0.008054715229832345,24.769580945190683,21.15772288425824,3.611858060932441,42.5,59.27152317606026,69.38775509779259,8.0,12.0,8.0,13.6,0,44022.0,44018.0,9.087191603434753e-05,0.007200944982054264,0.00111764639474365,44360.0,44193.0,-0.00047339945897203627,0.0033036906297376667,0,0.007999285585833661,44359.180473734225,44219.819526265775,0.0031465911213367924,1,5210.343317972351,19.479940513371556,44289.5,0.9032301769202109,0.5049504950470052,-0.0002480270574971577,1
2026-06-09 10:36:00,44346.0,44349.0,44290.0,44309.0,147,10:36:00,2026-06-09,1,-0.0006766052459460381,147,43985.68955862648,0.007350355186374587,23.406604642899765,21.60749923598655,1.7991054069132169,44.07142857142857,50.80385851861333,45.33333333152,37.0,3.0,19.0,20.8,1,44022.0,44018.0,9.087191603434753e-05,0.006519467538957646,0.00038155788504047166,44360.0,44193.0,-0.0011496844003606595,0.002624850089380612,0,0.007299505811950951,44360.54406089985,44223.65593910015,0.0030905764639674736,1,9212.762376237624,1990.8850510473496,44292.1,0.9822129144060253,0.7800477580218624,-0.0006766052459460381,1
2026-06-09 10:37:00,44316.0,44322.0,44292.0,44307.0,93,10:37:00,2026-06-09,1,-4.5137556704100135e-05,93,43986.286050782495,0.007291225925444826,21.912459623796167,21.668491313548472,0.24396831024769483,41.214285714285715,64.48979591468222,0.0,9.0,6.0,15.0,17.4,0,44022.0,44018.0,9.087191603434753e-05,0.006474035709417872,0.0003172062371100276,44360.0,44193.0,-0.001194770063119901,0.0025795940533568083,0,0.0072407448412782965,44361.70578443677,44224.19421556323,0.0031045926919190422,1,6168.489520958084,-1127.2358482506286,44292.95,1.0838113581162532,0.507641921394609,-4.5137556704100135e-05,1
2026-06-09 10:38:00,44302.0,44302.0,44259.0,44263.0,245,10:38:00,2026-06-09,1,-0.000993071072291074,245,43987.68954397675,0.006258806927060922,16.982147034766967,20.731222457792175,-3.7490754230252072,39.42857142857143,49.42084941817802,0.0,39.0,0.0,4.0,24.6,1,44022.0,44018.0,9.087191603434753e-05,0.005474535459542832,-0.0006096184240234678,44359.0,44193.0,-0.0021641605987510505,0.001583961260833128,0,0.006216086159928811,44358.57036339131,44221.42963660869,0.003096426434468532,1,14814.801912568306,18433.44672023189,44290.0,0.11289357522663386,1.3395297976963394,-0.000993071072291074,0
2026-06-09 10:39:00,44264.0,44307.0,44251.0,44288.0,365,10:39:00,2026-06-09,1,0.000564805819759151,365,43989.80809634626,0.006778658888455055,14.920139769463276,19.569005920126397,-4.648866150663121,40.642857142857146,55.03597122024999,35.211267604146,24.0,19.0,13.0,23.4,1,44022.0,44018.0,9.087191603434753e-05,0.006042433328790013,2.2579530751862824e-06,44359.0,44193.0,-0.0016005771094929643,0.0021496617111306736,0,0.006733033258604039,44353.834257518836,44221.96574248117,0.0029775291905388738,1,16980.168067226892,8431.136475443729,44287.9,-0.9482503651886205,1.8698770491707488,0.000564805819759151,0
2026-06-09 10:40:00,44288.0,44291.0,44261.0,44275.0,93,10:40:00,2026-06-09,1,-0.0002935332369942145,93,43990.33143040874,0.00647116219257384,12.0975398918672,18.074712714474558,-5.977172822607358,40.42857142857143,53.873239433963995,30.48780487693338,13.0,3.0,14.0,24.4,0,44022.0,44018.0,9.087191603434753e-05,0.005747126436781479,-0.00025628664362717385,44359.0,44193.0,-0.001893640523907169,0.0018554974769759498,0,0.006427907686934096,44351.94934209257,44220.750657907425,0.0029625084068825667,1,4366.463414634146,-2921.340954217993,44286.35,-1.490079120943298,0.4856396866815372,-0.0002935332369942145,1
2026-06-09 10:41:00,44275.0,44303.0,44272.0,44280.0,164,10:41:00,2026-06-09,1,0.0001129305477132192,164,43991.27968002931,0.00656312619388875,10.147097937726357,16.48918975912492,-6.3420918213985615,40.357142857142854,58.30258302281832,69.76744185559762,5.0,23.0,3.0,18.0,0,44022.0,44018.0,9.087191603434753e-05,0.005860706010630916,-0.0001399984645329008,44359.0,44193.0,-0.0017809238260555519,0.001968637567035459,0,0.006519419592800608,44351.845298856235,44220.55470114376,0.0029645938850583844,1,7564.5,-4893.958053139698,44286.2,-0.8579814856633349,0.8584140277369358,0.0001129305477132192,0
2026-06-09 10:42:00,44280.0,44320.0,44273.0,44317.0,161,10:42:00,2026-06-09,1,0.0008355916892501813,161,43992.26240122056,0.00738169807721504,11.454904407408321,15.4823326887816,-4.027428281373279,41.07142857142857,62.58278145405245,76.36363635947107,37.0,3.0,7.0,23.6,1,44022.0,44018.0,9.087191603434753e-05,0.0067011948571167445,0.0006807889926693991,44359.0,44193.0,-0.0009468202619535845,0.0028058742334758266,0,0.007332596442949303,44353.48735319529,44220.212646804706,0.003009351678671693,1,6940.697470817121,-5912.468331680866,44286.85,-0.23708507289867217,0.8591248665909332,0.0008355916892501813,0
2026-06-09 10:43:00,44320.0,44355.0,44314.0,44336.0,300,10:43:00,2026-06-09,1,0.00042872938150151363,300,43994.261881611696,0.007767788429043587,13.864668400376104,15.158799831100502,-1.2941314307243985,39.714285714285715,57.03422052928335,99.99999999508196,16.0,19.0,6.0,19.0,0,44022.0,44018.0,9.087191603434753e-05,0.007132797237744602,0.0009967973792018275,44359.0,44193.0,-0.0005184968101174392,0.0032358065757019613,0,0.007715598205726262,44357.42045225788,44226.27954774212,0.002960836011947129,1,12281.440443213296,18126.745324493517,44291.85,1.2419176563433203,1.5748031495980326,0.00042872938150151363,0
2026-06-09 10:44:00,44336.0,44389.0,44327.0,44374.0,406,10:44:00,2026-06-09,1,0.0008570913027787785,406,43997.15292944884,0.008565260373902778,18.625997245006147,15.85223931388163,2.773757931124516,41.5,63.72881355629762,99.99999999680851,38.0,15.0,9.0,21.8,1,44022.0,44018.0,9.087191603434753e-05,0.007996001999000319,0.0017326131983362008,44389.0,44224.0,-0.00033792155714252773,0.0033918234442835704,0,0.008507233982948123,44371.12008509858,44223.37991490142,0.003335199593589909,0,16028.330960854093,11188.883549281636,44297.25,2.4951339243382615,2.083654092881275,0.0008570913027787785,0
2026-06-09 10:45:00,44374.0,44406.0,44367.0,44402.0,388,10:45:00,2026-06-09,1,0.0006310001352143324,388,44000.084319583286,0.009134429777395288,24.377739248688158,17.557339300842937,6.820399947845221,41.57142857142857,67.49999999704687,99.99999999647059,28.0,4.0,7.0,24.8,1,44022.0,44018.0,9.087191603434753e-05,0.008632047612557162,0.002204072512067083,44406.0,44224.0,-9.007791739854772e-05,0.004024963820549837,0,0.009071697935229953,44389.569901300965,44219.13009869903,0.003847021852299597,0,12140.9274136716,7492.373734368025,44304.35,3.951511566074354,1.8631452580942947,0.0006310001352143324,0
2026-06-09 10:46:00,44406.0,44468.0,44403.0,44439.0,608,10:46:00,2026-06-09,1,0.0008332957974865884,608,44005.109157106985,0.00986001060340355,31.557847778662108,20.357440996406773,11.200406782255335,43.285714285714285,68.19571865151455,99.99999999708737,33.0,29.0,3.0,30.4,1,44022.0,44018.0,9.087191603434753e-05,0.009472536459042991,0.0028286995090676514,44468.0,44224.0,-0.0006521543581901446,0.004861613603473118,0,0.009791358709855893,44414.447399709956,44212.85260029005,0.004549270922614231,0,14502.90499194847,1808.79804694469,44313.65,4.92189872403228,2.60106951870545,0.0008332957974865884,0
2026-06-09 10:47:00,44440.0,44450.0,44414.0,44442.0,322,10:47:00,2026-06-09,1,6.750826976298363e-05,322,44007.71569328416,0.009868367395904253,37.062971581020975,23.698547113329614,13.36442446769136,43.357142857142854,69.32515337125598,99.99999999558824,2.0,8.0,26.0,23.4,0,44022.0,44018.0,9.087191603434753e-05,0.009540684203352653,0.0026622146015701956,44468.0,44228.0,-0.00058469011423944,0.004838563805733815,0,0.009797949343827935,44432.97223209265,44215.02776790735,0.004917075719368724,0,7070.318181818182,-5588.861872714019,44324.0,6.038749583777775,1.3292053663515824,6.750826976298363e-05,0
2026-06-09 10:48:00,44447.0,44454.0,44417.0,44426.0,131,10:48:00,2026-06-09,1,-0.00036001980108901765,131,44008.7597239688,0.009480846055380868,39.67737944233522,26.89431357913074,12.783065863204484,43.57142857142857,62.337662334828806,71.4285714247449,21.0,7.0,9.0,24.4,0,44022.0,44018.0,9.087191603434753e-05,0.009177229567034456,0.00209210919569393,44468.0,44240.0,-0.0009444994153098646,0.00420433996383354,0,0.009411452488396272,44443.95087718431,44222.54912281569,0.0049940339219122325,0,3137.3617250673856,-7415.879678570123,44333.25,6.523061505247556,0.5557912600740103,-0.00036001980108901765,1
2026-06-09 10:49:00,44423.0,44435.0,44381.0,44387.0,224,10:49:00,2026-06-09,1,-0.0008778643136901909,224,44010.401908927226,0.008557024583689952,38.162429710406286,29.14793680538585,9.014492905020436,45.42857142857143,57.14285714047619,5.172413792835897,36.0,12.0,6.0,24.0,1,44022.0,44018.0,9.087191603434753e-05,0.008291308891008852,0.0011130495188625793,44468.0,44251.0,-0.0018215345866690246,0.0030733768728389626,0,0.008493866749202213,44449.60727568052,44225.69272431948,0.005050212434827667,0,5943.029288702929,-5902.180085988081,44337.65,5.415938429806617,0.9584937954601691,-0.0008778643136901909,0
2026-06-09 10:50:00,44392.0,44422.0,44381.0,44385.0,156,10:50:00,2026-06-09,1,-4.505823777234408e-05,156,44011.522938059476,0.008485892716462837,36.38105963882845,30.59456137207437,5.7864982667540765,44.142857142857146,62.337662334828806,0.0,7.0,30.0,4.0,19.8,0,44022.0,44018.0,9.087191603434753e-05,0.008245877061469079,0.0009640918086023834,44468.0,44251.0,-0.0018665107493028277,0.0030281801541207428,0,0.008422600610941394,44454.0428064672,44230.4571935328,0.005042270361436279,0,4805.038167938931,-3203.929378602192,44342.25,4.117408176157387,0.667951188179542,-4.505823777234408e-05,1
2026-06-09 10:51:00,44385.0,44389.0,44330.0,44347.0,293,10:51:00,2026-06-09,1,-0.0008561450940632875,293,44013.390087485175,0.00757973679945359,31.53946132476267,30.783541362612034,0.7559199621506352,46.214285714285715,55.81395348610059,0.0,38.0,4.0,17.0,20.8,1,44022.0,44018.0,9.087191603434753e-05,0.007382672300213363,4.284577100968117e-05,44468.0,44251.0,-0.002721057839345086,0.0021694424984745617,0,0.007523038904294213,44454.15701067707,44236.04298932293,0.0049185596910173105,0,11539.672291296625,26781.453024989558,44345.1,2.672937355145076,1.2585910652866898,-0.0008561450940632875,0
2026-06-09 10:52:00,44348.0,44349.0,44330.0,44336.0,268,10:52:00,2026-06-09,1,-0.0002480438361106563,268,44014.996225255134,0.007293054692134033,26.509269354202843,29.9286869609302,-3.4194176067273574,44.142857142857146,61.736334402365564,0.0,12.0,1.0,6.0,22.8,0,44022.0,44018.0,9.087191603434753e-05,0.007132797237744602,-0.00022324498995400323,44468.0,44251.0,-0.002968426733831003,0.0019208605455243517,0,0.007238634794757999,44454.41514567551,44237.38485432449,0.004894032849734004,0,11084.0,8650.42129452317,44345.9,1.8607210801655025,1.118530884803345,-0.0002480438361106563,0
2026-06-09 10:53:00,44331.0,44352.0,44328.0,44340.0,180,10:53:00,2026-06-09,1,9.02201371346667e-05,180,44016.07160539216,0.007359320875154,22.58522414246545,28.459994397237253,-5.8747702547718035,41.857142857142854,58.965517238532705,7.54716981089355,9.0,12.0,3.0,20.4,0,44022.0,44018.0,9.087191603434753e-05,0.007223660896824151,-0.00016010066047156152,44468.0,44251.0,-0.002878474408563397,0.002011253982960792,0,0.0073043873129885785,44454.75031106577,44239.449688934226,0.004854897437071188,0,7119.71454058876,4817.186236093281,44347.1,1.093764975840997,0.751408891668748,9.02201371346667e-05,-1
2026-06-09 10:54:00,44334.0,44370.0,44322.0,44352.0,188,10:54:00,2026-06-09,1,0.00027063599458720944,188,44017.214760264775,0.0076057797286491445,20.21071323135402,26.810138164060607,-6.599424932706587,43.142857142857146,63.32179930489099,59.259259252674894,18.0,18.0,12.0,16.8,1,44022.0,44018.0,9.087191603434753e-05,0.0074962518740627985,0.00010823682216696438,44468.0,44251.0,-0.0026086174327605784,0.002282434295270112,0,0.007549185511942532,44454.86536851663,44239.534631483366,0.004855565560695094,0,7684.9548387096775,-3340.4046105314683,44347.2,0.4735585216852696,0.7778237484452718,0.00027063599458720944,-1
2026-06-09 10:55:00,44355.0,44387.0,44350.0,44356.0,153,10:55:00,2026-06-09,1,9.018759018752931e-05,153,44018.18494973299,0.0076744429751652455,18.439108235688764,25.13593217838624,-6.696823942697478,43.57142857142857,63.19444444137249,99.999999985,1.0,31.0,5.0,15.6,0,44022.0,44018.0,9.087191603434753e-05,0.007587115533142348,0.00017926380077583817,44468.0,44251.0,-0.002518665107492972,0.002372827732706552,0,0.007617359732096516,44455.7112132617,44240.38878673831,0.004855285103254432,0,6272.15157116451,-4341.256251204882,44348.05,0.4848249781832041,0.6264073694959001,9.018759018752931e-05,-1
2026-06-09 10:56:00,44356.0,44402.0,44356.0,44402.0,158,10:56:00,2026-06-09,1,0.0010370637568761776,158,44019.24544466505,0.008695163932695893,20.510482005629456,24.210842143834885,-3.700360138205429,43.5,64.30976430673287,99.99999999516129,46.0,0.0,0.0,17.2,1,44022.0,44018.0,9.087191603434753e-05,0.008632047612557162,0.0011115445057460268,44468.0,44251.0,-0.0014842133669155015,0.0034123522632256128,0,0.008629791542227185,44461.28923082661,44244.110769173385,0.004896623241724162,0,7408.147835269271,405.11918425406265,44352.7,1.2627657727334018,0.6454248365986707,0.0010370637568761776,-1
2026-06-09 10:57:00,44402.0,44433.0,44402.0,44422.0,159,10:57:00,2026-06-09,1,0.0004504301608034833,159,44020.39988133725,0.009123045673035771,23.495057101667044,24.06768513540132,-0.5726280337342757,42.785714285714285,64.42953019831539,99.99999999571429,20.0,11.0,0.0,18.8,1,44022.0,44018.0,9.087191603434753e-05,0.009086365907954908,0.0014326469928503246,44468.0,44251.0,-0.0010344517405774707,0.003864319450407813,0,0.009053520099614352,44469.01120000371,44247.88879999628,0.004984899156923292,0,8428.517899761337,967.5568388590625,44358.45,2.5368005195367465,0.6408706166842367,0.0004504301608034833,-1
2026-06-09 10:58:00,44425.0,44430.0,44394.0,44414.0,116,10:58:00,2026-06-09,1,-0.00018009094592774666,116,44021.224598542794,0.008922409702118975,24.927472836716333,24.239642675664324,0.687830161052009,40.92857142857143,57.4626865641624,89.18918918557341,11.0,5.0,20.0,19.2,0,44022.0,44018.0,9.087191603434753e-05,0.008904638589795809,0.0010819095703917172,44468.0,44251.0,-0.001214356391112683,0.0036835325755349333,0,0.008853072205229157,44469.51506373451,44262.48493626549,0.004666414088919647,0,6656.361757105943,612.5652124030215,44366.0,4.047528583556005,0.4800331057294433,-0.00018009094592774666,1
2026-06-09 10:59:00,44409.0,44420.0,44399.0,44414.0,69,10:59:00,2026-06-09,1,0.0,69,44021.7114385533,0.00891125193972205,25.765662112477003,24.544846563026862,1.2208155494501405,39.642857142857146,52.499999996937504,71.42857142091837,5.0,6.0,10.0,16.6,0,44022.0,44018.0,9.087191603434753e-05,0.008904638589795809,0.000939775490564973,44468.0,44261.0,-0.001214356391112683,0.0034567678091321154,0,0.008840843531813598,44471.05456018236,44273.545439817644,0.004451180587094035,0,4678.7267175572515,-3684.3502295102494,44372.3,4.419122172946815,0.304165748290482,0.0,0
2026-06-09 11:00:00,44413.0,44420.0,44374.0,44400.0,107,11:00:00,2026-06-09,1,-0.00031521592290717493,107,44022.438861788614,0.008576561135032875,25.01192821614677,24.638262893650847,0.3736653224959241,38.214285714285715,41.01382488214657,0.0,13.0,7.0,26.0,19.0,0,44022.0,44018.0,9.087191603434753e-05,0.008586615783017388,0.00048334161436091547,44468.0,44272.0,-0.0015291895295493046,0.0028912179255510735,0,0.008507739396879285,44466.620486119034,44290.47951388097,0.003969056497746302,1,7800.985221674877,-744.5350244842324,44378.55,4.5312674360816985,0.470226323882794,-0.00031521592290717493,1
2026-06-09 11:01:00,44397.0,44397.0,44355.0,44364.0,114,11:01:00,2026-06-09,1,-0.0008108108108108025,114,44023.157345305066,0.007742349146415236,21.264564870405593,23.9635232890018,-2.698958418596206,38.857142857142854,34.399999998073596,0.0,33.0,0.0,9.0,16.4,1,44022.0,44018.0,9.087191603434753e-05,0.007768842851301446,-0.000422461429271498,44468.0,44273.0,-0.00233876045695776,0.0020554288166602206,0,0.00767962000315272,44458.1293912851,44307.3706087149,0.0033967877738581608,1,8951.3203539823,3447.767234745608,44382.75,3.7754136050128477,0.5065540990868405,-0.0008108108108108025,1
2026-06-09 11:02:00,44359.0,44367.0,44339.0,44346.0,113,11:02:00,2026-06-09,1,-0.000405734379226419,113,44023.8232422285,0.007318236673784719,16.650367777627253,22.50089218672689,-5.850524409099638,38.214285714285715,34.126984125088185,0.0,13.0,8.0,7.0,15.0,0,44022.0,44018.0,9.087191603434753e-05,0.007359956385443475,-0.0008606666336217896,44468.0,44314.0,-0.0027435459206619876,0.0007221194204991488,0,0.007258816375455517,44455.24513020083,44313.15486979917,0.0032013703165012773,1,9655.29479768786,10636.586363242133,44384.2,2.681853318397779,0.5075230181877048,-0.000405734379226419,1
2026-06-09 11:03:00,44349.0,44373.0,44340.0,44368.0,137,11:03:00,2026-06-09,1,0.0004960988589726156,137,44024.65071615752,0.007799023462018255,14.60049406930193,20.920812563241903,-6.320318493939972,36.714285714285715,45.95744680577275,28.947368419909964,19.0,5.0,9.0,16.6,1,44022.0,44018.0,9.087191603434753e-05,0.007859706510380995,-0.00040102915797400314,44468.0,44322.0,-0.0022488081316901537,0.0010378593023780281,0,0.007735565965747408,44453.643783402076,44317.95621659793,0.003057003969831423,1,11256.325925925927,4429.364504691609,44385.8,1.6336721231315579,0.6386946386916611,0.0004960988589726156,-1
2026-06-09 11:04:00,44368.0,44394.0,44358.0,44393.0,102,11:04:00,2026-06-09,1,0.0005634691669671454,102,44025.303138884905,0.008351943879980289,14.822382257138088,19.70112650202114,-4.878744244883052,36.357142857142854,51.55038759410192,72.30769230435503,25.0,1.0,10.0,20.6,1,44022.0,44018.0,9.087191603434753e-05,0.008427604379628176,0.00014080778610733744,44468.0,44322.0,-0.0016866060987676154,0.0016019132710617392,0,0.008283932955557387,44454.42997448514,44319.07002551486,0.003049557558737068,1,7902.418848167539,-1171.7841215995827,44386.75,0.9012510491125493,0.5117912694404827,0.0005634691669671454,-1
2026-06-09 11:05:00,44392.0,44422.0,44386.0,44413.0,136,11:05:00,2026-06-09,1,0.0004505214786114653,136,44026.23091221046,0.0087849693188762,16.422751837279066,19.045451569072725,-2.6226997317936593,34.714285714285715,63.74999999628125,99.99999999552239,21.0,9.0,6.0,22.2,0,44022.0,44018.0,9.087191603434753e-05,0.008881922675025923,0.0005789944421038566,44468.0,44322.0,-0.0012368444724295846,0.002053156446008708,0,0.008713507868005664,44455.67697364799,44318.923026352015,0.0030809251136242354,1,10033.501661129569,391.7092863205761,44387.3,0.6984467445635656,0.72844134975507,0.0004505214786114653,-1
2026-06-09 11:06:00,44415.0,44419.0,44372.0,44391.0,124,11:06:00,2026-06-09,1,-0.0004953504604507941,124,44027.04415436194,0.008266642756256782,15.73446302585944,18.38325386043007,-2.6487908345706295,36.714285714285715,60.95617529540483,67.16417910147027,24.0,4.0,19.0,20.4,1,44022.0,44018.0,9.087191603434753e-05,0.008382172550088402,0.00013743412737211096,44454.0,44322.0,-0.001417195303009821,0.0015567889535670423,0,0.008199992466763555,44448.863476412145,44320.93652358786,0.0028822178899644856,1,8994.254901960785,-2009.5997920201191,44384.9,-0.2027675517849076,0.7630769230722273,-0.0004953504604507941,1
2026-06-09 11:07:00,44401.0,44430.0,44394.0,44428.0,119,11:07:00,2026-06-09,1,0.0008335022864995878,119,44027.87064092297,0.00908809245716981,17.96746224167873,18.300095536679805,-0.33263329500107375,37.785714285714285,65.49295774325034,72.15189873143727,27.0,2.0,7.0,23.2,1,44022.0,44018.0,9.087191603434753e-05,0.009222661396574232,0.0009868376584460672,44454.0,44322.0,-0.0005848742520357992,0.0023915888272189345,0,0.009015130588746001,44445.79494168389,44322.605058316105,0.0027755346129429265,1,8554.906148867314,825.6804824399782,44384.2,-0.5744957673186053,0.7810961601524051,0.0008335022864995878,-1
2026-06-09 11:08:00,44425.0,44430.0,44388.0,44400.0,105,11:08:00,2026-06-09,1,-0.0006302331862789723,105,44028.57585553582,0.008435979071475525,17.278587413711648,18.095793912086172,-0.8172064983745244,37.357142857142854,57.99999999729334,42.5287356307174,25.0,5.0,12.0,24.4,1,44022.0,44018.0,9.087191603434753e-05,0.008586615783017388,0.00038528352135615653,44435.0,44322.0,-0.0007876673793180874,0.0017598483822931783,0,0.008368631713208754,44441.81974915968,44323.98025084032,0.0026550653138788785,1,7955.631399317406,-2070.9322946165103,44382.9,-0.9912745312288549,0.6951340615644148,-0.0006302331862789723,1
2026-06-09 11:09:00,44399.0,44416.0,44384.0,44389.0,74,11:09:00,2026-06-09,1,-0.00024774774774771746,74,44029.05859675264,0.008175087424510528,15.664470811592764,17.609529291987492,-1.945058480394728,37.0,55.37459283135099,48.68421052439405,10.0,17.0,5.0,21.4,0,44022.0,44018.0,9.087191603434753e-05,0.008336740720548628,0.00013518689588355598,44433.0,44322.0,-0.0009902549906600727,0.0015116646360723454,0,0.008109893500830266,44441.955826451835,44324.044173548165,0.0026566850574243858,1,5886.713261648745,-3455.029542952561,44383.0,-0.4280735114873425,0.5154998258410624,-0.00024774774774771746,1
2026-06-09 11:10:00,44390.0,44411.0,44387.0,44390.0,38,11:10:00,2026-06-09,1,2.252810380953818e-05,38,44029.305774185166,0.008192139745848646,14.30110913401586,16.947845260393166,-2.6467361263773057,35.42857142857143,47.70992366157275,2.499999999812502,0.0,21.0,3.0,17.2,0,44022.0,44018.0,9.087191603434753e-05,0.008359456635318514,0.0001520844012099125,44433.0,44322.0,-0.0009677491954177983,0.0015342267948196939,0,0.008126809681914364,44442.283888563565,44324.216111436435,0.002660187731342944,1,3667.0,-5713.570743864306,44383.25,-0.21404013139745443,0.2760624772954881,2.252810380953818e-05,-1
2026-06-09 11:11:00,44395.0,44417.0,44375.0,44417.0,93,11:11:00,2026-06-09,1,0.0006082451002478173,93,44029.920827065456,0.008791275697606868,15.223818826692877,16.603039973653107,-1.37922114696023,36.214285714285715,49.07063196770636,71.79487178934912,22.0,0.0,20.0,16.8,1,44022.0,44018.0,9.087191603434753e-05,0.00897278633410547,0.0006815096847595132,44433.0,44322.0,-0.0003600927238763901,0.0021434050809981016,0,0.00872060182226757,44445.03017627212,44328.46982372788,0.0026260168303432765,1,9628.86013986014,2103.2004332004335,44386.75,0.8674512030531003,0.7285546415924123,0.0006082451002478173,-1
2026-06-09 11:12:00,44417.0,44420.0,44396.0,44410.0,60,11:12:00,2026-06-09,1,-0.0001575973163427946,60,44030.32257285129,0.008623089838156342,15.214844154848834,16.325400809892255,-1.1105566550434212,35.357142857142854,49.25373134071063,79.99999999314286,7.0,3.0,14.0,12.8,0,44022.0,44018.0,9.087191603434753e-05,0.008813774930716261,0.000440410043151229,44433.0,44322.0,-0.0005176332905723108,0.0019854699697666625,0,0.008553133098418689,44444.399196364924,44336.50080363507,0.0024306667927414946,1,7201.621621621622,2233.6884803602584,44390.45,1.6785706238868687,0.5117270788868936,-0.0001575973163427946,1
2026-06-09 11:13:00,44410.0,44421.0,44388.0,44411.0,56,11:13:00,2026-06-09,1,2.2517451024439694e-05,56,44030.69478933022,0.008637274803165923,15.114196259186429,16.08315989975109,-0.9689636405646631,36.214285714285715,49.44237917958292,79.99999999314286,1.0,10.0,22.0,8.0,0,44022.0,44018.0,9.087191603434753e-05,0.008836490845486147,0.00038293463080595617,44433.0,44322.0,-0.0004951274953300364,0.002008032128514011,0,0.008566590320083145,44443.09711106311,44344.90288893689,0.0022118804821870544,1,7747.71339563863,11128.206696587482,44394.0,2.42208490815792,0.5042773525393581,2.2517451024439694e-05,-1
2026-06-09 11:14:00,44411.0,44440.0,44409.0,44440.0,293,11:14:00,2026-06-09,1,0.0006529913760104922,293,44032.74874371859,0.009248826564330589,17.17648983084655,16.30182588597018,0.8746639448763673,35.142857142857146,57.04225351831482,81.08108107450694,29.0,0.0,2.0,11.8,1,44022.0,44018.0,9.087191603434753e-05,0.009495252373812879,0.0009369707016468523,44440.0,44339.0,0.0,0.002277904328018172,0,0.009172656138090539,44447.42158492374,44349.378415076266,0.002208259077972834,1,24112.814814814814,15042.231857742045,44398.4,2.6246571330411568,2.5193465176051646,0.0006529913760104922,0
2026-06-09 11:15:00,44440.0,44441.0,44426.0,44441.0,174,11:15:00,2026-06-09,1,2.2502250224931686e-05,174,44033.97782371076,0.009243366064241039,18.676275508580147,16.776715810492178,1.8995596980879697,33.0,65.46184738587765,99.99999999032258,1.0,0.0,14.0,12.0,0,44022.0,44018.0,9.087191603434753e-05,0.009517968288582765,0.0008636871898410947,44441.0,44339.0,0.0,0.002300457836216372,0,0.009166619025874144,44450.92672424919,44354.37327575081,0.0021744974342382236,1,11438.955621301775,5883.860916766706,44402.65,2.748338888207794,1.4827439284066235,2.2502250224931686e-05,0
2026-06-09 11:16:00,44441.0,44465.0,44437.0,44444.0,264,11:16:00,2026-06-09,1,6.750523165544031e-05,264,44035.88669967918,0.009267743445342896,19.877802458278893,17.39693314004952,2.4808693182293737,33.0,70.94017093592666,99.99999999090909,3.0,21.0,4.0,8.2,0,44022.0,44018.0,9.087191603434753e-05,0.009586116032892427,0.000883914446089644,44465.0,44339.0,-0.00047228156977396896,0.0023681183608109707,0,0.009190757752736232,44456.4408828266,44353.0591171734,0.0023281690732005543,1,13852.675324675325,7879.695101361548,44404.75,2.421498400684777,2.1524663676954545,6.750523165544031e-05,0
2026-06-09 11:17:00,44443.0,44458.0,44436.0,44451.0,161,11:17:00,2026-06-09,1,0.00015750157501570605,161,44037.04128921577,0.00940023895033102,21.151046621613204,18.147755836362258,3.0032907852509467,32.214285714285715,68.94977168508997,99.99999997272727,8.0,7.0,7.0,8.4,0,44022.0,44018.0,9.087191603434753e-05,0.009745127436281639,0.0010088681310267914,44465.0,44339.0,-0.00031485437984931264,0.002525992918198369,0,0.009322092653373212,44461.433856884556,44350.96614311544,0.00248766419484476,1,7549.1677215189875,-6869.230000936759,44406.2,1.7568200655869657,1.311608961292777,0.00015750157501570605,0
2026-06-09 11:18:00,44454.0,44492.0,44454.0,44476.0,381,11:18:00,2026-06-09,1,0.0005624170434861409,381,44039.916911366745,0.00990199617113019,23.9018670160076,19.298578072291328,4.603288943716272,32.57142857142857,68.94977168508997,99.99999999142857,22.0,16.0,0.0,12.6,1,44022.0,44018.0,9.087191603434753e-05,0.010313025305528821,0.0015019376572023334,44492.0,44339.0,-0.00035961521172344783,0.0030898306231533623,0,0.009819634370126196,44472.72870012054,44345.871299879465,0.0028565503225917144,1,13311.35585231736,1636.8629208848192,44409.3,1.4976583604810647,2.8014705882146953,0.0005624170434861409,0
2026-06-09 11:19:00,44476.0,44481.0,44450.0,44470.0,168,11:19:00,2026-06-09,1,-0.00013490421800521624,168,44041.152658652245,0.009737423193066558,25.30604975217284,20.50007240826763,4.805977343905209,32.214285714285715,63.90243902002617,84.21052630914127,6.0,5.0,20.0,8.0,0,44022.0,44018.0,9.087191603434753e-05,0.010176729816909497,0.0013036987667775259,44492.0,44339.0,-0.0004944709161197408,0.0029545095739641637,0,0.009656092401569514,44481.101601804716,44343.09839819528,0.0031073334431254394,0,6507.804878048781,-5302.131374972287,44412.1,1.655228325798151,1.191912025532516,-0.00013490421800521624,0
2026-06-09 11:20:00,44473.0,44499.0,44473.0,44487.0,159,11:20:00,2026-06-09,1,0.0003822801888913041,159,44042.36843521524,0.010095541647329566,27.473930246291275,21.894843975872362,5.579086270418912,30.928571428571427,73.99999999482,87.49999999453125,14.0,12.0,0.0,10.6,1,44022.0,44018.0,9.087191603434753e-05,0.01056290036799758,0.001588375478004238,44499.0,44339.0,-0.000269668981325417,0.003337919213333559,0,0.010010515581158529,44492.81608505326,44340.083914946736,0.0034386397406033025,0,6243.1006178287735,-1730.0809200029496,44416.45,2.3082362372821814,1.1076280041720123,0.0003822801888913041,0
2026-06-09 11:21:00,44488.0,44508.0,44475.0,44500.0,243,11:21:00,2026-06-09,1,0.00029222019915930986,243,44044.24698389892,0.010347617391839562,29.896355929755373,23.495146366648964,6.401209563106409,30.5,70.45454544894112,83.3333333263889,12.0,8.0,13.0,12.4,0,44022.0,44018.0,9.087191603434753e-05,0.010858207260006114,0.0017276988964111874,44508.0,44339.0,-0.00017974296755639033,0.0036311148199101554,0,0.010259335282787049,44504.0431080897,44342.4568919103,0.003637424460826324,0,9724.370503597122,-2694.6806835577036,44423.25,3.1412339307300696,1.6199999999892,0.00029222019915930986,0
2026-06-09 11:22:00,44500.0,44507.0,44438.0,44443.0,259,11:22:00,2026-06-09,1,-0.0012808988764044793,259,44046.092439646025,0.009011186654022191,26.906560030147375,24.177429099348647,2.7291309307987284,32.42857142857143,60.4878048739179,34.482758619500586,57.0,7.0,5.0,22.2,1,44022.0,44018.0,9.087191603434753e-05,0.009563400118122541,0.00033537333354343585,44508.0,44340.0,-0.0014604116113956715,0.002322958953540769,0,0.008933705478153827,44500.58636894771,44355.613631052285,0.0032630866027451868,0,9513.005785123967,4617.841135974913,44428.1,3.6026218080207872,1.6465352828884519,-0.0012808988764044793,0
2026-06-09 11:23:00,44448.0,44484.0,44437.0,44476.0,153,11:23:00,2026-06-09,1,0.0007425241320342391,153,44047.18277962724,0.00973540629188858,26.889978513012466,24.719938982081413,2.170039530931053,33.5,69.16299559044809,44.660194173456496,28.0,8.0,11.0,23.4,1,44022.0,44018.0,9.087191603434753e-05,0.010313025305528821,0.0009564855345628647,44508.0,44358.0,-0.0007189718702255613,0.002660174038504832,0,0.009650763959011769,44503.171409216266,44363.828590783734,0.0031359856511984892,0,6929.560081466395,1099.548935151326,44433.5,3.838667880932157,0.96774193547775,0.0007425241320342391,0
2026-06-09 11:24:00,44475.0,44486.0,44466.0,44471.0,64,11:24:00,2026-06-09,1,-0.00011242018167101353,64,44047.64660106323,0.009611260342034777,26.171688395450474,25.01028886475523,1.1613995306952454,33.214285714285715,67.53246752837465,34.7368421041662,4.0,11.0,5.0,23.0,0,44022.0,44018.0,9.087191603434753e-05,0.010199445731679383,0.000756119844995382,44508.0,44372.0,-0.0008313112249483053,0.0022311367529071887,0,0.009526961499474813,44506.253467589,44368.546532411005,0.0030988972167136386,0,3241.621867881549,-6666.496955579338,44437.4,3.1852689751428485,0.409731113953843,-0.00011242018167101353,1
2026-06-09 11:25:00,44467.0,44467.0,44437.0,44453.0,138,11:25:00,2026-06-09,1,-0.0004047581570011394,138,44048.591906744754,0.009180953936312176,23.87477518772357,24.7831861293489,-0.908410941625327,32.642857142857146,58.10810810444364,58.92857142541454,14.0,0.0,16.0,23.0,0,44022.0,44018.0,9.087191603434753e-05,0.009790559265821413,0.00030603473494237633,44508.0,44372.0,-0.0012357329019501836,0.0018254755251058818,0,0.009100214972642226,44507.589827911586,44371.21017208842,0.0030688905751015245,0,7158.126021003501,-2475.4318638205045,44439.4,2.5434353483500107,0.8829174664050997,-0.0004047581570011394,0
2026-06-09 11:26:00,44455.0,44486.0,44448.0,44482.0,105,11:26:00,2026-06-09,1,0.0006523744179245394,105,44049.34309965136,0.009822096537735909,24.11651241600339,24.6498513866798,-0.5333389706764109,33.642857142857146,64.75409835694035,55.769230766013315,27.0,4.0,7.0,26.0,1,44022.0,44018.0,9.087191603434753e-05,0.010449320794148145,0.0008561345244966314,44508.0,44375.0,-0.0005841646445582686,0.002411267605633749,0,0.009734888558479317,44510.67007509058,44377.229924909414,0.003002436781185364,0,6495.980528511822,-625.6956399212306,44443.95,2.3518291379245593,0.6758931445080407,0.0006523744179245394,-1
2026-06-09 11:27:00,44480.0,44524.0,44480.0,44520.0,241,11:27:00,2026-06-09,1,0.0008542781349758499,241,44051.20322877401,0.010642087772071712,27.06241466134088,25.132364041612018,1.9300506197288634,34.42857142857143,69.3950177901369,78.8235294089827,40.0,4.0,0.0,22.6,1,44022.0,44018.0,9.087191603434753e-05,0.01131252555540386,0.0016074765093573465,44524.0,44375.0,-8.983918785373978e-05,0.0032676056338027436,0,0.010546953077794031,44522.89053933435,44374.209460665654,0.0033450152742596773,0,15305.734664764623,37216.28644110537,44448.55,2.509147699910763,1.4927222050077875,0.0008542781349758499,0
2026-06-09 11:28:00,44517.0,44550.0,44505.0,44549.0,289,11:28:00,2026-06-09,1,0.0006513926325246722,289,44053.54310340015,0.011246698033729689,31.375444458542916,26.3809801249982,4.994464333544716,35.42857142857143,69.3950177901369,99.999999996875,32.0,1.0,12.0,23.4,1,44022.0,44018.0,9.087191603434753e-05,0.01197128708373059,0.002091956091416185,44550.0,44375.0,-2.2446689113355278e-05,0.0039211267605632925,0,0.011144882504045274,44539.19159876047,44372.80840123953,0.0037426488555187855,0,15381.912783751493,11488.742638251426,44456.0,3.735423970620338,1.6935247582672517,0.0006513926325246722,0
2026-06-09 11:29:00,44546.0,44551.0,44532.0,44548.0,153,11:29:00,2026-06-09,1,-2.244719297850306e-05,153,44054.79571598793,0.011195246192756043,34.31727185568889,27.96823847113634,6.349033384552548,35.714285714285715,69.03914590403363,98.529411760359,2.0,3.0,14.0,23.0,0,44022.0,44018.0,9.087191603434753e-05,0.011948571168960703,0.001890295396607837,44551.0,44375.0,-6.733855581243817e-05,0.003898591549295687,0,0.011092228288581182,44550.503846940075,44377.39615305992,0.003893214477799482,0,7360.5226781857455,1330.8878403796314,44463.95,4.5000500630569515,0.8762886597887957,-2.244719297850306e-05,0
2026-06-09 11:30:00,44545.0,44548.0,44521.0,44537.0,155,11:30:00,2026-06-09,1,-0.00024692466552933556,155,44056.03667049866,0.010917081195898825,35.35354948188615,29.445300673286305,5.9082488085998435,35.642857142857146,66.08996539472228,70.73170731189768,8.0,3.0,16.0,21.8,0,44022.0,44018.0,9.087191603434753e-05,0.011698696106491943,0.001477357306847239,44551.0,44375.0,-0.0003142465937913781,0.0036507042253520307,0,0.01081513986551619,44556.366166192354,44386.23383380765,0.0038256658200839402,0,7320.503711558855,-5217.149733810943,44471.3,5.118277199143729,0.8589637018517099,-0.00024692466552933556,0
2026-06-09 11:31:00,44537.0,44547.0,44523.0,44528.0,188,11:31:00,2026-06-09,1,-0.00020207917012815546,188,44057.52492705963,0.010678654184938033,35.04460973622918,30.56516248587488,4.479447250354298,35.785714285714285,63.23024054678617,0.0,9.0,10.0,5.0,18.2,0,44022.0,44018.0,9.087191603434753e-05,0.011494252873562958,0.0011500364796517809,44551.0,44388.0,-0.0005162622612286926,0.0031540055870955407,0,0.010577976474061387,44561.48239394203,44392.217606057966,0.003805682908840476,0,8159.126705653021,-4695.635828678069,44476.85,4.690030592045741,1.015118790491279,-0.00020207917012815546,0
2026-06-09 11:32:00,44533.0,44544.0,44511.0,44544.0,176,11:32:00,2026-06-09,1,0.00035932446999642487,176,44058.910761502586,0.011010014322034946,35.67954743138398,31.588039474976704,4.091507956407277,35.214285714285715,62.056737585571646,44.44444444074073,11.0,0.0,22.0,12.4,0,44022.0,44018.0,9.087191603434753e-05,0.011857707509881155,0.0013589293120714451,44551.0,44388.0,-0.00015712329689568906,0.003514463368477888,0,0.01090491290594845,44567.10892971999,44399.99107028002,0.003756846282276578,0,8157.902185223726,1083.3191362906334,44483.55,4.408065410294367,0.921465968581563,0.00035932446999642487,0
2026-06-09 11:33:00,44545.0,44547.0,44530.0,44535.0,98,11:33:00,2026-06-09,1,-0.0002020474137931494,98,44059.68594481094,0.0107879583114693,35.052452492469456,32.28092207847526,2.771530413994199,34.214285714285715,61.40350876891352,47.05882352525951,10.0,2.0,5.0,8.0,1,44022.0,44018.0,9.087191603434753e-05,0.01165326427695217,0.0010170882057102813,44551.0,44409.0,-0.0003591389643330036,0.0028372627170167573,0,0.010683675569969495,44568.92967574921,44410.57032425079,0.0035594569872480857,0,5668.090909090909,-2257.239211365791,44489.75,4.148743121967896,0.507509062659205,-0.0002020474137931494,1
2026-06-09 11:34:00,44532.0,44553.0,44531.0,44541.0,175,11:34:00,2026-06-09,1,0.0001347254968002698,175,44061.07647246309,0.010892233371484558,34.64031312446605,32.752800287673416,1.8875128367926308,33.714285714285715,59.854014595481914,70.96774192861602,9.0,12.0,1.0,9.4,0,44022.0,44018.0,9.087191603434753e-05,0.011789559765571493,0.0010383235793844686,44553.0,44426.0,-0.00026934213184296753,0.0025885742583171435,0,0.010786058764999409,44573.501568226005,44416.098431774,0.0035375625118441163,0,9841.761363636364,2062.2729842123117,44494.8,4.035807391936337,0.9348290598240662,0.0001347254968002698,0
2026-06-09 11:35:00,44539.0,44566.0,44539.0,44563.0,220,11:35:00,2026-06-09,1,0.0004939269437147509,220,44062.8650196568,0.011350487085215105,35.677636262073065,33.337767482553346,2.339868779519719,33.285714285714285,61.13074204644583,75.6756756695398,24.0,3.0,0.0,12.6,1,44022.0,44018.0,9.087191603434753e-05,0.012289309890509012,0.0013954773948391414,44566.0,44436.0,-6.731589103800953e-05,0.002858043028175289,0,0.011238761021534193,44580.944461323765,44420.85553867624,0.0035974311226856736,0,11439.743290548424,4022.898327058938,44500.9,3.9003182075168334,1.1609498680677524,0.0004939269437147509,0
2026-06-09 11:36:00,44563.0,44570.0,44551.0,44554.0,131,11:36:00,2026-06-09,1,-0.00020196126831673045,131,44063.92890120037,0.011121820296561587,35.365822352650866,33.743378456572856,1.6224438960780105,29.714285714285715,73.61702127221005,75.6756756695398,9.0,7.0,3.0,12.6,0,44022.0,44018.0,9.087191603434753e-05,0.012084866657580027,0.0010695091043085372,44570.0,44436.0,-0.00035898586493156027,0.0026555045458636546,0,0.011011250040435018,44585.08765702173,44427.71234297827,0.003536015360565063,0,7295.7175,2871.5604901441884,44506.4,3.742435055265866,0.7164342357084145,-0.00020196126831673045,1
2026-06-09 11:37:00,44553.0,44573.0,44553.0,44561.0,97,11:37:00,2026-06-09,1,0.0001571127171522413,97,44064.72007113322,0.011262523126565433,35.276898949508904,34.05008255516007,1.2268163943488375,27.785714285714285,70.33492822495364,76.31578946765927,8.0,12.0,0.0,12.0,0,44022.0,44018.0,9.087191603434753e-05,0.012243878060969238,0.0011030758066943322,44573.0,44437.0,-0.0002692212774549555,0.0027904674032899887,0,0.011149376433420502,44589.65508106058,44434.144918939426,0.0034936761207934766,0,5995.030513176144,-3908.579682365838,44511.9,3.8431457159035536,0.53993876982722,0.0001571127171522413,-1
2026-06-09 11:38:00,44557.0,44580.0,44556.0,44578.0,216,11:38:00,2026-06-09,1,0.00038149951751531574,216,44066.50456062533,0.011607352216261116,36.16133903024456,34.472333850176966,1.6890051800675963,28.071428571428573,74.20814479167912,72.72727272066115,21.0,2.0,1.0,14.2,1,44022.0,44018.0,9.087191603434753e-05,0.012630048612057321,0.001370263045578063,44580.0,44437.0,-4.4863167339613175e-05,0.0031730314827732933,0,0.011489890140275742,44598.1470400226,44435.8529599774,0.0036456652524923415,0,11476.576877234804,32.19791366892999,44517.0,3.6179043569902056,1.260210034998482,0.00038149951751531574,0
2026-06-09 11:39:00,44580.0,44595.0,44575.0,44585.0,260,11:39:00,2026-06-09,1,0.00015702813046791775,260,44068.69365507237,0.01171594395261116,37.000585942165344,34.977984268574644,2.0226016735906995,27.071428571428573,81.42857142314286,99.99999999032258,5.0,10.0,5.0,13.4,0,44022.0,44018.0,9.087191603434753e-05,0.012789060015446533,0.0013981616140062913,44595.0,44437.0,-0.00022424038569345838,0.0033305578684428897,0,0.011596461245714135,44606.140962524456,44439.359037475544,0.0037459933415817355,0,12545.56277056277,7195.790229765299,44522.75,3.673628961227721,1.4772727272643338,0.00015702813046791775,0
2026-06-09 11:40:00,44590.0,44607.0,44578.0,44607.0,234,11:40:00,2026-06-09,1,0.0004934394975888434,234,44070.694782364866,0.01216920269316306,38.99144222994073,35.780675860847865,3.210766369092866,26.428571428571427,80.78817733432987,99.99999999347826,17.0,0.0,12.0,12.0,1,44022.0,44018.0,9.087191603434753e-05,0.013288810140384053,0.0017572916374252196,44607.0,44437.0,0.0,0.0038256407948330487,0,0.01204402139370905,44618.34763859217,44439.15236140783,0.004024260218046347,0,11127.972281449893,8561.99440018252,44528.75,3.7855045504681994,1.3018080667521459,0.0004934394975888434,0
2026-06-09 11:41:00,44607.0,44623.0,44584.0,44613.0,182,11:41:00,2026-06-09,1,0.0001345080368551077,182,44072.268169940966,0.0122692081100519,40.58551547842944,36.741643784364186,3.843871694065257,26.071428571428573,77.19298244982045,99.99999999142857,6.0,10.0,23.0,11.4,0,44022.0,44018.0,9.087191603434753e-05,0.013425105629003377,0.0017649277861607382,44623.0,44437.0,-0.00022409967953745325,0.003960663411121274,0,0.012141890988966326,44630.387718508464,44438.41228149154,0.004310722430681014,0,8209.87462082912,-2846.408202854972,44534.4,3.908619179190299,1.0299943406846068,0.0001345080368551077,0
2026-06-09 11:42:00,44613.0,44623.0,44608.0,44621.0,139,11:42:00,2026-06-09,1,0.00017931992916864203,139,44073.48747659742,0.012422718390354177,42.01009690697538,37.795334408886426,4.214762498088952,23.928571428571427,73.99999999309334,99.99999999166667,8.0,2.0,5.0,11.4,0,44022.0,44018.0,9.087191603434753e-05,0.013606832947162474,0.0017443700848386928,44623.0,44437.0,-4.481993590749065e-05,0.004140693566172241,0,0.01229169198066985,44636.575144764254,44450.02485523575,0.0041880662081277865,0,6015.828322017459,-5204.815892250643,44543.3,4.615617858286586,0.8142940831821074,0.00017931992916864203,0
2026-06-09 11:43:00,44617.0,44650.0,44606.0,44635.0,282,11:43:00,2026-06-09,1,0.00031375361376939637,282,44076.0032255136,0.01268256496911241,43.76428353154188,38.98912423341752,4.775159298124358,25.714285714285715,76.68711655783056,99.99999998928571,18.0,15.0,11.0,10.8,1,44022.0,44018.0,9.087191603434753e-05,0.013924855753940896,0.0018798574675233158,44650.0,44437.0,-0.0003359462486002165,0.004455746337511433,0,0.01254727475629493,44647.43157170721,44455.06842829279,0.00431779452685199,0,11474.083865086599,311.02843796049643,44551.25,5.052915251382534,1.5918712955032919,0.00031375361376939637,0
2026-06-09 11:44:00,44635.0,44651.0,44633.0,44636.0,159,11:44:00,2026-06-09,1,2.240394309405147e-05,159,44077.4362448997,0.012672328580928344,44.71968007749092,40.1352354022322,4.584444675258723,25.071428571428573,82.35294116893502,99.99999998695652,1.0,15.0,2.0,10.0,0,44022.0,44018.0,9.087191603434753e-05,0.013947571668710784,0.0017168056194526036,44651.0,44437.0,-0.00033593872477659327,0.004478250106892804,0,0.012535233902990146,44655.00199777067,44463.99800222933,0.0042864932403041634,0,7125.626506024097,-1320.6634265207867,44559.5,5.636092548681142,0.8741066520017916,2.240394309405147e-05,0
2026-06-09 11:45:00,44637.0,44660.0,44635.0,44645.0,202,11:45:00,2026-06-09,1,0.0002016309705170638,202,44079.267792290535,0.01283442842960288,45.676532869023504,41.24349489559046,4.433037973433045,25.142857142857142,88.23529410957323,99.9999999875,8.0,15.0,2.0,8.2,0,44022.0,44018.0,9.087191603434753e-05,0.014152014901639769,0.0017029735848379205,44660.0,44448.0,-0.00033587102552619044,0.004432145428365631,0,0.012693372935721214,44657.8904689011,44480.309531098894,0.003984395866243778,0,9355.072614107883,5550.763940302372,44569.1,5.792116884019736,1.0913019989136072,0.0002016309705170638,0
2026-06-09 11:46:00,44641.0,44688.0,44635.0,44679.0,390,11:46:00,2026-06-09,1,0.0007615634449547048,390,44082.898401139784,0.013522286884040042,48.61792428267654,42.71838077300768,5.8995435096688595,26.571428571428573,89.47368420320099,99.99999999318182,38.0,9.0,6.0,14.6,1,44022.0,44018.0,9.087191603434753e-05,0.014924356003815935,0.0022443328073003216,44688.0,44480.0,-0.00020139634801288488,0.004473920863309252,0,0.013371817839141624,44670.71508910376,44487.184910896234,0.004116969516050101,0,14867.585324232083,2957.5358686990667,44578.95,6.217558429897498,1.956358164023294,0.0007615634449547048,0
2026-06-09 11:47:00,44679.0,44680.0,44660.0,44670.0,137,11:47:00,2026-06-09,1,-0.0002014369166722929,137,44084.16892286793,0.013288921883886645,49.65043408788188,44.10479143598252,5.545642651899357,26.785714285714285,89.47368420320099,82.69230768753698,9.0,1.0,10.0,14.8,0,44022.0,44018.0,9.087191603434753e-05,0.01471991277088695,0.001873887694579879,44688.0,44505.0,-0.00040279269602576975,0.003707448601280672,0,0.01313921779222287,44682.354502936505,44490.54549706349,0.004301957340694574,0,5230.589743589743,-2659.4668705022145,44586.45,6.048092999247543,0.7056399690924252,-0.0002014369166722929,1
2026-06-09 11:48:00,44672.0,44689.0,44642.0,44646.0,243,11:48:00,2026-06-09,1,-0.0005372733378106176,243,44086.36693941778,0.01269401630103114,47.979033689247444,44.8796398866355,3.0993938026119423,28.571428571428573,77.77777777201646,50.7462686544442,26.0,17.0,4.0,16.4,1,44022.0,44018.0,9.087191603434753e-05,0.014174730816409655,0.001226696687470333,44689.0,44511.0,-0.0009622054644319416,0.0030329581451775285,0,0.012550274618192555,44689.023778280425,44493.57622171958,0.004383087206716112,0,9592.376657824934,253.66349734066807,44591.3,4.981029457629695,1.2666145426048132,-0.0005372733378106176,0
2026-06-09 11:49:00,44647.0,44655.0,44623.0,44646.0,332,11:49:00,2026-06-09,1,0.0,332,44089.25114534089,0.012627768451402554,46.12276233773446,45.1282643768553,0.9944979608791584,28.928571428571427,74.85029939492273,0.0,1.0,8.0,23.0,16.4,0,44022.0,44018.0,9.087191603434753e-05,0.014174730816409655,0.0011166870719927214,44689.0,44511.0,-0.0009622054644319416,0.0030329581451775285,0,0.012484221854308208,44694.60753073097,44497.79246926902,0.004413269773253042,0,11366.926380368099,-2354.5578300185707,44596.2,3.8695393229315633,1.653386454175033,0.0,0
2026-06-09 11:50:00,44648.0,44654.0,44614.0,44629.0,138,11:50:00,2026-06-09,1,-0.0003807731935672187,138,44090.42180047902,0.01221531066221553,42.786677804921055,44.659947062468454,-1.873269257547399,30.428571428571427,71.42857142285715,0.0,19.0,6.0,15.0,18.6,1,44022.0,44018.0,9.087191603434753e-05,0.013788560265321572,0.0006322756542482749,44689.0,44511.0,-0.0013426122759515465,0.0026510300824514697,0,0.012075527782483084,44696.10803246288,44505.49196753713,0.004273826140467134,0,4966.775806451613,-504.3674806678211,44600.8,3.218466596915839,0.6901725431323323,-0.0003807731935672187,1
2026-06-09 11:51:00,44628.0,44628.0,44585.0,44600.0,235,11:51:00,2026-06-09,1,-0.0006498016984471944,235,44092.301330635746,0.01151445159455736,37.37194858057774,43.20234736609031,-5.830398785512571,32.142857142857146,59.89847715310366,0.0,28.0,0.0,15.0,16.6,1,44022.0,44018.0,9.087191603434753e-05,0.013129798736994842,-9.864497672878364e-05,44689.0,44511.0,-0.001991541542661461,0.0019995057401540743,0,0.011382255323785154,44693.35747061527,44515.44252938473,0.0039887307357690605,0,9659.907834101383,70.4008804964517,44604.4,2.937792798146397,1.1616411270333087,-0.0006498016984471944,0
2026-06-09 11:52:00,44596.0,44602.0,44562.0,44582.0,375,11:52:00,2026-06-09,1,-0.00040358744394619617,375,44095.14268915365,0.011041064415607336,31.267850771415397,40.81544804715533,-9.547597275739932,33.285714285714285,51.01010100649423,0.0,14.0,6.0,20.0,17.6,0,44022.0,44018.0,9.087191603434753e-05,0.01272091227113687,-0.0005447660980624344,44689.0,44530.0,-0.0023943252254469247,0.001167752077251265,0,0.010914541462671023,44691.36369130405,44521.23630869596,0.0038139765595461427,1,12636.621315192744,1117.00814480293,44606.3,2.264766953239474,1.766784452288496,-0.00040358744394619617,0
2026-06-09 11:53:00,44588.0,44608.0,44579.0,44608.0,216,11:53:00,2026-06-09,1,0.0005831950114396633,216,44096.81880146809,0.011592246616095519,28.203183248318965,38.292995087388064,-10.0898118390691,33.92857142857143,55.299539166939205,35.61643835470069,20.0,0.0,9.0,16.4,1,44022.0,44018.0,9.087191603434753e-05,0.01331152605515394,-4.3712221152389686e-05,44689.0,44531.0,-0.0018125265725345877,0.0017291325144281125,0,0.011458905435489075,44688.117094970774,44531.78290502922,0.003504469068930814,1,7434.666666666667,4968.798585612376,44609.95,2.051532707932185,0.9901443960532196,0.0005831950114396633,0
2026-06-09 11:54:00,44607.0,44613.0,44592.0,44600.0,100,11:54:00,2026-06-09,1,-0.0001793400286943525,100,44097.596136277316,0.011392998887514534,24.84251002369274,35.602898074649,-10.760388050956259,33.357142857142854,48.27586206563615,49.99999999711539,7.0,6.0,8.0,17.6,0,44022.0,44018.0,9.087191603434753e-05,0.013129798736994842,-0.0002891540339229498,44689.0,44539.0,-0.001991541542661461,0.0013695862053480913,0,0.011261403399525088,44684.26828131797,44541.53171868203,0.0031994459592614593,1,4191.729323308271,-5660.694288913774,44612.9,1.9056415958963688,0.4664179104455857,-0.0001793400286943525,1
2026-06-09 11:55:00,44602.0,44614.0,44595.0,44604.0,76,11:55:00,2026-06-09,1,8.968609865478427e-05,76,44098.18842853188,0.011470121324549545,22.24548672777746,32.93141580527469,-10.685929077497228,31.928571428571427,47.761194026524095,78.94736841481995,2.0,10.0,7.0,14.2,0,44022.0,44018.0,9.087191603434753e-05,0.013220662396074391,-0.00024543342534277964,44689.0,44551.0,-0.0019020340575980242,0.0011896478193530744,0,0.011337266352828092,44682.538460548654,44547.36153945134,0.003029857056823135,1,3383.1377245508984,-7322.751358796022,44614.95,1.939187962237213,0.3667953667935966,8.968609865478427e-05,-1
2026-06-09 11:56:00,44605.0,44614.0,44575.0,44579.0,144,11:56:00,2026-06-09,1,-0.0005604878486233922,144,44099.27373170058,0.010878325825002389,17.962970051747106,29.937726654569175,-11.974756602822069,33.642857142857146,40.36697247447184,10.810810809934253,26.0,9.0,4.0,13.8,1,44022.0,44018.0,9.087191603434753e-05,0.012652764526827209,-0.0008337778654389272,44689.0,44553.0,-0.002461455839244502,0.0005835746189930963,0,0.010752288816604911,44679.85234521972,44552.547654780275,0.0028533288455637276,1,7046.515916575192,-522.0822499436983,44616.2,1.4010327292453815,0.6928073129627481,-0.0005604878486233922,1
2026-06-09 11:57:00,44576.0,44590.0,44560.0,44583.0,116,11:57:00,2026-06-09,1,8.972834742815294e-05,116,44100.123791142025,0.010949543161032011,14.722104051412316,26.894602133937806,-12.17249808252549,32.642857142857146,37.49999999747596,24.242424240220373,7.0,7.0,16.0,12.4,0,44022.0,44018.0,9.087191603434753e-05,0.012743628185906759,-0.0007687600997819712,44689.0,44556.0,-0.0023719483541810656,0.0006059789927282386,0,0.01082262281352669,44677.60833057036,44556.99166942965,0.0027033608295595445,1,7931.944785276074,8922.84585545682,44617.3,0.9862618211327788,0.5555555555528948,8.972834742815294e-05,-1
2026-06-09 11:58:00,44584.0,44606.0,44582.0,44597.0,89,11:58:00,2026-06-09,1,0.0003140210394096954,89,44100.797545292764,0.011251552859052286,13.13199987392727,24.1420816819357,-11.01008180800843,33.07142857142857,41.17647058562683,41.86046511335857,13.0,9.0,2.0,11.0,1,44022.0,44018.0,9.087191603434753e-05,0.01306165099268518,-0.0004762625158987528,44689.0,44560.0,-0.002058672156459038,0.000830341113105906,0,0.011121064916423772,44676.51572522663,44559.98427477337,0.0026117440834917418,1,7560.253333333333,12346.868347894215,44618.25,0.7396623777462287,0.4396147196817011,0.0003140210394096954,-1
2026-06-09 11:59:00,44598.0,44599.0,44581.0,44585.0,80,11:59:00,2026-06-09,1,-0.0002690763952731823,80,44101.39345464546,0.010965788322581582,10.779274380183779,21.469520221585316,-10.690245841401538,32.57142857142857,36.607142854854914,59.999999994,13.0,1.0,4.0,12.2,1,44022.0,44018.0,9.087191603434753e-05,0.012789060015446533,-0.0007452107601709896,44689.0,44560.0,-0.0023271946116493474,0.0005610412926391257,0,0.010838760940972072,44676.51572522663,44559.98427477337,0.0026117440834917418,1,7062.970297029703,23.351086763042908,44618.25,0.45947436133129005,0.41354355130310916,-0.0002690763952731823,1
2026-06-09 12:00:00,44584.0,44596.0,44583.0,44593.0,54,12:00:00,2026-06-09,1,0.00017943254457786217,54,44101.79679413785,0.011137940890594942,9.451306835166179,19.06587754430149,-9.614570709135311,29.714285714285715,28.282828280828483,64.70588234723184,9.0,3.0,1.0,13.6,0,44022.0,44018.0,9.087191603434753e-05,0.01297078733360563,-0.0005502319154682935,44689.0,44560.0,-0.0021481796415224745,0.0007405745062836459,0,0.011009192702471046,44676.71426730433,44558.38573269568,0.0026520625764670175,1,4985.552795031056,-3714.589637227874,44617.55,0.056032077243580405,0.2927622661952141,0.00017943254457786217,-1
2026-06-09 12:01:00,44592.0,44596.0,44538.0,44568.0,210,12:01:00,2026-06-09,1,-0.000560626107236617,210,44103.28447082097,0.010536982330340536,6.30886722770083,16.514475480981357,-10.205608253280527,32.42857142857143,26.168224297353476,17.777777776592586,24.0,4.0,30.0,13.2,1,44022.0,44018.0,9.087191603434753e-05,0.01240288946435845,-0.0010601744244687775,44689.0,44538.0,-0.002707601423168952,0.0006735821096591524,0,0.010416057477569865,44678.47927707698,44552.12072292303,0.002832179861033047,1,17047.868852459018,12549.335453211026,44615.3,-0.6611644338352781,1.129943502818779,-0.000560626107236617,0
2026-06-09 12:02:00,44571.0,44573.0,44542.0,44555.0,135,12:02:00,2026-06-09,1,-0.00029168910429011596,135,44104.21395596051,0.010220929104180414,2.7379089343521628,13.75916217165552,-11.021253237303357,31.285714285714285,27.586206894649223,17.391304346691868,16.0,2.0,13.0,15.0,1,44022.0,44018.0,9.087191603434753e-05,0.012107582572349914,-0.001277683134582595,44689.0,44538.0,-0.0029985007496251205,0.000381696528806853,0,0.010104591680253676,44680.58878226039,44543.41121773961,0.0030749028180933084,1,10589.656690140846,4993.20575451701,44612.0,-1.4007721055845983,0.7271747912699856,-0.00029168910429011596,1
2026-06-09 12:03:00,44559.0,44561.0,44524.0,44534.0,112,12:03:00,2026-06-09,1,-0.00047132757266299397,112,44104.953331716235,0.009727856756969388,-1.766265328915324,10.654076671541352,-12.420342000456676,31.642857142857142,24.999999998437502,0.0,25.0,2.0,10.0,17.4,1,44022.0,44018.0,9.087191603434753e-05,0.011630548362182282,-0.0016353953812129156,44689.0,44524.0,-0.0034684150462081617,0.00022459796963434947,0,0.00961838162626576,44682.88757823895,44531.01242176104,0.003404742007196305,1,8439.60744500846,6928.127716188166,44606.95,-2.3757467633264984,0.6322325712637187,-0.00047132757266299397,1
2026-06-09 12:04:00,44531.0,44575.0,44528.0,44559.0,164,12:04:00,2026-06-09,1,0.0005613688417838159,164,44106.067018520196,0.010269176376338576,-3.2807464146171696,7.867112054309648,-11.147858468926817,32.142857142857146,34.91379310134141,42.37288135377765,28.0,16.0,3.0,20.4,1,44022.0,44018.0,9.087191603434753e-05,0.012198446231429464,-0.0009887205149417318,44689.0,44524.0,-0.002908993264561684,0.0007860928937202232,0,0.010154742192354203,44680.62731267007,44525.57268732993,0.0034763194786940218,0,10826.186666666666,-3649.5366310229,44603.1,-2.7344879447194943,0.9244644870297382,0.0005613688417838159,0
2026-06-09 12:05:00,44557.0,44569.0,44549.0,44564.0,83,12:05:00,2026-06-09,1,0.00011221077672307622,83,44106.63690736909,0.01036948461047794,-4.031057847416378,5.487478073964443,-9.51853592138082,30.428571428571427,41.346153843370935,58.823529408304495,7.0,5.0,8.0,20.0,0,44022.0,44018.0,9.087191603434753e-05,0.0123120258052789,-0.0007858911792964676,44689.0,44524.0,-0.0027971089082323886,0.0008983918785373979,0,0.010254996297699215,44675.82026562101,44522.27973437899,0.003442686138875502,0,5253.994318181818,-5038.560293391402,44599.05,-2.9028064197967116,0.48410615339466845,0.00011221077672307622,-1
2026-06-09 12:06:00,44567.0,44590.0,44563.0,44564.0,101,12:06:00,2026-06-09,1,0.0,101,44107.346232343036,0.010353236063023415,-4.572970703906321,3.4753883183902907,-8.048359022296612,29.5,45.26315789140166,99.99999999,3.0,23.0,1.0,15.8,0,44022.0,44018.0,9.087191603434753e-05,0.0123120258052789,-0.0006570493773728846,44689.0,44524.0,-0.0027971089082323886,0.0008983918785373979,0,0.010240412072148819,44661.61844937947,44524.981550620534,0.003064067892686447,1,7564.645378151261,-1036.7331330969528,44593.3,-3.060061268478159,0.6433121019067305,0.0,0
2026-06-09 12:07:00,44568.0,44576.0,44555.0,44555.0,53,12:07:00,2026-06-09,1,-0.00020195673637912748,53,44107.7093360256,0.010140872666199924,-5.663381395417673,1.6476343756286982,-7.311015771046371,28.928571428571427,34.682080922048854,35.71428570663265,13.0,8.0,0.0,15.2,0,44022.0,44018.0,9.087191603434753e-05,0.012107582572349914,-0.0007300244126443857,44689.0,44524.0,-0.0029985007496251205,0.0006962537058664834,0,0.010031738993831087,44647.53763029795,44527.56236970206,0.002690779390118771,1,4603.148148148148,-5748.135248470238,44587.55,-3.4863047635692666,0.3468586387411855,-0.00020195673637912748,1
2026-06-09 12:08:00,44553.0,44592.0,44553.0,44581.0,166,12:08:00,2026-06-09,1,0.0005835484232969979,166,44108.876129206816,0.010703602363619405,-4.379077733268787,0.44229195384920117,-4.821369687117988,30.214285714285715,45.02617800717086,74.28571427934693,28.0,11.0,0.0,15.8,1,44022.0,44018.0,9.087191603434753e-05,0.012698196356366983,-7.401708673238868e-05,44655.0,44524.0,-0.0016571492554024935,0.0012802084269157921,0,0.010589464694817991,44637.62758740306,44530.972412596944,0.0023922137345683357,1,13051.932980599648,14841.924429633493,44584.3,-3.3072453337010543,1.114467942255022,0.0005835484232969979,0
2026-06-09 12:09:00,44581.0,44596.0,44573.0,44584.0,93,12:09:00,2026-06-09,1,6.72932415155536e-05,93,44109.53983669058,0.010756407005514739,-3.0836366562725743,-0.262893768175154,-2.8207428880974206,30.5,44.73684210196676,76.31578946765927,3.0,12.0,8.0,10.8,0,44022.0,44018.0,9.087191603434753e-05,0.012766344100676645,6.280674364985348e-05,44654.0,44524.0,-0.0015676087248622393,0.0013475878178060968,0,0.01064260637464694,44625.94300885483,44536.45699114516,0.0020072590623327483,1,8359.5,1050.7493505835632,44581.2,-2.7134121045102786,0.6788321167833662,6.72932415155536e-05,-1
2026-06-09 12:10:00,44582.0,44596.0,44580.0,44591.0,72,12:10:00,2026-06-09,1,0.00015700699802612128,72,44110.057441449004,0.010903240359398327,-1.475144226642442,-0.5053438598686115,-0.9698003667738304,28.857142857142858,53.48837208866955,99.99999999166667,9.0,5.0,2.0,11.2,0,44022.0,44018.0,9.087191603434753e-05,0.012925355504065856,0.00026245365001237856,44628.0,44524.0,-0.000829075916464981,0.0015048063965501415,0,0.010788472644276277,44618.363241562634,44540.23675843737,0.001752528261441098,1,6619.694845360825,4380.799036467979,44579.3,-1.8502922901123744,0.5385190725464585,0.00015700699802612128,-1
2026-06-09 12:11:00,44592.0,44592.0,44577.0,44589.0,72,12:11:00,2026-06-09,1,-4.485210019955499e-05,72,44110.57069466495,0.010846137281848913,-0.35766275925561786,-0.4758076397460128,0.11814488049039495,27.785714285714285,51.76470587808997,83.3333333125,3.0,0.0,12.0,11.2,0,44022.0,44018.0,9.087191603434753e-05,0.012879923674526082,0.00022993017973809877,44614.0,44524.0,-0.0005603622181377918,0.0014598868026232715,0,0.010732227918796236,44616.88480244041,44540.61519755959,0.0017108959959804201,1,7040.368421052632,-4605.880652683849,44578.75,-1.2448328223170286,0.5734767025043929,-4.485210019955499e-05,1
2026-06-09 12:12:00,44589.0,44615.0,44589.0,44605.0,107,12:12:00,2026-06-09,1,0.0003588328960058007,107,44111.358605117166,0.011190800068115736,1.7982861141645117,-0.020988888963907937,1.8192750031284195,27.928571428571427,52.32558139108977,91.99999998896,16.0,10.0,0.0,11.8,1,44022.0,44018.0,9.087191603434753e-05,0.013243378310844277,0.00056303401308657,44615.0,44524.0,-0.0002241398632746784,0.0018192435540382308,0,0.011073183091097623,44619.79407025338,44540.00592974662,0.0017897783643919863,1,9358.303921568628,1194.8129930840691,44579.9,-0.2916027383730439,0.9540793579941678,0.0003588328960058007,0
2026-06-09 12:13:00,44608.0,44608.0,44596.0,44596.0,52,12:13:00,2026-06-09,1,-0.00020177110189445457,52,44111.738274187526,0.010978069438171152,2.748977839895815,0.5330044568080368,2.2159733830877784,27.5,53.254437865410864,59.259259252674894,12.0,0.0,0.0,8.6,1,44022.0,44018.0,9.087191603434753e-05,0.013038935077915292,0.0003746133295048759,44615.0,44524.0,-0.00042586574022188893,0.0016171053813673162,0,0.010862927991522138,44617.749419943764,44540.85058005624,0.001724989847025882,1,5856.040404040404,-1153.6097345266614,44579.3,0.0,0.5002405002356879,-0.00020177110189445457,1
2026-06-09 12:14:00,44591.0,44594.0,44577.0,44583.0,61,12:14:00,2026-06-09,1,-0.00029150596466054335,61,44112.16894077369,0.010673496011008867,2.4254573647340294,0.9114950383932353,1.5139623263407942,27.928571428571427,47.12643677781741,42.105263154570636,8.0,3.0,6.0,9.6,0,44022.0,44018.0,9.087191603434753e-05,0.012743628185906759,0.00010206725446943105,44615.0,44524.0,-0.0007172475624789709,0.0013251280208426619,0,0.010561853523985185,44615.70573073981,44541.19426926018,0.0016714681977419883,1,7471.326923076923,612.1249290528705,44578.45,-0.06729663797278085,0.5980392156804114,-0.00029150596466054335,1
2026-06-09 12:15:00,44582.0,44588.0,44562.0,44564.0,82,12:15:00,2026-06-09,1,-0.00042617141062739616,82,44112.730333392974,0.010229919191046046,0.628676851549244,0.8549314010244371,-0.22625454947519308,25.642857142857142,48.80952380545635,0.0,18.0,6.0,2.0,11.4,1,44022.0,44018.0,9.087191603434753e-05,0.0123120258052789,-0.00027929545757898646,44615.0,44524.0,-0.00114311330270086,0.0008983918785373979,0,0.010123499439883974,44612.19456159307,44540.70543840693,0.0016037419576062834,1,9770.716577540106,440.6916674515851,44576.45,-0.7738913725702313,0.8015640273626435,-0.00042617141062739616,0
2026-06-09 12:16:00,44566.0,44578.0,44550.0,44566.0,131,12:16:00,2026-06-09,1,4.487927475094189e-05,131,44113.61135334356,0.010255080751219088,-0.6266774177711341,0.5586096372653229,-1.185287055036457,25.428571428571427,53.50318470860481,5.882352940657441,0.0,12.0,16.0,10.8,0,44022.0,44018.0,9.087191603434753e-05,0.012357457634818674,-0.00021985023263750041,44615.0,44524.0,-0.001098285330045924,0.0009433114724642677,0,0.010148749919383016,44611.82104646929,44539.77895353072,0.0016161704992074429,1,13483.016166281755,13024.117383102554,44575.8,-0.785117756447499,1.2887358583247541,4.487927475094189e-05,0
2026-06-09 12:17:00,44566.0,44600.0,44566.0,44598.0,116,12:17:00,2026-06-09,1,0.0007180361710721339,116,44114.42883953552,0.010961745922710278,0.9496310882313992,0.6368139274585382,0.31281716077286104,25.214285714285715,69.04761904186509,64.15094339259522,32.0,2.0,0.0,14.0,1,44022.0,44018.0,9.087191603434753e-05,0.013084366907455068,0.000481194708877125,44615.0,44524.0,-0.0003810377675669533,0.0016620249752941861,0,0.01084810646998189,44613.805730739776,44539.29426926023,0.0016715394412430754,1,11704.452488687783,5665.82831830832,44576.55,-0.42621490877187956,1.1411706837074158,0.0007180361710721339,0
2026-06-09 12:18:00,44594.0,44606.0,44594.0,44598.0,105,12:18:00,2026-06-09,1,0.0,105,44115.18403045585,0.010944439656214895,2.1738086232653586,0.9442128666199022,1.2295957566454563,22.714285714285715,63.6363636301335,99.99999999117647,4.0,8.0,0.0,12.4,0,44022.0,44018.0,9.087191603434753e-05,0.013084366907455068,0.00048007250440816433,44615.0,44524.0,-0.0003810377675669533,0.0016620249752941861,0,0.010831152881649547,44613.97378759599,44539.226212404006,0.001676834374806131,1,9460.181818181818,-317.82188838852704,44576.6,0.03365005513033344,1.0248901903267458,0.0,0
2026-06-09 12:19:00,44595.0,44613.0,44593.0,44598.0,120,12:19:00,2026-06-09,1,0.0,120,44116.04778402922,0.01092464624959541,3.1081493288002093,1.3770001590559637,1.7311491697442456,22.714285714285715,62.31884057338794,99.999999990625,3.0,15.0,2.0,11.4,0,44022.0,44018.0,9.087191603434753e-05,0.013084366907455068,0.0004654840753971933,44615.0,44524.0,-0.0003810377675669533,0.0016620249752941861,0,0.010811618392134258,44615.676279375446,44538.823720624554,0.001724030951906866,1,9660.216606498196,-2835.270322781036,44577.25,0.32528860951392674,1.1488750598262434,0.0,0
2026-06-09 12:20:00,44600.0,44612.0,44598.0,44601.0,54,12:20:00,2026-06-09,1,6.72675904749287e-05,54,44116.43733664724,0.010983721547030345,4.044078379243729,1.910415803093517,2.1336625761502117,21.785714285714285,63.12056736961923,99.9999999,1.0,11.0,2.0,8.0,0,44022.0,44018.0,9.087191603434753e-05,0.01315251465176473,0.0005238050906675884,44615.0,44524.0,-0.00031379580858454975,0.001729404366184491,0,0.010870080934117128,44616.9238026962,44538.376197303805,0.0017620400669929972,1,4578.809885931559,-6087.976015659916,44577.65,0.2467665173725972,0.5169937769218095,6.72675904749287e-05,-1
2026-06-09 12:21:00,44602.0,44610.0,44571.0,44573.0,101,12:21:00,2026-06-09,1,-0.000627788614605107,101,44117.13592830588,0.010333038673111748,2.4976515284070047,2.0278629481562147,0.46978858025078996,23.071428571428573,55.62499999513281,9.67741935390218,29.0,8.0,2.0,13.8,1,44022.0,44018.0,9.087191603434753e-05,0.012516469038207885,-0.00010991993790648158,44615.0,44524.0,-0.0009413874257536493,0.0011005300512083125,0,0.010226234786612031,44616.978328888865,44538.82167111114,0.0017532601979394476,1,9076.35685483871,-405.72683561474753,44577.9,0.2916328297813002,1.020202020191715,-0.000627788614605107,0
2026-06-09 12:22:00,44573.0,44585.0,44550.0,44563.0,104,12:22:00,2026-06-09,1,-0.00022435106454576914,104,44117.824461521064,0.010090604963243405,0.4598794768535299,1.7142662538956779,-1.254386777042148,22.785714285714285,43.74999999574653,7.317073170196309,10.0,12.0,13.0,9.4,1,44022.0,44018.0,9.087191603434753e-05,0.012289309890509012,-0.0003432163182535576,44615.0,44524.0,-0.0011655272890283277,0.0008759320815739629,0,0.009986373156421976,44616.54629324055,44540.053706759456,0.0017159152879560723,1,9575.520661157025,-87.67499611157582,44578.3,0.2355461586353825,1.067213955863856,-0.00022435106454576914,0
2026-06-09 12:23:00,44562.0,44564.0,44550.0,44556.0,91,12:23:00,2026-06-09,1,-0.00015708098646860513,91,44118.412687190066,0.009918473629423637,-1.7003109279394266,1.031350817528657,-2.7316617454680836,22.142857142857142,40.54054053670562,0.0,6.0,2.0,6.0,9.8,0,44022.0,44018.0,9.087191603434753e-05,0.012130298487119802,-0.0005249061225588709,44615.0,44528.0,-0.0013224251933206025,0.0006288178224936978,0,0.009815908531965975,44613.30016300709,44545.499836992916,0.001520889155398433,1,8626.8,8840.703621493289,44579.4,0.3925734084232793,0.9439834024798341,-0.00015708098646860513,0
2026-06-09 12:24:00,44555.0,44561.0,44508.0,44552.0,495,12:24:00,2026-06-09,1,-8.977466558934832e-05,495,44121.46673003339,0.009757909287125709,-3.692479354176612,0.08658478318760321,-3.779064137364215,24.785714285714285,36.55172413440191,0.0,3.0,6.0,44.0,9.8,0,44022.0,44018.0,9.087191603434753e-05,0.012039434828040253,-0.0006067872689077561,44615.0,44508.0,-0.0014120811386304738,0.0009885863215601468,0,0.009657748874563296,44613.96629086395,44544.133709136055,0.001566488781790884,1,26098.508875739644,18754.3882343346,44579.05,0.25797536447465114,4.382470119483112,-8.977466558934832e-05,0
2026-06-09 12:25:00,44549.0,44585.0,44549.0,44571.0,136,12:25:00,2026-06-09,1,0.0004264679475669553,136,44122.35366773203,0.010168232085861463,-3.6955460202661925,-0.669841377503156,-3.0257046427630367,26.285714285714285,44.44444444060357,63.333333327,22.0,14.0,0.0,14.0,1,44022.0,44018.0,9.087191603434753e-05,0.012471037208668111,-0.00018842783886730794,44615.0,44508.0,-0.000986215398408585,0.0014154758695065738,0,0.01006398319106942,44613.81786560726,44544.98213439274,0.0015441152463811089,1,6539.003236245955,-3171.125134979514,44579.4,0.246756830116569,1.176470588225117,0.0004264679475669553,0
2026-06-09 12:26:00,44576.0,44595.0,44567.0,44590.0,97,12:26:00,2026-06-09,1,0.0004262861501873605,97,44123.00626171947,0.01058390571826644,-2.1401646786544006,-0.963906037733405,-1.1762586409209956,26.428571428571427,45.454545450688705,90.4761904697279,14.0,5.0,9.0,11.0,1,44022.0,44018.0,9.087191603434753e-05,0.012902639589295968,0.00020861045250529273,44615.0,44508.0,-0.000560349658186696,0.0018423654174530009,0,0.010475244630086984,44614.62933832655,44546.77066167344,0.0015221536820441686,1,4686.056338028169,-4568.0248318864815,44580.7,0.29161451253171516,0.8405545927136866,0.0004262861501873605,0
2026-06-09 12:27:00,44586.0,44604.0,44580.0,44594.0,165,12:27:00,2026-06-09,1,8.970621215520502e-05,165,44124.13290590214,0.010648755299053179,-0.5780834032702842,-0.8867415108407809,0.3086581075704967,27.285714285714285,49.37499999567969,99.99999999285714,8.0,10.0,6.0,10.6,0,44022.0,44018.0,9.087191603434753e-05,0.012993503248375518,0.000254583341277342,44615.0,44508.0,-0.00047069371287682463,0.0019322369012311962,0,0.010539236543764272,44614.79621201089,44550.50378798911,0.0014420951653116645,1,7477.65243902439,-7134.835375221232,44582.65,0.8075542210968032,1.3636363636250939,8.970621215520502e-05,0
2026-06-09 12:28:00,44597.0,44603.0,44590.0,44591.0,58,12:28:00,2026-06-09,1,-6.727362425440475e-05,58,44124.52934055771,0.010571685781439388,0.4130410535435658,-0.6267849979639116,1.0398260515074775,26.857142857142858,52.666666661751115,88.46153845133136,6.0,6.0,1.0,10.6,0,44022.0,44018.0,9.087191603434753e-05,0.012925355504065856,0.00017607549040384919,44615.0,44508.0,-0.0005379356718592281,0.0018648332883975498,0,0.010462936321060292,44615.49859468709,44550.801405312915,0.0014511578785745413,1,2719.5352260778127,-5841.055390516828,44583.15,0.8411957092289263,0.5017301038018882,-6.727362425440475e-05,1
2026-06-09 12:29:00,44592.0,44619.0,44584.0,44615.0,195,12:29:00,2026-06-09,1,0.000538225202395104,195,44125.88930895958,0.011084438154113228,3.099385957844788,0.11844919319782843,2.98093676464696,27.5,66.45161289722373,90.3225806364204,23.0,4.0,8.0,14.6,1,44022.0,44018.0,9.087191603434753e-05,0.01347053745854315,0.000679605335462664,44619.0,44508.0,-8.964790784194874e-05,0.002404062191066721,0,0.010970370800754714,44620.0514683581,44549.348531641896,0.001585811650996901,1,13363.940092165898,18518.522032514164,44584.7,0.8972492580870198,1.6155758077745188,0.000538225202395104,0
2026-06-09 12:30:00,44614.0,44650.0,44611.0,44648.0,182,12:30:00,2026-06-09,1,0.0007396615488064473,182,44127.23145713543,0.011801523133632945,7.801230131211923,1.6550053808006475,6.146224750411276,28.285714285714285,72.04301074726558,94.99999999525,34.0,2.0,3.0,17.0,1,44022.0,44018.0,9.087191603434753e-05,0.01422016264594943,0.0013557596234822441,44650.0,44508.0,-4.479283314669553e-05,0.003145501932236831,0,0.011679685088428478,44632.83494578863,44542.26505421138,0.0020312820860812,0,11658.444763271162,5591.049274272287,44587.55,1.0990822663079596,1.4421553090218528,0.0007396615488064473,0
2026-06-09 12:31:00,44650.0,44654.0,44627.0,44651.0,166,12:31:00,2026-06-09,1,6.719225945173157e-05,166,44128.467816787736,0.011841158532439834,11.635424510561279,3.651089206752774,7.984335303808505,27.785714285714285,66.87898088575602,99.999999995,1.0,3.0,23.0,14.4,0,44022.0,44018.0,9.087191603434753e-05,0.014288310390259093,0.0013534227466968343,44654.0,44508.0,-6.718323106552454e-05,0.0032129055450704773,0,0.011718424898768079,44644.10445675211,44537.19554324789,0.0023975634691177075,0,9676.32637075718,25580.809095503573,44590.65,1.6822499083173799,1.2681436210751098,6.719225945173157e-05,0
2026-06-09 12:32:00,44654.0,44671.0,44639.0,44639.0,170,12:32:00,2026-06-09,1,-0.00026875097982126395,170,44129.7417018911,0.011540024447663265,13.549560568331799,5.63078347906858,7.918777089263219,29.214285714285715,62.13017750964602,74.99999999531249,15.0,17.0,0.0,15.8,0,44022.0,44018.0,9.087191603434753e-05,0.014015719413020445,0.0010461435649836892,44671.0,44508.0,-0.0007163484139598238,0.0029432910937358917,0,0.011420306355437391,44649.74347110616,44534.95652889384,0.0025741397843422912,0,9842.581063553826,-2634.9706780535,44592.35,1.7158352529009853,1.2681835136048625,-0.00026875097982126395,0
2026-06-09 12:33:00,44644.0,44666.0,44644.0,44655.0,80,12:33:00,2026-06-09,1,0.00035843096843568567,80,44130.34515227236,0.011888754686084978,16.17118214558286,7.738863212371436,8.432318933211425,29.714285714285715,65.4054054004558,61.29032257471384,11.0,11.0,0.0,16.8,0,44022.0,44018.0,9.087191603434753e-05,0.01437917404933864,0.0013387060968307366,44671.0,44508.0,-0.0003581742069799119,0.0033027770288486724,0,0.011764801396730723,44659.18179873665,44531.418201263354,0.002864956564330671,0,4504.918032786885,-6135.91853436643,44595.3,1.738153363438897,0.5906238464334396,0.00035843096843568567,-1
2026-06-09 12:34:00,44655.0,44702.0,44655.0,44696.0,278,12:34:00,2026-06-09,1,0.0009181502631283589,278,44132.54804611512,0.012767265404574122,21.31152745943109,10.453396061783367,10.858131397647723,32.07142857142857,71.30044842601701,82.60869564858223,41.0,6.0,0.0,20.4,1,44022.0,44018.0,9.087191603434753e-05,0.01531052655490402,0.0021311205254596773,44702.0,44508.0,-0.0001342221824526837,0.004223959737575173,0,0.012633182788368207,44678.72829489779,44523.171705102206,0.003487741624238467,0,14184.34703196347,4658.814190920612,44600.95,2.309901290964728,1.9002050580868066,0.0009181502631283589,0
2026-06-09 12:35:00,44696.0,44709.0,44690.0,44705.0,216,12:35:00,2026-06-09,1,0.00020136030069806132,216,44134.29995151723,0.012930986763349375,25.813945839683583,13.525506017363412,12.288439822320171,30.642857142857142,82.35294117081891,99.99999999545454,9.0,4.0,6.0,15.4,0,44022.0,44018.0,9.087191603434753e-05,0.015514969787833005,0.002174497847919607,44709.0,44508.0,-8.946744503343647e-05,0.004426170576076112,0,0.012793670383849542,44696.498587555536,44519.501412444464,0.003967834807905927,0,10611.296703296703,781.0102195544629,44608.0,3.5095705877805177,1.4117647058731257,0.00020136030069806132,0
2026-06-09 12:36:00,44709.0,44713.0,44696.0,44706.0,181,12:36:00,2026-06-09,1,2.2368862543364898e-05,181,44135.76913339686,0.012919925896830938,29.127077666496916,16.645820347190114,12.481257319306803,29.357142857142858,86.66666666044445,99.99999999411764,3.0,4.0,10.0,15.8,0,44022.0,44018.0,9.087191603434753e-05,0.015537685702602892,0.0020396727557995733,44713.0,44508.0,-0.00015655402232012713,0.0044486384470206605,0,0.012781146847542885,44711.313085952286,44518.686914047714,0.004317520383381556,0,8747.876756756757,9418.503717691492,44615.0,4.417505880663901,1.1639871382561802,2.2368862543364898e-05,0
2026-06-09 12:37:00,44706.0,44716.0,44696.0,44699.0,109,12:37:00,2026-06-09,1,-0.0001565785353196958,109,44136.64818180957,0.012741153697805796,30.832499152849778,19.48315610832205,11.349343044527728,29.785714285714285,86.66666666044445,58.82352940138408,7.0,10.0,3.0,14.2,0,44022.0,44018.0,9.087191603434753e-05,0.015378674299213682,0.0017693839428686278,44716.0,44508.0,-0.00038017711781017133,0.0042913633504088194,0,0.012603119409109057,44722.97455079932,44517.125449200685,0.004613376757727342,0,5639.1099537037035,-6024.413431935677,44620.05,4.282419993297412,0.702545923295504,-0.0001565785353196958,1
2026-06-09 12:38:00,44699.0,44706.0,44686.0,44690.0,100,12:38:00,2026-06-09,1,-0.00020134678628158653,100,44137.43854996833,0.012519110038660306,31.099339358363068,21.806392758330254,9.292946600032813,27.428571428571427,84.499999994085,5.882352940138404,9.0,7.0,4.0,13.8,0,44022.0,44018.0,9.087191603434753e-05,0.015174231066284696,0.0014644372560904586,44716.0,44508.0,-0.0005814473566508503,0.00408915251190788,0,0.012382426529545014,44731.57107270706,44517.72892729294,0.004792018434074351,0,5055.429864253394,-5235.803874296738,44624.65,3.732514347202622,0.6455777921197833,-0.00020134678628158653,1
2026-06-09 12:39:00,44690.0,44695.0,44672.0,44684.0,144,12:39:00,2026-06-09,1,-0.00013425822331614157,144,44138.55169209287,0.012357639455687667,30.47536129306536,23.540186465277277,6.935174827788085,26.5,80.21390373731019,0.0,6.0,5.0,12.0,6.8,0,44022.0,44018.0,9.087191603434753e-05,0.015037935577665373,0.0012335042612475016,44716.0,44508.0,-0.0007156275158779695,0.003954345286240587,0,0.012221849447659347,44738.24915490304,44519.650845096956,0.004898128004492096,0,8579.328,-192.67390412944815,44628.95,3.126751092681181,0.9224855861568068,-0.00013425822331614157,0
2026-06-09 12:40:00,44684.0,44700.0,44683.0,44694.0,99,12:40:00,2026-06-09,1,0.00022379375167846938,99,44139.32647456461,0.012566424767605167,30.43691282261716,24.919531736745256,5.517381085871904,25.714285714285715,79.21348313983714,39.9999999952,10.0,6.0,1.0,7.0,1,44022.0,44018.0,9.087191603434753e-05,0.015265094725364244,0.0013532406079724715,44716.0,44508.0,-0.0004919939171661041,0.004179023995686075,0,0.012427263887192144,44745.76791923109,44521.43208076891,0.005026165007128653,0,6990.056872037915,2395.6740149159973,44633.6,3.036751415562204,0.6251973476436679,0.00022379375167846938,-1
2026-06-09 12:41:00,44694.0,44713.0,44693.0,44703.0,144,12:41:00,2026-06-09,1,0.000201369311316979,144,44140.47123145993,0.012744058974593119,30.777878689674253,26.091201127331058,4.6866775623431955,25.428571428571427,79.78142075892383,75.99999999088,9.0,10.0,1.0,8.2,1,44022.0,44018.0,9.087191603434753e-05,0.01546953795829323,0.0014090470227441259,44716.0,44508.0,-0.00029072367832542513,0.004381234834187014,0,0.012601422679161929,44752.54816349352,44527.65183650648,0.005037988870702321,0,10800.724832214764,11364.602263767847,44640.1,3.4622120285530733,0.897196261676653,0.000201369311316979,0
2026-06-09 12:42:00,44703.0,44713.0,44702.0,44710.0,63,12:42:00,2026-06-09,1,0.00015658904324089562,63,44140.9753363018,0.012891075907654792,31.252676691612578,27.123496240187364,4.1291804514252135,25.285714285714285,81.8181818120564,99.99999998846154,7.0,3.0,1.0,8.2,0,44022.0,44018.0,9.087191603434753e-05,0.01562854936168244,0.001400975867602775,44716.0,44508.0,-0.0001341801592271193,0.004538509930798856,0,0.012744841277568702,44757.87782829772,44537.02217170227,0.00494665779558395,0,5121.327272727272,-4030.6195628290784,44647.45,4.1452913411585985,0.39760176711645573,0.00015658904324089562,-1
2026-06-09 12:43:00,44710.0,44710.0,44654.0,44656.0,139,12:43:00,2026-06-09,1,-0.0012077834936256027,139,44142.01598998692,0.011643872589092028,26.960821260741795,27.090961244298253,-0.1301399835564574,26.785714285714285,59.44700460445964,22.857142856163264,54.0,0.0,2.0,17.2,1,44022.0,44018.0,9.087191603434753e-05,0.014401889964108528,7.950291641338452e-05,44716.0,44508.0,-0.001341801592271193,0.003325244899793221,0,0.011510768390381062,44754.15437034253,44550.74562965747,0.004555376931950093,0,10538.51273344652,5076.4334630857875,44652.45,4.223275738456801,0.8641591544863901,-0.0012077834936256027,0
2026-06-09 12:44:00,44653.0,44656.0,44628.0,44631.0,178,12:44:00,2026-06-09,1,-0.0005598351845216287,178,44143.25530382736,0.011049132938103416,21.29670864385116,25.932110724208833,-4.635402080357672,26.0,45.933014350990135,8.139534883436994,22.0,3.0,3.0,20.4,1,44022.0,44018.0,9.087191603434753e-05,0.013833992094861346,-0.0005687874526383875,44716.0,44549.0,-0.0019008855890508566,0.0018406698242384378,0,0.010922167845429263,44747.23333493961,44565.566665060396,0.004068099306688548,0,12751.714285714286,1806.3504846271117,44656.4,3.6514255120402757,1.2275862068880856,-0.0005598351845216287,0
2026-06-09 12:45:00,44628.0,44631.0,44593.0,44598.0,231,12:45:00,2026-06-09,1,-0.0007393963836794804,231,44144.754297406645,0.010267260738156854,13.983837406747625,23.542456060716596,-9.55861865396897,26.785714285714285,38.91213388893402,0.0,30.0,3.0,5.0,24.4,1,44022.0,44018.0,9.087191603434753e-05,0.013084366907455068,-0.0013379536586594412,44716.0,44567.0,-0.002638876464800013,0.0006955819328202326,0,0.010149317925630924,44743.92210440948,44571.57789559052,0.003859222840804975,0,13645.215894039735,16643.905314750988,44657.75,2.306962659682224,1.5425709515756758,-0.0007393963836794804,0
2026-06-09 12:46:00,44602.0,44624.0,44601.0,44611.0,159,12:46:00,2026-06-09,1,0.0002914928920578763,159,44145.79081037089,0.01053801916534725,9.13205695139186,20.66037623885165,-11.52831928745979,26.357142857142858,44.16666666409028,18.30985915415593,9.0,13.0,1.0,24.4,0,44022.0,44018.0,9.087191603434753e-05,0.013379673799463601,-0.0010703377609788405,44716.0,44580.0,-0.0023481527864745878,0.0006953790937640041,0,0.010416965740886434,44741.95514985124,44575.64485014877,0.0037240207910303274,0,9211.881818181819,-1258.8407385553721,44658.8,1.4220944203522585,1.0402355250177284,0.0002914928920578763,0
2026-06-09 12:47:00,44611.0,44637.0,44607.0,44635.0,130,12:47:00,2026-06-09,1,0.0005379839053147872,130,44146.660812849615,0.011061746871877437,7.141265347323497,17.95655406054602,-10.815288713222522,26.571428571428573,45.96774193288891,52.85714285487755,24.0,2.0,4.0,27.8,0,44022.0,44018.0,9.087191603434753e-05,0.013924855753940896,-0.0005788067177404364,44716.0,44584.0,-0.0018114321495661103,0.0011439081284765579,0,0.01093439079530223,44739.159171335195,44582.5408286648,0.003506837480038787,1,6932.556750298686,-4563.4315551868885,44660.85,0.9964977024563308,0.8603573792133663,0.0005379839053147872,0
2026-06-09 12:48:00,44638.0,44646.0,44633.0,44637.0,105,12:48:00,2026-06-09,1,4.4807886187880897e-05,105,44147.379219394614,0.011090596752576365,5.659690553846303,15.497181359206076,-9.837490805359772,24.142857142857142,35.88516746171105,99.99999999230769,1.0,8.0,4.0,17.2,0,44022.0,44018.0,9.087191603434753e-05,0.01397028758348067,-0.000585493857911967,44716.0,44584.0,-0.0017667054298237373,0.0011887672707697563,0,0.010962522361395811,44735.27934288265,44591.020657117355,0.0032299263658136512,1,5836.718555417186,-5722.516520997899,44663.15,1.2091966120105593,0.6842619745800962,4.4807886187880897e-05,-1
2026-06-09 12:49:00,44636.0,44654.0,44615.0,44625.0,146,12:49:00,2026-06-09,1,-0.0002688352711875952,146,44148.35980811221,0.010796328424418527,3.4771497264446225,13.093175032653786,-9.616025306209163,25.571428571428573,31.132075469642217,68.42105262617729,11.0,18.0,10.0,15.0,0,44022.0,44018.0,9.087191603434753e-05,0.013697696606242022,-0.0008653569513463542,44716.0,44593.0,-0.002035065748277976,0.000717601417262783,0,0.010671769814777307,44734.50128977357,44592.79871022643,0.003172660083695323,1,8450.389105058366,-826.6418611889565,44663.65,1.0860121633359034,0.9668874172121399,-0.0002688352711875952,0
2026-06-09 12:50:00,44627.0,44653.0,44627.0,44651.0,66,12:50:00,2026-06-09,1,0.0005826330532212598,66,44148.81307136981,0.011374868171843137,3.8016302778924,11.23486608170151,-7.43323580380911,26.357142857142858,38.39662447030569,69.99999999475,24.0,2.0,0.0,13.8,1,44022.0,44018.0,9.087191603434753e-05,0.014288310390259093,-0.00028658555698356664,44716.0,44593.0,-0.0014536183916271257,0.0013006525687887943,0,0.01124371255088409,44734.52437233038,44593.07562766963,0.0031669661932202265,1,4862.980198019802,-2985.30055623377,44663.8,0.6605337784669045,0.45454545454232415,0.0005826330532212598,-1
2026-06-09 12:51:00,44653.0,44659.0,44645.0,44650.0,87,12:51:00,2026-06-09,1,-2.2395914985096077e-05,87,44149.418525853194,0.011338348065754521,3.93275743041886,9.77444435144498,-5.84168692102612,25.928571428571427,39.39393939155188,66.66666666153847,3.0,6.0,5.0,12.6,0,44022.0,44018.0,9.087191603434753e-05,0.014265594475489205,-0.0003078559234278289,44716.0,44593.0,-0.0014759817514983123,0.0012782275244993323,0,0.011207779779951181,44734.513877191755,44592.986122808245,0.003168738728465652,1,7274.438202247191,2463.232779136877,44663.75,0.13433893489342888,0.6159292035354625,-2.2395914985096077e-05,1
2026-06-09 12:52:00,44650.0,44659.0,44630.0,44647.0,135,12:52:00,2026-06-09,1,-6.718924972004547e-05,135,44150.34394467175,0.0112492001410144,3.7513583911786554,8.569827159391716,-4.8184687682130605,26.571428571428573,40.4444444419279,86.666666658,3.0,9.0,17.0,8.4,0,44022.0,44018.0,9.087191603434753e-05,0.014197446731179543,-0.0003839768583976427,44716.0,44593.0,-0.0015430718311118718,0.0012109523916309464,0,0.011119791943387167,44734.41348905483,44593.88651094517,0.003146303648667992,1,11182.458256029684,3233.069053987009,44664.15,0.11194785916511525,0.9677419354769338,-6.718924972004547e-05,0
2026-06-09 12:53:00,44643.0,44649.0,44636.0,44642.0,58,12:53:00,2026-06-09,1,-0.00011198960736447106,58,44150.73806892995,0.011126924544342998,3.167625714937458,7.489386870500865,-4.321761155563407,25.857142857142858,40.62499999746094,0.0,1.0,6.0,6.0,8.4,0,44022.0,44018.0,9.087191603434753e-05,0.014083867157330107,-0.0004813774110851035,44716.0,44593.0,-0.0016548886304678047,0.0010988271701836366,0,0.010999181234565935,44734.357900792245,44592.642099207755,0.0031729667756554576,1,5262.674796747968,821.9128650594158,44663.5,-0.06716848991866128,0.41907514450564254,-0.00011198960736447106,1
2026-06-09 12:54:00,44636.0,44646.0,44626.0,44646.0,74,12:54:00,2026-06-09,1,8.960172035310521e-05,74,44151.236938204835,0.011206097407591023,2.993275319422537,6.590164560285199,-3.5968892408626623,26.071428571428573,38.9908256855694,33.333333325,10.0,0.0,10.0,8.2,1,44022.0,44018.0,9.087191603434753e-05,0.014174730816409655,-0.0003358635050715314,44716.0,44593.0,-0.0015654351909830584,0.0011885273473414843,0,0.011078190407629798,44730.54589548178,44591.45410451822,0.0031143904293132224,1,7866.2,813.4810981967022,44661.0,-0.6157118468556716,0.5772230889190545,8.960172035310521e-05,-1
2026-06-09 12:55:00,44649.0,44653.0,44635.0,44640.0,130,12:55:00,2026-06-09,1,-0.00013439053890607067,130,44152.11683607415,0.011050051478556006,2.343932128409506,5.740918073910061,-3.396985945500555,25.928571428571427,35.34883720700054,26.666666661333338,9.0,4.0,5.0,5.2,1,44022.0,44018.0,9.087191603434753e-05,0.014038435327790331,-0.00039746740487372524,44716.0,44593.0,-0.0016996153502101777,0.0010539770816047126,0,0.010924938312517733,44724.663534147,44590.836465853,0.0029967266217846306,1,11990.082644628099,722.2243715177175,44657.75,-1.4329165561197192,1.0492332526146146,-0.00013439053890607067,0
2026-06-09 12:56:00,44640.0,44649.0,44638.0,44647.0,50,12:56:00,2026-06-09,1,0.0001568100358422253,50,44152.455796263675,0.011200831184075685,2.366880544257583,5.066110567979565,-2.6992300237219817,25.928571428571427,35.34883720700054,64.70588234152248,7.0,2.0,2.0,6.0,1,44022.0,44018.0,9.087191603434753e-05,0.014197446731179543,-0.0001746732714064946,44716.0,44593.0,-0.0015430718311118718,0.0012109523916309464,0,0.011074827425860455,44717.84751758071,44591.752482419295,0.0028237733717632317,1,4994.07158836689,-510.3929441869736,44654.8,-1.94789929136702,0.4260758414961562,0.0001568100358422253,-1
2026-06-09 12:57:00,44648.0,44651.0,44628.0,44633.0,63,12:57:00,2026-06-09,1,-0.00031357090062045234,63,44152.87586921346,0.010874130423774006,1.2410779578713118,4.301104045957914,-3.0600260880866026,23.571428571428573,43.42857142509715,25.92592592304527,15.0,3.0,5.0,8.4,1,44022.0,44018.0,9.087191603434753e-05,0.013879423924401122,-0.00041431978768909414,44713.0,44593.0,-0.0017891888265157386,0.0008970017715784789,0,0.010752698807129242,44711.64893794774,44591.35106205226,0.002694150832457641,1,7498.344,-467.64130075512924,44651.5,-2.1271355321197465,0.5475880052103643,-0.00031357090062045234,1
2026-06-09 12:58:00,44631.0,44639.0,44624.0,44629.0,63,12:58:00,2026-06-09,1,-8.961978804922222e-05,63,44153.28944427652,0.010774068290514131,0.025807236816035584,3.446044684129539,-3.4202374473135033,22.642857142857142,49.35064934616293,27.99999999664,2.0,8.0,5.0,8.6,0,44022.0,44018.0,9.087191603434753e-05,0.013788560265321572,-0.00043562542484670033,44713.0,44593.0,-0.0018786482678415253,0.000807301594420631,0,0.010654581642217638,44706.52970928795,44590.370290712046,0.0026016450420092894,1,7399.018421052631,-3829.0513582342955,44648.45,-2.082505276240498,0.5565371024685818,-8.961978804922222e-05,1
2026-06-09 12:59:00,44628.0,44635.0,44614.0,44620.0,114,12:59:00,2026-06-09,1,-0.00020166259606979597,114,44154.02401137694,0.010553420646394182,-1.6445707610037061,2.42792159510289,-4.072492356106596,21.428571428571427,58.461538455242604,0.0,8.0,7.0,6.0,8.2,0,44022.0,44018.0,9.087191603434753e-05,0.013584117032392587,-0.0005655696854648465,44713.0,44593.0,-0.002079932010824546,0.0006054761958154732,0,0.010437302705731294,44702.12243342428,44588.37756657572,0.0025477484580903216,1,12111.142857142857,14251.039743511805,44645.25,-2.1386278742717266,1.0205908683883564,-0.00020166259606979597,0
2026-06-09 13:00:00,44620.0,44650.0,44616.0,44632.0,154,13:00:00,2026-06-09,1,0.0002689376961004797,154,44155.03305954825,0.010802096780416659,-1.9772649671431282,1.5468842826536864,-3.5241492497968148,22.0,58.139534877411215,47.99999999424,12.0,18.0,4.0,8.8,1,44022.0,44018.0,9.087191603434753e-05,0.013856708009631234,-0.00022736360143947433,44713.0,44593.0,-0.0018115536868471853,0.0008745767272890168,0,0.010684228704301595,44694.40554616159,44589.89445383841,0.0023410855508343973,1,15480.468468468469,10645.183081048921,44642.15,-2.093994602644602,1.3455657492237172,0.0002689376961004797,0
2026-06-09 13:01:00,44636.0,44659.0,44636.0,44653.0,156,13:01:00,2026-06-09,1,0.00047051442910905905,156,44156.08640002186,0.011253569790503121,-0.5401762116525788,1.1294721837924335,-1.6696483954450123,21.785714285714285,57.14285713650794,78.57142856581632,17.0,6.0,0.0,10.8,1,44022.0,44018.0,9.087191603434753e-05,0.014333742219798867,0.00029906148457701273,44713.0,44593.0,-0.0013418916198868038,0.0013455026573677181,0,0.011131664338276214,44683.80415578474,44595.495844215264,0.001978248296513825,1,12665.214545454546,7117.4253457970335,44639.65,-1.9709530789972856,1.355932203378045,0.00047051442910905905,0
2026-06-09 13:02:00,44656.0,44666.0,44638.0,44643.0,153,13:02:00,2026-06-09,1,-0.00022394911876022494,153,44157.1144372197,0.011003562369798747,-0.2058169164811261,0.8624143637377216,-1.0682312802188476,22.857142857142858,52.23880596469147,76.74418604115738,13.0,10.0,5.0,10.4,1,44022.0,44018.0,9.087191603434753e-05,0.014106583072099993,0.00015010204698859313,44710.0,44593.0,-0.0014985461865354172,0.0011212522144730985,0,0.010885435459038669,44665.67309903196,44606.92690096804,0.001316108146596351,1,10672.4671875,-1187.8942281606073,44636.3,-2.0046925484787494,1.2797992471662083,-0.00022394911876022494,0
2026-06-09 13:03:00,44641.0,44647.0,44626.0,44640.0,116,13:03:00,2026-06-09,1,-6.719978496072532e-05,116,44157.873117840536,0.010918254166654272,-0.18082525311911013,0.6537664403663553,-0.8345916934854655,21.571428571428573,55.999999993728004,61.764705876903115,1.0,6.0,14.0,10.2,0,44022.0,44018.0,9.087191603434753e-05,0.014038435327790331,0.00010081661457808022,44666.0,44593.0,-0.0005820982402722299,0.0010539770816047126,0,0.01080142223475604,44663.45108508209,44607.54891491791,0.0012524150096711064,1,7472.207792207792,-5173.138456741393,44635.5,-1.4896235956380808,0.9797297297214549,-6.719978496072532e-05,0
2026-06-09 13:04:00,44645.0,44683.0,44645.0,44677.0,137,13:04:00,2026-06-09,1,0.0008288530465949684,137,44158.823140248875,0.011734390160384908,2.792382748128148,1.0814897019187137,1.710893046209434,22.642857142857142,59.55882352328071,73.99999999556,32.0,6.0,0.0,15.0,1,44022.0,44018.0,9.087191603434753e-05,0.014878924174276161,0.000878179480171429,44683.0,44593.0,-0.00013427925609291825,0.0018837037203148054,0,0.01160847666666175,44671.226116474005,44604.373883526,0.0014976596729230005,1,8548.532122905028,-3250.3850667314327,44637.8,-0.41442977263454006,1.1774817361308338,0.0008288530465949684,0
2026-06-09 13:05:00,44682.0,44687.0,44665.0,44671.0,86,13:05:00,2026-06-09,1,-0.00013429728943303854,86,44159.42470171058,0.011584736480264675,4.611364712087379,1.787464703952447,2.8239000081349324,23.214285714285715,57.44680850493436,80.4347826034499,11.0,5.0,6.0,14.8,0,44022.0,44018.0,9.087191603434753e-05,0.014742628685656838,0.0006619408643760956,44687.0,44601.0,-0.00035804596415063984,0.0015694715365125991,0,0.01145964788978422,44672.4302993328,44610.46970066719,0.0013879611586453473,1,5928.558641975309,-4444.997077227782,44641.45,1.153769465657812,0.7882676443557446,-0.00013429728943303854,1
2026-06-09 13:06:00,44668.0,44673.0,44663.0,44667.0,83,13:06:00,2026-06-09,1,-8.954355174495277e-05,83,44159.996448950274,0.011481059597362491,5.664853547539678,2.5629424726698935,3.101911074869785,21.857142857142858,57.04225351550288,78.72340425029425,1.0,5.0,4.0,11.6,0,44022.0,44018.0,9.087191603434753e-05,0.014651765026577288,0.0005095841009760382,44687.0,44607.0,-0.0004475574551882998,0.001345080368551991,0,0.011356525219926736,44673.72880593557,44614.77119406443,0.0013206093029032812,1,6447.584347826087,-1371.2459193790207,44644.25,1.9603230612404925,0.7882241215499693,-8.954355174495277e-05,1
2026-06-09 13:07:00,44665.0,44673.0,44651.0,44655.0,89,13:07:00,2026-06-09,1,-0.0002686547115320348,89,44160.59846126078,0.011195535295404027,5.468414845425286,3.144036947220972,2.324377898204314,22.5,54.36241610227468,0.0,10.0,8.0,4.0,11.0,0,44022.0,44018.0,9.087191603434753e-05,0.01437917404933864,0.00021838829438741597,44687.0,44614.0,-0.0007160919283012797,0.0009189940377459785,0,0.011074000901309992,44674.76449241553,44615.73550758447,0.0013221783914540222,1,7777.485322896282,-901.9639733736213,44645.25,1.6689890630804138,0.8619854721466151,-0.0002686547115320348,0
2026-06-09 13:08:00,44655.0,44677.0,44653.0,44668.0,76,13:08:00,2026-06-09,1,0.0002911208151383793,76,44161.11790135144,0.011478017829640032,6.289228798523254,3.7730753174814287,2.5161534810418256,22.785714285714285,56.96202531140843,44.82758620225921,13.0,9.0,2.0,13.4,0,44022.0,44018.0,9.087191603434753e-05,0.014674480941347176,0.00047483806230226165,44687.0,44614.0,-0.00042517958242888483,0.0012103823911776303,0,0.01135315629896314,44677.71312103336,44615.886878966645,0.001384785518037456,1,7207.575371549894,2157.382269138583,44646.8,1.1984377747599644,0.746561886043747,0.0002911208151383793,-1
2026-06-09 13:09:00,44670.0,44670.0,44626.0,44626.0,154,13:09:00,2026-06-09,1,-0.0009402704396883621,154,44162.114534412955,0.010504149778098966,3.5102171800244832,3.72050368999004,-0.21028650996555687,24.642857142857142,46.39175257397173,19.402985073758074,44.0,0.0,0.0,15.8,1,44022.0,44018.0,9.087191603434753e-05,0.01372041252101191,-0.0004669982316781157,44687.0,44614.0,-0.0013650502383243145,0.00026897386470614007,0,0.010390105138146031,44677.61754953932,44616.08245046068,0.0013782629475234604,1,14082.795081967213,11841.971073578072,44646.85,0.5823818296865878,1.506849315053749,-0.0009402704396883621,0
2026-06-09 13:10:00,44624.0,44634.0,44605.0,44610.0,147,13:10:00,2026-06-09,1,-0.00035853538296060083,147,44163.01383220871,0.010121278622186987,0.016573123590205796,2.9797175767100734,-2.9631444531198676,25.928571428571427,40.88669950456939,18.30985915415593,14.0,10.0,5.0,16.4,0,44022.0,44018.0,9.087191603434753e-05,0.013356957884693715,-0.0007794860767659869,44687.0,44605.0,-0.0017230962024749543,0.00011209505660800109,0,0.010012054433915759,44679.60229876586,44609.99770123415,0.0015590751337604515,1,11944.754098360656,5358.11846947017,44644.8,-0.10079459740892696,1.3835294117516843,-0.00035853538296060083,0
2026-06-09 13:11:00,44613.0,44656.0,44610.0,44649.0,145,13:11:00,2026-06-09,1,0.0008742434431741053,145,44163.94029375919,0.010983161896660414,0.39030985289718956,2.461836031947497,-2.0715261790503074,27.571428571428573,53.50877192653893,40.206185565766816,36.0,7.0,3.0,23.4,1,44022.0,44018.0,9.087191603434753e-05,0.014242878560719317,9.519596369113737e-05,44687.0,44605.0,-0.0008503591648577697,0.0009864364981504094,0,0.010864876749019797,44679.5237045151,44609.9762954849,0.0015577959117298189,1,10595.916530278233,4701.083213230028,44644.75,-0.4591594470382895,1.3284470911467847,0.0008742434431741053,0
2026-06-09 13:12:00,44650.0,44670.0,44647.0,44665.0,127,13:12:00,2026-06-09,1,0.0003583506909450307,127,44164.78684630765,0.011326062897870783,1.955028830532683,2.360474591664534,-0.40544576113185116,28.142857142857142,57.499999996645826,77.46478872912121,15.0,5.0,3.0,24.4,0,44022.0,44018.0,9.087191603434753e-05,0.014606333197037514,0.000433412885689829,44687.0,44605.0,-0.0004923132007071298,0.001345140679296013,0,0.01120407371585668,44681.58136731721,44609.718632682794,0.0016096245576985228,1,8740.300462249616,-3793.632292895161,44645.65,-0.2687759606774251,1.1678160919432845,0.0003583506909450307,0
2026-06-09 13:13:00,44668.0,44671.0,44639.0,44640.0,118,13:13:00,2026-06-09,1,-0.0005597223777006333,118,44165.553961172074,0.010742445102013708,1.1643667323151021,2.121253019794648,-0.9568862874795458,28.928571428571427,53.906249997051994,68.74999999742187,28.0,3.0,1.0,27.4,1,44022.0,44018.0,9.087191603434753e-05,0.014038435327790331,-0.00012431250146997374,44687.0,44605.0,-0.0010517600196925045,0.0007846653962560075,0,0.010626950252106093,44681.53523088011,44609.5647691199,0.001612041105109231,1,7623.039073806078,-3618.086223430675,44645.55,0.16799268895817654,1.0559284116236605,-0.0005597223777006333,0
2026-06-09 13:14:00,44638.0,44644.0,44634.0,44638.0,81,13:14:00,2026-06-09,1,-4.4802867383508804e-05,81,44166.066851361116,0.010685423952899011,0.37208882935374277,1.771420181706467,-1.3993313523527242,27.214285714285715,51.21951219220702,37.20930232298539,0.0,6.0,4.0,18.6,0,44022.0,44018.0,9.087191603434753e-05,0.013993003498250558,-0.0001601517746048853,44687.0,44605.0,-0.0010965157652113346,0.0007398273736128071,0,0.010570759615296917,44681.29168026006,44609.00831973994,0.0016190641205173285,1,5850.611650485437,-4478.427954988988,44645.15,0.08959620112139842,0.722569134694714,-4.4802867383508804e-05,1
2026-06-09 13:15:00,44637.0,44654.0,44630.0,44634.0,73,13:15:00,2026-06-09,1,-8.960974954075329e-05,73,44166.52878465769,0.010584286974906812,-0.5719703690192546,1.3027420715613227,-1.8747124405805773,27.0,45.85152838147632,0.0,3.0,17.0,4.0,16.4,0,44022.0,44018.0,9.087191603434753e-05,0.013902139839171008,-0.00024302915117865336,44687.0,44605.0,-0.0011860272562489946,0.0006501513283264063,0,0.010470887803235969,44681.270208378526,44608.42979162147,0.0016315525028542729,1,5989.488970588235,-3147.273372972083,44644.85,-0.17918878994995266,0.6681922196735177,-8.960974954075329e-05,1
2026-06-09 13:16:00,44635.0,44635.0,44622.0,44625.0,105,13:16:00,2026-06-09,1,-0.00020164000537703508,105,44167.17480684327,0.010365734171563595,-2.0230484262210666,0.6375839720048448,-2.6606323982259115,25.928571428571427,46.052631576119566,0.0,10.0,0.0,3.0,11.2,0,44022.0,44018.0,9.087191603434753e-05,0.013697696606242022,-0.0004199916001679873,44687.0,44605.0,-0.0013874281110837295,0.00044838022643200434,0,0.010255079225125984,44681.21085675555,44606.28914324445,0.001678212818392139,1,9296.875,2195.759342157221,44643.75,-0.4031756804436076,0.9374999999916295,-0.00020164000537703508,0
2026-06-09 13:17:00,44622.0,44637.0,44616.0,44625.0,143,13:17:00,2026-06-09,1,0.0,143,44168.049178871435,0.010345732483633099,-3.1368782610516064,-0.11730847460644545,-3.019569786445161,25.928571428571427,46.66666666376297,0.0,3.0,12.0,6.0,8.8,0,44022.0,44018.0,9.087191603434753e-05,0.013697696606242022,-0.0004110354621684559,44687.0,44605.0,-0.0013874281110837295,0.00044838022643200434,0,0.010235585392416889,44681.459399302206,44605.24060069779,0.0017072822403429357,0,12271.875,10975.371009254695,44643.35,-0.4031792927121782,1.232758620679028,0.0,0
2026-06-09 13:18:00,44623.0,44634.0,44612.0,44612.0,91,13:18:00,2026-06-09,1,-0.0002913165266106299,91,44168.59578952038,0.010038902132922483,-5.010826100180566,-1.0960119997212696,-3.9148141004592962,24.428571428571427,33.830845768787896,0.0,11.0,11.0,0.0,5.4,1,44022.0,44018.0,9.087191603434753e-05,0.013402389714233489,-0.0006832054656437099,44687.0,44605.0,-0.0016783404569561244,0.00015693307925120152,0,0.00993233377341339,44682.66020548562,44602.33979451438,0.001799191599288502,0,8234.669371196755,3748.5341598150026,44642.5,-0.5263765025526,0.7751277683068557,-0.0002913165266106299,1
2026-06-09 13:19:00,44614.0,44622.0,44595.0,44597.0,140,13:19:00,2026-06-09,1,-0.00033623240383751085,140,44169.40686860635,0.009680753302067933,-7.618496616880293,-2.4005089231530743,-5.217987693727219,24.785714285714285,32.38095237879365,0.0,17.0,8.0,2.0,8.8,1,44022.0,44018.0,9.087191603434753e-05,0.01306165099268518,-0.0009934735396666444,44687.0,44595.0,-0.002014008548347349,4.4848077138691676e-05,0,0.009578409510322673,44685.3561000486,44597.3438999514,0.0019715398413623743,0,11310.833333333334,2166.2745098039222,44641.35,-0.5375892482153617,1.1794439764011841,-0.00033623240383751085,0
2026-06-09 13:20:00,44599.0,44603.0,44577.0,44579.0,210,13:20:00,2026-06-09,1,-0.00040361459290982893,210,44170.56683889772,0.009246726730764822,-11.010620279623254,-4.12253119444711,-6.888089085176143,25.928571428571427,30.357142855245527,0.0,20.0,4.0,2.0,12.2,1,44022.0,44018.0,9.087191603434753e-05,0.012652764526827209,-0.001337404539110587,44687.0,44577.0,-0.002416810258016819,4.486618659846906e-05,0,0.009149754833860975,44690.72873699276,44586.671263007236,0.0023311044897257227,0,13587.21335268505,1071.8316090125186,44638.7,-1.0415885008632766,1.7283950617141695,-0.00040361459290982893,0
2026-06-09 13:21:00,44578.0,44595.0,44569.0,44579.0,201,13:21:00,2026-06-09,1,0.0,201,44171.65690199654,0.009221820655431198,-13.542789869752596,-6.006582929508207,-7.536206940244389,26.214285714285715,32.07547169599502,0.0,1.0,16.0,9.0,10.4,0,44022.0,44018.0,9.087191603434753e-05,0.012652764526827209,-0.0012546208132631063,44687.0,44569.0,-0.002416810258016819,0.00022437119971279986,0,0.009126091587396702,44692.93644430165,44577.06355569835,0.0025960096024040175,0,11414.495541401275,3861.510434562101,44635.0,-1.6800134401075209,1.624242424229299,0.0,0
2026-06-09 13:22:00,44578.0,44589.0,44558.0,44564.0,225,13:22:00,2026-06-09,1,-0.00033648130285557354,225,44172.83865570574,0.008855245807113804,-16.568930832167098,-8.119052510039985,-8.449878322127113,26.714285714285715,25.700934577757877,0.0,14.0,11.0,6.0,12.6,1,44022.0,44018.0,9.087191603434753e-05,0.0123120258052789,-0.0015023173328882339,44687.0,44558.0,-0.0027524783494080438,0.00013465595403743135,0,0.0087643321027458,44696.91900876098,44565.18099123902,0.0029517122613506902,0,11565.051903114187,224.75671092391013,44631.05,-2.3072778937007135,1.7667844522829463,-0.00033648130285557354,0
2026-06-09 13:23:00,44566.0,44569.0,44538.0,44549.0,240,13:23:00,2026-06-09,1,-0.00033659456063195314,240,44174.03371155412,0.008488386885705593,-19.947600465609867,-10.484762101153962,-9.462838364455905,25.785714285714285,29.411764703680404,0.0,17.0,3.0,11.0,13.8,1,44022.0,44018.0,9.087191603434753e-05,0.01197128708373059,-0.0017366363035415788,44687.0,44538.0,-0.0030881464407992686,0.00024698010687502255,0,0.008402323472507878,44701.67978451257,44551.32021548743,0.0033692888535989886,0,10523.385826771653,-2254.934434593195,44626.5,-2.733054502034578,1.7970797454002465,-0.00033659456063195314,0
2026-06-09 13:24:00,44547.0,44565.0,44545.0,44564.0,143,13:24:00,2026-06-09,1,0.000336707894677879,143,44174.75343758602,0.008811516355466103,-21.170802024957084,-12.621970085914587,-8.548831939042497,25.142857142857142,37.63440859931784,33.333333331111106,17.0,1.0,2.0,13.8,1,44022.0,44018.0,9.087191603434753e-05,0.0123120258052789,-0.0012740680645930609,44687.0,44538.0,-0.0027524783494080438,0.0005837711617045987,0,0.008723423296821369,44697.02783901661,44544.672160983384,0.003414450375401316,0,6253.829244357213,-4521.151441450846,44620.85,-3.1701579477991384,1.068360104586714,0.000336707894677879,0
2026-06-09 13:25:00,44565.0,44595.0,44559.0,44591.0,181,13:25:00,2026-06-09,1,0.0006058702091373824,181,44175.716577307,0.009400717291506712,-19.734041970034014,-14.044384462738472,-5.689657507295541,24.428571428571427,33.33333333065134,73.68421052243767,26.0,4.0,6.0,15.0,1,44022.0,44018.0,9.087191603434753e-05,0.012925355504065856,-0.0005793775221692694,44677.0,44538.0,-0.0019249278152068867,0.001189995060397836,0,0.00930777100339871,44690.29249450652,44543.40750549348,0.00329214162391638,0,8152.49595959596,-2950.7484895932967,44616.85,-3.1816414805397506,1.305916305906884,0.0006058702091373824,0
2026-06-09 13:26:00,44595.0,44595.0,44547.0,44580.0,250,13:26:00,2026-06-09,1,-0.000246686551097719,250,44177.014424748,0.00912206450570457,-19.260978770646034,-15.087703324319985,-4.173275446326048,26.214285714285715,24.852071003858413,79.24528301438234,15.0,0.0,33.0,17.8,0,44022.0,44018.0,9.087191603434753e-05,0.012675480441597097,-0.000728495376856246,44677.0,44538.0,-0.002171139512500791,0.0009430149535228134,0,0.009033019338795014,44683.707628208795,44541.292371791205,0.00319227248904648,0,10726.660250240617,193.16446894100403,44612.5,-3.1371494515590514,1.7012589315978142,-0.000246686551097719,0
2026-06-09 13:27:00,44580.0,44621.0,44575.0,44601.0,204,13:27:00,2026-06-09,1,0.0004710632570659179,204,44178.13351706446,0.009571850353799856,-16.99563320109155,-15.469289299674298,-1.5263439014172526,27.214285714285715,38.18181817857852,81.35593219925309,21.0,20.0,5.0,19.2,1,44022.0,44018.0,9.087191603434753e-05,0.01315251465176473,-0.0001972660715807449,44677.0,44538.0,-0.0017010989994851557,0.00141452243028422,0,0.009479228396799152,44678.26466625672,44541.335333743285,0.0030694899442147657,0,8937.724950884087,4291.60375452933,44609.8,-2.476420776384949,1.3359528487142376,0.0004710632570659179,0
2026-06-09 13:28:00,44601.0,44601.0,44572.0,44580.0,200,13:28:00,2026-06-09,1,-0.00047084146095377477,200,44179.18688518922,0.009072442094789652,-16.70232105170726,-15.71589565008089,-0.9864254016263683,28.571428571428573,34.23913043217746,39.62264150719117,21.0,0.0,8.0,20.0,1,44022.0,44018.0,9.087191603434753e-05,0.012675480441597097,-0.0005694377810758537,44671.0,44538.0,-0.0020371158021982487,0.0009430149535228134,0,0.0089857531781078,44669.27290010436,44541.52709989564,0.0028639088587641744,0,9116.564417177915,1182.5439256393506,44605.4,-2.566295020826681,1.2586532410241746,-0.00047084146095377477,0
2026-06-09 13:29:00,44581.0,44588.0,44556.0,44567.0,205,13:29:00,2026-06-09,1,-0.000291610587707547,205,44180.223818576036,0.008754509325535174,-17.319215281662764,-16.036559576397266,-1.2826557052654977,29.142857142857142,32.64248704426427,38.181818179735544,14.0,7.0,11.0,19.4,0,44022.0,44018.0,9.087191603434753e-05,0.012380173549588562,-0.0007947993888227284,44671.0,44538.0,-0.002328132345369427,0.000651129372670514,0,0.008671635334470533,44667.75084225579,44537.14915774421,0.002928128040311195,0,8784.841346153846,-1810.2735229664916,44602.45,-2.2527318576638633,1.2697429544672052,-0.000291610587707547,0
2026-06-09 13:30:00,44565.0,44568.0,44538.0,44544.0,292,13:30:00,2026-06-09,1,-0.0005160769178989,292,44181.614867969576,0.0082021703623408,-19.439924831836834,-16.71723262748518,-2.7226922043516524,30.357142857142858,30.434782606637256,0.0,21.0,3.0,6.0,18.4,1,44022.0,44018.0,9.087191603434753e-05,0.011857707509881155,-0.0012365706521312676,44671.0,44538.0,-0.0028430077679030504,0.0001347164219318305,0,0.008125382031505438,44669.33254393362,44528.967456066384,0.0031472592609328004,0,11300.476107732407,2643.5711210990057,44599.15,-2.3873677981074684,1.7308832246488983,-0.0005160769178989,0
2026-06-09 13:31:00,44544.0,44589.0,44519.0,44575.0,512,13:31:00,2026-06-09,1,0.0006959410919540332,512,44184.10095179587,0.008847052215243425,-18.406977330334485,-17.05518156805504,-1.351795762279444,33.857142857142854,39.49579831700445,46.26865671434618,31.0,14.0,25.0,21.6,1,44022.0,44018.0,9.087191603434753e-05,0.01256190086774766,-0.0004585669614276038,44671.0,44519.0,-0.0021490452418794713,0.0012578898897099833,0,0.008765446883126526,44662.289871486675,44528.61012851332,0.0029976094640451673,0,16151.7338995046,7716.908651542729,44595.45,-2.230671622719304,2.737236033131584,0.0006959410919540332,0
2026-06-09 13:32:00,44572.0,44660.0,44563.0,44660.0,322,13:32:00,2026-06-09,1,0.0019068984856982496,322,44185.92146240945,0.010729176214959146,-10.607295073248679,-15.76560426909377,5.15830919584509,39.214285714285715,57.74193548126327,83.4532374082708,88.0,0.0,9.0,35.0,1,44022.0,44018.0,9.087191603434753e-05,0.014492753623188078,0.0014530711825488274,44671.0,44519.0,-0.0002462447672986894,0.003167187043734065,0,0.010630707735149444,44660.973454886625,44529.42654511337,0.0029497997491490947,0,9392.893533638146,692.1606930903943,44595.2,-1.6254712465346637,1.636178861780304,0.0019068984856982496,0
2026-06-09 13:33:00,44657.0,44667.0,44638.0,44644.0,341,13:33:00,2026-06-09,1,-0.0003582624272279178,341,44187.92838045924,0.010321181287657558,-5.651905326834822,-13.74286448064198,8.090959153807159,39.357142857142854,57.556270093872065,87.87878787679064,13.0,10.0,6.0,33.4,0,44022.0,44018.0,9.087191603434753e-05,0.014129298986869881,0.0010897984993967417,44667.0,44519.0,-0.0005149215304363285,0.0028077899323883555,0,0.010226875855822536,44661.768667300945,44529.03133269906,0.0029764804128202395,0,9105.026315789473,-1942.794065500202,44595.4,-0.8408231995452828,1.6398172637574426,-0.0003582624272279178,0
2026-06-09 13:34:00,44644.0,44668.0,44641.0,44661.0,185,13:34:00,2026-06-09,1,0.0003807902517696249,185,44189.02632278649,0.010680789247671634,-0.3489429291948909,-11.064080170352563,10.715137241157672,39.42857142857143,63.225806448757545,86.44067796390405,17.0,7.0,3.0,34.0,0,44022.0,44018.0,9.087191603434753e-05,0.014515469537957964,0.0014451790553304156,44668.0,44519.0,-0.00015671173994805777,0.003189649363193172,0,0.010583188098933593,44666.71514353813,44526.384856461875,0.0031466624004828445,0,5001.383171912833,-6903.500761570722,44596.55,0.24666193524357774,0.8679333802445792,0.0003807902517696249,0
2026-06-09 13:35:00,44665.0,44685.0,44661.0,44681.0,229,13:35:00,2026-06-09,1,0.0004478180067619686,229,44190.433223919536,0.011101198614520889,5.405217843079299,-7.7702205676661915,13.17543841074549,39.285714285714285,65.4545454517686,69.81132075076539,16.0,4.0,4.0,33.0,0,44022.0,44018.0,9.087191603434753e-05,0.01496978783335571,0.0018408525770814237,44685.0,44519.0,-8.951549737048026e-05,0.003638895752375309,0,0.010999526357835137,44677.04130250517,44520.758697494835,0.003504180708724401,0,6439.237885462555,-3144.5641724755637,44598.9,0.8296857060859388,1.0364335822537387,0.0004478180067619686,0
2026-06-09 13:36:00,44680.0,44684.0,44655.0,44669.0,232,13:36:00,2026-06-09,1,-0.00026857053333628755,232,44191.83178922988,0.010797656296438049,8.894600580970291,-4.437256337938895,13.331856918909185,39.142857142857146,66.05504586873158,75.51020407700958,11.0,4.0,14.0,29.0,0,44022.0,44018.0,9.087191603434753e-05,0.014697196856117064,0.0015223839770767973,44685.0,44519.0,-0.00035806198948192105,0.0033693479188660266,0,0.010698574940306613,44684.627241061295,44517.5727589387,0.0037455238126994275,0,7916.88922841864,-1304.9243858970797,44601.1,1.2781587338597902,1.0206775186932657,-0.00026857053333628755,0
2026-06-09 13:37:00,44669.0,44670.0,44632.0,44635.0,191,13:37:00,2026-06-09,1,-0.0007611542680606709,191,44192.92031360533,0.010003405144026145,8.81483377355471,-1.786838315640174,10.601672089194885,39.642857142857146,62.42774566221391,30.303030301652896,34.0,1.0,3.0,18.2,1,44022.0,44018.0,9.087191603434753e-05,0.013924855753940896,0.0007488520591189713,44685.0,44519.0,-0.0011189437171310033,0.002605629057256394,0,0.009911745013512009,44685.84625557412,44517.353744425876,0.0037777234706432195,0,7237.084040747029,4470.165136295942,44601.6,1.1323745895132324,0.8315193730917219,-0.0007611542680606709,0
2026-06-09 13:38:00,44637.0,44659.0,44630.0,44659.0,209,13:38:00,2026-06-09,1,0.000537694634255681,209,44194.11505222815,0.010519159558290511,10.566414380016795,0.6838122234912198,9.882602156525575,40.285714285714285,63.38028168764134,34.285714284244904,22.0,0.0,7.0,20.0,1,44022.0,44018.0,9.087191603434753e-05,0.01447003770841819,0.0012341956261721593,44685.0,44519.0,-0.0005818507329081217,0.0031447247242749584,0,0.010422506252738523,44691.95592084956,44515.94407915043,0.003946104362934849,0,8923.260994263863,3857.635255888471,44603.95,1.1323149225643758,0.8870967741897832,0.000537694634255681,0
2026-06-09 13:39:00,44658.0,44664.0,44630.0,44638.0,192,13:39:00,2026-06-09,1,-0.0004702299648446928,192,44195.1943174151,0.010019317471592168,10.143106714080204,2.575671121609017,7.567435592471187,40.142857142857146,56.73352435302501,30.379746834289378,20.0,6.0,8.0,20.6,0,44022.0,44018.0,9.087191603434753e-05,0.013993003498250558,0.0007173922790655805,44685.0,44519.0,-0.0010518070941031431,0.0026730160156337147,0,0.009927043056649064,44695.2259107951,44516.7740892049,0.004000623718562576,0,8139.122507122507,280.7078289110491,44606.0,1.0986276123237892,0.806045340046994,-0.0004702299648446928,0
2026-06-09 13:40:00,44637.0,44656.0,44630.0,44650.0,194,13:40:00,2026-06-09,1,0.00026882924862214885,194,44196.28280234664,0.010265958331438148,10.653129406418884,4.191162778570991,6.461966627847893,38.57142857142857,59.9999999976,63.157894733518,13.0,6.0,7.0,20.0,0,44022.0,44018.0,9.087191603434753e-05,0.014265594475489205,0.0009067565128990583,44685.0,44519.0,-0.0007832606019917024,0.002942563849142997,0,0.010170853497812623,44699.89547726635,44519.20452273366,0.004050499378108242,0,8508.939096267191,1757.4136881086695,44609.55,1.7824472664667559,0.8171861836528341,0.00026882924862214885,0
2026-06-09 13:41:00,44648.0,44696.0,44648.0,44693.0,553,13:41:00,2026-06-09,1,0.0009630459126539481,553,44199.58732457714,0.01116328692843889,14.361516080971342,6.2252334390510615,8.13628264192028,38.714285714285715,62.36559139550237,72.36842104977492,45.0,3.0,0.0,26.8,1,44022.0,44018.0,9.087191603434753e-05,0.015242378810594358,0.0017426776718722468,44696.0,44519.0,-6.712010023268151e-05,0.003908443585884591,0,0.011059282990072798,44711.661126238076,44518.838873761924,0.004321891112929929,0,18457.975354742346,10685.235326645361,44615.25,2.5334079156673144,2.1686274509718877,0.0009630459126539481,0
2026-06-09 13:42:00,44694.0,44714.0,44666.0,44714.0,501,13:42:00,2026-06-09,1,0.00046987223950067936,501,44202.65940388606,0.011568095743781821,18.778496910541435,8.735886133349137,10.042610777192298,40.07142857142857,68.0107526856125,99.99999999605264,20.0,0.0,28.0,24.0,0,44022.0,44018.0,9.087191603434753e-05,0.01571941302076199,0.002044921032432962,44714.0,44519.0,0.0,0.004380152294525834,0,0.011459190572385878,44725.50340946773,44519.99659053227,0.004605427028487928,0,13585.029714978775,6691.024988370159,44622.75,3.755100210733982,1.8638392857073518,0.00046987223950067936,0
2026-06-09 13:43:00,44714.0,44731.0,44700.0,44731.0,914,13:43:00,2026-06-09,1,0.0003801941226462269,914,44208.41952163122,0.011820836031314515,23.38121981790755,11.66495287026082,11.71626694764673,40.0,71.80851063562415,99.9999999962963,17.0,0.0,14.0,23.0,0,44022.0,44018.0,9.087191603434753e-05,0.016105583571850074,0.0022215077349471116,44731.0,44519.0,0.0,0.004762011725330651,0,0.011708689609970603,44739.23474849759,44524.465251502406,0.00481202318512855,0,17367.94137638063,10411.406380849308,44631.85,4.998929601396032,3.021487603295797,0.0003801941226462269,0
2026-06-09 13:44:00,44731.0,44750.0,44721.0,44731.0,1207,13:44:00,2026-06-09,1,0.0,1207,44216.02567053943,0.011646780135729872,26.720889106385584,14.676140117485774,12.04474898889981,39.92857142857143,76.4872521216124,99.99999999210526,0.0,19.0,10.0,19.0,0,44022.0,44018.0,9.087191603434753e-05,0.016105583571850074,0.0020340410661242756,44750.0,44519.0,-0.00042458100558658273,0.004762011725330651,0,0.011536111609279549,44751.27816119344,44529.12183880655,0.004976597828568915,0,16025.620955773227,-1317.7796330431127,44640.2,5.592258252502696,3.3933089682221165,0.0,0
2026-06-09 13:45:00,44726.0,44731.0,44647.0,44665.0,1537,13:45:00,2026-06-09,1,-0.0014754867988643339,1537,44224.43943960443,0.009961925260742226,23.767970297005377,16.494506153389693,7.2734641436156835,40.92857142857143,61.59793814210729,20.481927710103065,61.0,5.0,18.0,28.6,1,44022.0,44018.0,9.087191603434753e-05,0.014606333197037514,0.0004726289593874655,44750.0,44519.0,-0.0018994413407820807,0.0032794986410295992,0,0.009868326028764517,44752.98982295828,44534.81017704172,0.0048871099056435165,0,14569.20734295416,724.4574716610567,44643.9,4.739734776543681,3.629279811089423,-0.0014754867988643339,0
